[
  {
    "name": "Process Start",
    "start": 1613111455632,
    "end": 1613111456883,
    "duration": 1251,
    "pid": 23740,
    "index": 0
  },
  {
    "name": "Application Start",
    "start": 1613111456884,
    "end": 1613111457574,
    "duration": 690,
    "pid": 23740,
    "index": 1
  },
  {
    "name": "Load Plugin",
    "start": 1613111456891,
    "end": 1613111456914,
    "duration": 23,
    "pid": 23740,
    "index": 2
  },
  {
    "name": "Load Config",
    "start": 1613111456915,
    "end": 1613111456943,
    "duration": 28,
    "pid": 23740,
    "index": 3
  },
  {
    "name": "Require(0) config/config.default.js",
    "start": 1613111456916,
    "end": 1613111456916,
    "duration": 0,
    "pid": 23740,
    "index": 4
  },
  {
    "name": "Require(1) node_modules/egg-session/config/config.default.js",
    "start": 1613111456918,
    "end": 1613111456918,
    "duration": 0,
    "pid": 23740,
    "index": 5
  },
  {
    "name": "Require(2) node_modules/egg-security/config/config.default.js",
    "start": 1613111456919,
    "end": 1613111456919,
    "duration": 0,
    "pid": 23740,
    "index": 6
  },
  {
    "name": "Require(3) node_modules/egg-jsonp/config/config.default.js",
    "start": 1613111456920,
    "end": 1613111456921,
    "duration": 1,
    "pid": 23740,
    "index": 7
  },
  {
    "name": "Require(4) node_modules/egg-onerror/config/config.default.js",
    "start": 1613111456922,
    "end": 1613111456922,
    "duration": 0,
    "pid": 23740,
    "index": 8
  },
  {
    "name": "Require(5) node_modules/egg-i18n/config/config.default.js",
    "start": 1613111456923,
    "end": 1613111456923,
    "duration": 0,
    "pid": 23740,
    "index": 9
  },
  {
    "name": "Require(6) node_modules/egg-watcher/config/config.default.js",
    "start": 1613111456924,
    "end": 1613111456925,
    "duration": 1,
    "pid": 23740,
    "index": 10
  },
  {
    "name": "Require(7) node_modules/egg-schedule/config/config.default.js",
    "start": 1613111456925,
    "end": 1613111456926,
    "duration": 1,
    "pid": 23740,
    "index": 11
  },
  {
    "name": "Require(8) node_modules/egg-multipart/config/config.default.js",
    "start": 1613111456927,
    "end": 1613111456927,
    "duration": 0,
    "pid": 23740,
    "index": 12
  },
  {
    "name": "Require(9) node_modules/egg-development/config/config.default.js",
    "start": 1613111456928,
    "end": 1613111456928,
    "duration": 0,
    "pid": 23740,
    "index": 13
  },
  {
    "name": "Require(10) node_modules/egg-logrotator/config/config.default.js",
    "start": 1613111456929,
    "end": 1613111456929,
    "duration": 0,
    "pid": 23740,
    "index": 14
  },
  {
    "name": "Require(11) node_modules/egg-static/config/config.default.js",
    "start": 1613111456930,
    "end": 1613111456931,
    "duration": 1,
    "pid": 23740,
    "index": 15
  },
  {
    "name": "Require(12) node_modules/egg-view/config/config.default.js",
    "start": 1613111456932,
    "end": 1613111456932,
    "duration": 0,
    "pid": 23740,
    "index": 16
  },
  {
    "name": "Require(13) node_modules/egg-mysql/config/config.default.js",
    "start": 1613111456933,
    "end": 1613111456933,
    "duration": 0,
    "pid": 23740,
    "index": 17
  },
  {
    "name": "Require(14) node_modules/egg-cors/config/config.default.js",
    "start": 1613111456934,
    "end": 1613111456934,
    "duration": 0,
    "pid": 23740,
    "index": 18
  },
  {
    "name": "Require(15) node_modules/egg/config/config.default.js",
    "start": 1613111456935,
    "end": 1613111456935,
    "duration": 0,
    "pid": 23740,
    "index": 19
  },
  {
    "name": "Require(16) config/config.default.js",
    "start": 1613111456936,
    "end": 1613111456936,
    "duration": 0,
    "pid": 23740,
    "index": 20
  },
  {
    "name": "Require(17) node_modules/egg-security/config/config.local.js",
    "start": 1613111456937,
    "end": 1613111456938,
    "duration": 1,
    "pid": 23740,
    "index": 21
  },
  {
    "name": "Require(18) node_modules/egg-watcher/config/config.local.js",
    "start": 1613111456939,
    "end": 1613111456939,
    "duration": 0,
    "pid": 23740,
    "index": 22
  },
  {
    "name": "Require(19) node_modules/egg-view/config/config.local.js",
    "start": 1613111456941,
    "end": 1613111456941,
    "duration": 0,
    "pid": 23740,
    "index": 23
  },
  {
    "name": "Require(20) node_modules/egg/config/config.local.js",
    "start": 1613111456942,
    "end": 1613111456942,
    "duration": 0,
    "pid": 23740,
    "index": 24
  },
  {
    "name": "Load extend/application.js",
    "start": 1613111456944,
    "end": 1613111456969,
    "duration": 25,
    "pid": 23740,
    "index": 25
  },
  {
    "name": "Require(21) node_modules/egg-session/app/extend/application.js",
    "start": 1613111456944,
    "end": 1613111456945,
    "duration": 1,
    "pid": 23740,
    "index": 26
  },
  {
    "name": "Require(22) node_modules/egg-security/app/extend/application.js",
    "start": 1613111456945,
    "end": 1613111456946,
    "duration": 1,
    "pid": 23740,
    "index": 27
  },
  {
    "name": "Require(23) node_modules/egg-jsonp/app/extend/application.js",
    "start": 1613111456947,
    "end": 1613111456949,
    "duration": 2,
    "pid": 23740,
    "index": 28
  },
  {
    "name": "Require(24) node_modules/egg-logrotator/app/extend/application.js",
    "start": 1613111456953,
    "end": 1613111456961,
    "duration": 8,
    "pid": 23740,
    "index": 29
  },
  {
    "name": "Require(25) node_modules/egg-view/app/extend/application.js",
    "start": 1613111456962,
    "end": 1613111456964,
    "duration": 2,
    "pid": 23740,
    "index": 30
  },
  {
    "name": "Load extend/request.js",
    "start": 1613111456969,
    "end": 1613111456978,
    "duration": 9,
    "pid": 23740,
    "index": 31
  },
  {
    "name": "Require(26) node_modules/egg/app/extend/request.js",
    "start": 1613111456973,
    "end": 1613111456974,
    "duration": 1,
    "pid": 23740,
    "index": 32
  },
  {
    "name": "Load extend/response.js",
    "start": 1613111456978,
    "end": 1613111456988,
    "duration": 10,
    "pid": 23740,
    "index": 33
  },
  {
    "name": "Require(27) node_modules/egg/app/extend/response.js",
    "start": 1613111456981,
    "end": 1613111456984,
    "duration": 3,
    "pid": 23740,
    "index": 34
  },
  {
    "name": "Load extend/context.js",
    "start": 1613111456988,
    "end": 1613111457084,
    "duration": 96,
    "pid": 23740,
    "index": 35
  },
  {
    "name": "Require(28) node_modules/egg-security/app/extend/context.js",
    "start": 1613111456989,
    "end": 1613111457027,
    "duration": 38,
    "pid": 23740,
    "index": 36
  },
  {
    "name": "Require(29) node_modules/egg-jsonp/app/extend/context.js",
    "start": 1613111457028,
    "end": 1613111457029,
    "duration": 1,
    "pid": 23740,
    "index": 37
  },
  {
    "name": "Require(30) node_modules/egg-i18n/app/extend/context.js",
    "start": 1613111457030,
    "end": 1613111457030,
    "duration": 0,
    "pid": 23740,
    "index": 38
  },
  {
    "name": "Require(31) node_modules/egg-multipart/app/extend/context.js",
    "start": 1613111457031,
    "end": 1613111457076,
    "duration": 45,
    "pid": 23740,
    "index": 39
  },
  {
    "name": "Require(32) node_modules/egg-view/app/extend/context.js",
    "start": 1613111457077,
    "end": 1613111457079,
    "duration": 2,
    "pid": 23740,
    "index": 40
  },
  {
    "name": "Require(33) node_modules/egg/app/extend/context.js",
    "start": 1613111457079,
    "end": 1613111457080,
    "duration": 1,
    "pid": 23740,
    "index": 41
  },
  {
    "name": "Load extend/helper.js",
    "start": 1613111457084,
    "end": 1613111457109,
    "duration": 25,
    "pid": 23740,
    "index": 42
  },
  {
    "name": "Require(34) node_modules/egg-security/app/extend/helper.js",
    "start": 1613111457085,
    "end": 1613111457101,
    "duration": 16,
    "pid": 23740,
    "index": 43
  },
  {
    "name": "Require(35) node_modules/egg/app/extend/helper.js",
    "start": 1613111457105,
    "end": 1613111457106,
    "duration": 1,
    "pid": 23740,
    "index": 44
  },
  {
    "name": "Load app.js",
    "start": 1613111457110,
    "end": 1613111457155,
    "duration": 45,
    "pid": 23740,
    "index": 45
  },
  {
    "name": "Require(36) node_modules/egg-session/app.js",
    "start": 1613111457110,
    "end": 1613111457110,
    "duration": 0,
    "pid": 23740,
    "index": 46
  },
  {
    "name": "Require(37) node_modules/egg-security/app.js",
    "start": 1613111457111,
    "end": 1613111457113,
    "duration": 2,
    "pid": 23740,
    "index": 47
  },
  {
    "name": "Require(38) node_modules/egg-onerror/app.js",
    "start": 1613111457113,
    "end": 1613111457122,
    "duration": 9,
    "pid": 23740,
    "index": 48
  },
  {
    "name": "Require(39) node_modules/egg-i18n/app.js",
    "start": 1613111457122,
    "end": 1613111457131,
    "duration": 9,
    "pid": 23740,
    "index": 49
  },
  {
    "name": "Require(40) node_modules/egg-watcher/app.js",
    "start": 1613111457131,
    "end": 1613111457135,
    "duration": 4,
    "pid": 23740,
    "index": 50
  },
  {
    "name": "Require(41) node_modules/egg-schedule/app.js",
    "start": 1613111457135,
    "end": 1613111457137,
    "duration": 2,
    "pid": 23740,
    "index": 51
  },
  {
    "name": "Require(42) node_modules/egg-multipart/app.js",
    "start": 1613111457137,
    "end": 1613111457138,
    "duration": 1,
    "pid": 23740,
    "index": 52
  },
  {
    "name": "Require(43) node_modules/egg-development/app.js",
    "start": 1613111457138,
    "end": 1613111457138,
    "duration": 0,
    "pid": 23740,
    "index": 53
  },
  {
    "name": "Require(44) node_modules/egg-logrotator/app.js",
    "start": 1613111457139,
    "end": 1613111457139,
    "duration": 0,
    "pid": 23740,
    "index": 54
  },
  {
    "name": "Require(45) node_modules/egg-static/app.js",
    "start": 1613111457139,
    "end": 1613111457139,
    "duration": 0,
    "pid": 23740,
    "index": 55
  },
  {
    "name": "Require(46) node_modules/egg-mysql/app.js",
    "start": 1613111457140,
    "end": 1613111457153,
    "duration": 13,
    "pid": 23740,
    "index": 56
  },
  {
    "name": "Require(47) node_modules/egg-cors/app.js",
    "start": 1613111457154,
    "end": 1613111457154,
    "duration": 0,
    "pid": 23740,
    "index": 57
  },
  {
    "name": "Before Start in node_modules/egg-watcher/lib/init.js:15:14",
    "start": 1613111457167,
    "end": 1613111457446,
    "duration": 279,
    "pid": 23740,
    "index": 58
  },
  {
    "name": "Before Start in node_modules/egg-mysql/lib/mysql.js:20:7",
    "start": 1613111457280,
    "end": 1613111457573,
    "duration": 293,
    "pid": 23740,
    "index": 59
  },
  {
    "name": "Load Service",
    "start": 1613111457280,
    "end": 1613111457286,
    "duration": 6,
    "pid": 23740,
    "index": 60
  },
  {
    "name": "Load \"service\" to Context",
    "start": 1613111457281,
    "end": 1613111457286,
    "duration": 5,
    "pid": 23740,
    "index": 61
  },
  {
    "name": "Load Middleware",
    "start": 1613111457286,
    "end": 1613111457418,
    "duration": 132,
    "pid": 23740,
    "index": 62
  },
  {
    "name": "Load \"middlewares\" to Application",
    "start": 1613111457286,
    "end": 1613111457402,
    "duration": 116,
    "pid": 23740,
    "index": 63
  },
  {
    "name": "Load Controller",
    "start": 1613111457418,
    "end": 1613111457422,
    "duration": 4,
    "pid": 23740,
    "index": 64
  },
  {
    "name": "Load \"controller\" to Application",
    "start": 1613111457418,
    "end": 1613111457422,
    "duration": 4,
    "pid": 23740,
    "index": 65
  },
  {
    "name": "Load Router",
    "start": 1613111457422,
    "end": 1613111457426,
    "duration": 4,
    "pid": 23740,
    "index": 66
  },
  {
    "name": "Require(48) app/router.js",
    "start": 1613111457422,
    "end": 1613111457423,
    "duration": 1,
    "pid": 23740,
    "index": 67
  },
  {
    "name": "Before Start in node_modules/egg-core/lib/egg.js:303:10",
    "start": 1613111457424,
    "end": 1613111457439,
    "duration": 15,
    "pid": 23740,
    "index": 68
  }
]