[
  {
    "name": "Process Start",
    "start": 1613112331579,
    "end": 1613112332864,
    "duration": 1285,
    "pid": 8924,
    "index": 0
  },
  {
    "name": "Application Start",
    "start": 1613112332865,
    "end": 1613112333923,
    "duration": 1058,
    "pid": 8924,
    "index": 1
  },
  {
    "name": "Load Plugin",
    "start": 1613112332871,
    "end": 1613112332893,
    "duration": 22,
    "pid": 8924,
    "index": 2
  },
  {
    "name": "Load Config",
    "start": 1613112332893,
    "end": 1613112333008,
    "duration": 115,
    "pid": 8924,
    "index": 3
  },
  {
    "name": "Require(0) config/config.default.js",
    "start": 1613112332893,
    "end": 1613112332894,
    "duration": 1,
    "pid": 8924,
    "index": 4
  },
  {
    "name": "Require(1) node_modules/egg-session/config/config.default.js",
    "start": 1613112332896,
    "end": 1613112332897,
    "duration": 1,
    "pid": 8924,
    "index": 5
  },
  {
    "name": "Require(2) node_modules/egg-security/config/config.default.js",
    "start": 1613112332897,
    "end": 1613112332898,
    "duration": 1,
    "pid": 8924,
    "index": 6
  },
  {
    "name": "Require(3) node_modules/egg-jsonp/config/config.default.js",
    "start": 1613112332899,
    "end": 1613112332900,
    "duration": 1,
    "pid": 8924,
    "index": 7
  },
  {
    "name": "Require(4) node_modules/egg-onerror/config/config.default.js",
    "start": 1613112332900,
    "end": 1613112332901,
    "duration": 1,
    "pid": 8924,
    "index": 8
  },
  {
    "name": "Require(5) node_modules/egg-i18n/config/config.default.js",
    "start": 1613112332901,
    "end": 1613112332902,
    "duration": 1,
    "pid": 8924,
    "index": 9
  },
  {
    "name": "Require(6) node_modules/egg-watcher/config/config.default.js",
    "start": 1613112332903,
    "end": 1613112332917,
    "duration": 14,
    "pid": 8924,
    "index": 10
  },
  {
    "name": "Require(7) node_modules/egg-schedule/config/config.default.js",
    "start": 1613112332945,
    "end": 1613112332945,
    "duration": 0,
    "pid": 8924,
    "index": 11
  },
  {
    "name": "Require(8) node_modules/egg-multipart/config/config.default.js",
    "start": 1613112332946,
    "end": 1613112332948,
    "duration": 2,
    "pid": 8924,
    "index": 12
  },
  {
    "name": "Require(9) node_modules/egg-development/config/config.default.js",
    "start": 1613112332951,
    "end": 1613112332952,
    "duration": 1,
    "pid": 8924,
    "index": 13
  },
  {
    "name": "Require(10) node_modules/egg-logrotator/config/config.default.js",
    "start": 1613112332953,
    "end": 1613112332953,
    "duration": 0,
    "pid": 8924,
    "index": 14
  },
  {
    "name": "Require(11) node_modules/egg-static/config/config.default.js",
    "start": 1613112332954,
    "end": 1613112332955,
    "duration": 1,
    "pid": 8924,
    "index": 15
  },
  {
    "name": "Require(12) node_modules/egg-view/config/config.default.js",
    "start": 1613112332955,
    "end": 1613112332956,
    "duration": 1,
    "pid": 8924,
    "index": 16
  },
  {
    "name": "Require(13) node_modules/egg-mysql/config/config.default.js",
    "start": 1613112332956,
    "end": 1613112332957,
    "duration": 1,
    "pid": 8924,
    "index": 17
  },
  {
    "name": "Require(14) node_modules/egg-cors/config/config.default.js",
    "start": 1613112332957,
    "end": 1613112332958,
    "duration": 1,
    "pid": 8924,
    "index": 18
  },
  {
    "name": "Require(15) node_modules/egg/config/config.default.js",
    "start": 1613112332958,
    "end": 1613112332959,
    "duration": 1,
    "pid": 8924,
    "index": 19
  },
  {
    "name": "Require(16) config/config.default.js",
    "start": 1613112332963,
    "end": 1613112332963,
    "duration": 0,
    "pid": 8924,
    "index": 20
  },
  {
    "name": "Require(17) node_modules/egg-security/config/config.local.js",
    "start": 1613112332964,
    "end": 1613112332964,
    "duration": 0,
    "pid": 8924,
    "index": 21
  },
  {
    "name": "Require(18) node_modules/egg-watcher/config/config.local.js",
    "start": 1613112332976,
    "end": 1613112332981,
    "duration": 5,
    "pid": 8924,
    "index": 22
  },
  {
    "name": "Require(19) node_modules/egg-view/config/config.local.js",
    "start": 1613112332987,
    "end": 1613112332991,
    "duration": 4,
    "pid": 8924,
    "index": 23
  },
  {
    "name": "Require(20) node_modules/egg/config/config.local.js",
    "start": 1613112333006,
    "end": 1613112333007,
    "duration": 1,
    "pid": 8924,
    "index": 24
  },
  {
    "name": "Load extend/application.js",
    "start": 1613112333009,
    "end": 1613112333100,
    "duration": 91,
    "pid": 8924,
    "index": 25
  },
  {
    "name": "Require(21) node_modules/egg-session/app/extend/application.js",
    "start": 1613112333010,
    "end": 1613112333011,
    "duration": 1,
    "pid": 8924,
    "index": 26
  },
  {
    "name": "Require(22) node_modules/egg-security/app/extend/application.js",
    "start": 1613112333012,
    "end": 1613112333013,
    "duration": 1,
    "pid": 8924,
    "index": 27
  },
  {
    "name": "Require(23) node_modules/egg-jsonp/app/extend/application.js",
    "start": 1613112333016,
    "end": 1613112333017,
    "duration": 1,
    "pid": 8924,
    "index": 28
  },
  {
    "name": "Require(24) node_modules/egg-logrotator/app/extend/application.js",
    "start": 1613112333047,
    "end": 1613112333065,
    "duration": 18,
    "pid": 8924,
    "index": 29
  },
  {
    "name": "Require(25) node_modules/egg-view/app/extend/application.js",
    "start": 1613112333066,
    "end": 1613112333068,
    "duration": 2,
    "pid": 8924,
    "index": 30
  },
  {
    "name": "Load extend/request.js",
    "start": 1613112333100,
    "end": 1613112333112,
    "duration": 12,
    "pid": 8924,
    "index": 31
  },
  {
    "name": "Require(26) node_modules/egg/app/extend/request.js",
    "start": 1613112333104,
    "end": 1613112333106,
    "duration": 2,
    "pid": 8924,
    "index": 32
  },
  {
    "name": "Load extend/response.js",
    "start": 1613112333112,
    "end": 1613112333122,
    "duration": 10,
    "pid": 8924,
    "index": 33
  },
  {
    "name": "Require(27) node_modules/egg/app/extend/response.js",
    "start": 1613112333116,
    "end": 1613112333118,
    "duration": 2,
    "pid": 8924,
    "index": 34
  },
  {
    "name": "Load extend/context.js",
    "start": 1613112333122,
    "end": 1613112333280,
    "duration": 158,
    "pid": 8924,
    "index": 35
  },
  {
    "name": "Require(28) node_modules/egg-security/app/extend/context.js",
    "start": 1613112333123,
    "end": 1613112333145,
    "duration": 22,
    "pid": 8924,
    "index": 36
  },
  {
    "name": "Require(29) node_modules/egg-jsonp/app/extend/context.js",
    "start": 1613112333146,
    "end": 1613112333148,
    "duration": 2,
    "pid": 8924,
    "index": 37
  },
  {
    "name": "Require(30) node_modules/egg-i18n/app/extend/context.js",
    "start": 1613112333149,
    "end": 1613112333149,
    "duration": 0,
    "pid": 8924,
    "index": 38
  },
  {
    "name": "Require(31) node_modules/egg-multipart/app/extend/context.js",
    "start": 1613112333151,
    "end": 1613112333246,
    "duration": 95,
    "pid": 8924,
    "index": 39
  },
  {
    "name": "Require(32) node_modules/egg-view/app/extend/context.js",
    "start": 1613112333266,
    "end": 1613112333271,
    "duration": 5,
    "pid": 8924,
    "index": 40
  },
  {
    "name": "Require(33) node_modules/egg/app/extend/context.js",
    "start": 1613112333274,
    "end": 1613112333275,
    "duration": 1,
    "pid": 8924,
    "index": 41
  },
  {
    "name": "Load extend/helper.js",
    "start": 1613112333280,
    "end": 1613112333310,
    "duration": 30,
    "pid": 8924,
    "index": 42
  },
  {
    "name": "Require(34) node_modules/egg-security/app/extend/helper.js",
    "start": 1613112333281,
    "end": 1613112333301,
    "duration": 20,
    "pid": 8924,
    "index": 43
  },
  {
    "name": "Require(35) node_modules/egg/app/extend/helper.js",
    "start": 1613112333306,
    "end": 1613112333306,
    "duration": 0,
    "pid": 8924,
    "index": 44
  },
  {
    "name": "Load app.js",
    "start": 1613112333310,
    "end": 1613112333381,
    "duration": 71,
    "pid": 8924,
    "index": 45
  },
  {
    "name": "Require(36) node_modules/egg-session/app.js",
    "start": 1613112333310,
    "end": 1613112333311,
    "duration": 1,
    "pid": 8924,
    "index": 46
  },
  {
    "name": "Require(37) node_modules/egg-security/app.js",
    "start": 1613112333312,
    "end": 1613112333313,
    "duration": 1,
    "pid": 8924,
    "index": 47
  },
  {
    "name": "Require(38) node_modules/egg-onerror/app.js",
    "start": 1613112333314,
    "end": 1613112333324,
    "duration": 10,
    "pid": 8924,
    "index": 48
  },
  {
    "name": "Require(39) node_modules/egg-i18n/app.js",
    "start": 1613112333324,
    "end": 1613112333349,
    "duration": 25,
    "pid": 8924,
    "index": 49
  },
  {
    "name": "Require(40) node_modules/egg-watcher/app.js",
    "start": 1613112333349,
    "end": 1613112333354,
    "duration": 5,
    "pid": 8924,
    "index": 50
  },
  {
    "name": "Require(41) node_modules/egg-schedule/app.js",
    "start": 1613112333355,
    "end": 1613112333356,
    "duration": 1,
    "pid": 8924,
    "index": 51
  },
  {
    "name": "Require(42) node_modules/egg-multipart/app.js",
    "start": 1613112333356,
    "end": 1613112333357,
    "duration": 1,
    "pid": 8924,
    "index": 52
  },
  {
    "name": "Require(43) node_modules/egg-development/app.js",
    "start": 1613112333357,
    "end": 1613112333358,
    "duration": 1,
    "pid": 8924,
    "index": 53
  },
  {
    "name": "Require(44) node_modules/egg-logrotator/app.js",
    "start": 1613112333358,
    "end": 1613112333358,
    "duration": 0,
    "pid": 8924,
    "index": 54
  },
  {
    "name": "Require(45) node_modules/egg-static/app.js",
    "start": 1613112333360,
    "end": 1613112333360,
    "duration": 0,
    "pid": 8924,
    "index": 55
  },
  {
    "name": "Require(46) node_modules/egg-mysql/app.js",
    "start": 1613112333361,
    "end": 1613112333379,
    "duration": 18,
    "pid": 8924,
    "index": 56
  },
  {
    "name": "Require(47) node_modules/egg-cors/app.js",
    "start": 1613112333379,
    "end": 1613112333380,
    "duration": 1,
    "pid": 8924,
    "index": 57
  },
  {
    "name": "Before Start in node_modules/egg-watcher/lib/init.js:15:14",
    "start": 1613112333394,
    "end": 1613112333700,
    "duration": 306,
    "pid": 8924,
    "index": 58
  },
  {
    "name": "Before Start in node_modules/egg-mysql/lib/mysql.js:20:7",
    "start": 1613112333515,
    "end": 1613112333922,
    "duration": 407,
    "pid": 8924,
    "index": 59
  },
  {
    "name": "Load Service",
    "start": 1613112333516,
    "end": 1613112333521,
    "duration": 5,
    "pid": 8924,
    "index": 60
  },
  {
    "name": "Load \"service\" to Context",
    "start": 1613112333516,
    "end": 1613112333521,
    "duration": 5,
    "pid": 8924,
    "index": 61
  },
  {
    "name": "Load Middleware",
    "start": 1613112333521,
    "end": 1613112333674,
    "duration": 153,
    "pid": 8924,
    "index": 62
  },
  {
    "name": "Load \"middlewares\" to Application",
    "start": 1613112333521,
    "end": 1613112333660,
    "duration": 139,
    "pid": 8924,
    "index": 63
  },
  {
    "name": "Load Controller",
    "start": 1613112333674,
    "end": 1613112333678,
    "duration": 4,
    "pid": 8924,
    "index": 64
  },
  {
    "name": "Load \"controller\" to Application",
    "start": 1613112333674,
    "end": 1613112333678,
    "duration": 4,
    "pid": 8924,
    "index": 65
  },
  {
    "name": "Load Router",
    "start": 1613112333678,
    "end": 1613112333682,
    "duration": 4,
    "pid": 8924,
    "index": 66
  },
  {
    "name": "Require(48) app/router.js",
    "start": 1613112333678,
    "end": 1613112333678,
    "duration": 0,
    "pid": 8924,
    "index": 67
  },
  {
    "name": "Before Start in node_modules/egg-core/lib/egg.js:303:10",
    "start": 1613112333679,
    "end": 1613112333693,
    "duration": 14,
    "pid": 8924,
    "index": 68
  }
]