[
  {
    "name": "Process Start",
    "start": 1613112236073,
    "end": 1613112237383,
    "duration": 1310,
    "pid": 20904,
    "index": 0
  },
  {
    "name": "Application Start",
    "start": 1613112237384,
    "end": 1613112238072,
    "duration": 688,
    "pid": 20904,
    "index": 1
  },
  {
    "name": "Load Plugin",
    "start": 1613112237391,
    "end": 1613112237414,
    "duration": 23,
    "pid": 20904,
    "index": 2
  },
  {
    "name": "Load Config",
    "start": 1613112237414,
    "end": 1613112237441,
    "duration": 27,
    "pid": 20904,
    "index": 3
  },
  {
    "name": "Require(0) config/config.default.js",
    "start": 1613112237414,
    "end": 1613112237415,
    "duration": 1,
    "pid": 20904,
    "index": 4
  },
  {
    "name": "Require(1) node_modules/egg-session/config/config.default.js",
    "start": 1613112237416,
    "end": 1613112237417,
    "duration": 1,
    "pid": 20904,
    "index": 5
  },
  {
    "name": "Require(2) node_modules/egg-security/config/config.default.js",
    "start": 1613112237418,
    "end": 1613112237419,
    "duration": 1,
    "pid": 20904,
    "index": 6
  },
  {
    "name": "Require(3) node_modules/egg-jsonp/config/config.default.js",
    "start": 1613112237420,
    "end": 1613112237420,
    "duration": 0,
    "pid": 20904,
    "index": 7
  },
  {
    "name": "Require(4) node_modules/egg-onerror/config/config.default.js",
    "start": 1613112237421,
    "end": 1613112237421,
    "duration": 0,
    "pid": 20904,
    "index": 8
  },
  {
    "name": "Require(5) node_modules/egg-i18n/config/config.default.js",
    "start": 1613112237422,
    "end": 1613112237422,
    "duration": 0,
    "pid": 20904,
    "index": 9
  },
  {
    "name": "Require(6) node_modules/egg-watcher/config/config.default.js",
    "start": 1613112237423,
    "end": 1613112237424,
    "duration": 1,
    "pid": 20904,
    "index": 10
  },
  {
    "name": "Require(7) node_modules/egg-schedule/config/config.default.js",
    "start": 1613112237425,
    "end": 1613112237425,
    "duration": 0,
    "pid": 20904,
    "index": 11
  },
  {
    "name": "Require(8) node_modules/egg-multipart/config/config.default.js",
    "start": 1613112237426,
    "end": 1613112237426,
    "duration": 0,
    "pid": 20904,
    "index": 12
  },
  {
    "name": "Require(9) node_modules/egg-development/config/config.default.js",
    "start": 1613112237427,
    "end": 1613112237427,
    "duration": 0,
    "pid": 20904,
    "index": 13
  },
  {
    "name": "Require(10) node_modules/egg-logrotator/config/config.default.js",
    "start": 1613112237428,
    "end": 1613112237429,
    "duration": 1,
    "pid": 20904,
    "index": 14
  },
  {
    "name": "Require(11) node_modules/egg-static/config/config.default.js",
    "start": 1613112237429,
    "end": 1613112237430,
    "duration": 1,
    "pid": 20904,
    "index": 15
  },
  {
    "name": "Require(12) node_modules/egg-view/config/config.default.js",
    "start": 1613112237430,
    "end": 1613112237431,
    "duration": 1,
    "pid": 20904,
    "index": 16
  },
  {
    "name": "Require(13) node_modules/egg-mysql/config/config.default.js",
    "start": 1613112237431,
    "end": 1613112237432,
    "duration": 1,
    "pid": 20904,
    "index": 17
  },
  {
    "name": "Require(14) node_modules/egg-cors/config/config.default.js",
    "start": 1613112237432,
    "end": 1613112237433,
    "duration": 1,
    "pid": 20904,
    "index": 18
  },
  {
    "name": "Require(15) node_modules/egg/config/config.default.js",
    "start": 1613112237433,
    "end": 1613112237434,
    "duration": 1,
    "pid": 20904,
    "index": 19
  },
  {
    "name": "Require(16) config/config.default.js",
    "start": 1613112237435,
    "end": 1613112237435,
    "duration": 0,
    "pid": 20904,
    "index": 20
  },
  {
    "name": "Require(17) node_modules/egg-security/config/config.local.js",
    "start": 1613112237436,
    "end": 1613112237436,
    "duration": 0,
    "pid": 20904,
    "index": 21
  },
  {
    "name": "Require(18) node_modules/egg-watcher/config/config.local.js",
    "start": 1613112237437,
    "end": 1613112237438,
    "duration": 1,
    "pid": 20904,
    "index": 22
  },
  {
    "name": "Require(19) node_modules/egg-view/config/config.local.js",
    "start": 1613112237439,
    "end": 1613112237440,
    "duration": 1,
    "pid": 20904,
    "index": 23
  },
  {
    "name": "Require(20) node_modules/egg/config/config.local.js",
    "start": 1613112237440,
    "end": 1613112237441,
    "duration": 1,
    "pid": 20904,
    "index": 24
  },
  {
    "name": "Load extend/application.js",
    "start": 1613112237442,
    "end": 1613112237464,
    "duration": 22,
    "pid": 20904,
    "index": 25
  },
  {
    "name": "Require(21) node_modules/egg-session/app/extend/application.js",
    "start": 1613112237443,
    "end": 1613112237443,
    "duration": 0,
    "pid": 20904,
    "index": 26
  },
  {
    "name": "Require(22) node_modules/egg-security/app/extend/application.js",
    "start": 1613112237443,
    "end": 1613112237445,
    "duration": 2,
    "pid": 20904,
    "index": 27
  },
  {
    "name": "Require(23) node_modules/egg-jsonp/app/extend/application.js",
    "start": 1613112237445,
    "end": 1613112237447,
    "duration": 2,
    "pid": 20904,
    "index": 28
  },
  {
    "name": "Require(24) node_modules/egg-logrotator/app/extend/application.js",
    "start": 1613112237448,
    "end": 1613112237458,
    "duration": 10,
    "pid": 20904,
    "index": 29
  },
  {
    "name": "Require(25) node_modules/egg-view/app/extend/application.js",
    "start": 1613112237459,
    "end": 1613112237460,
    "duration": 1,
    "pid": 20904,
    "index": 30
  },
  {
    "name": "Load extend/request.js",
    "start": 1613112237464,
    "end": 1613112237472,
    "duration": 8,
    "pid": 20904,
    "index": 31
  },
  {
    "name": "Require(26) node_modules/egg/app/extend/request.js",
    "start": 1613112237468,
    "end": 1613112237469,
    "duration": 1,
    "pid": 20904,
    "index": 32
  },
  {
    "name": "Load extend/response.js",
    "start": 1613112237472,
    "end": 1613112237481,
    "duration": 9,
    "pid": 20904,
    "index": 33
  },
  {
    "name": "Require(27) node_modules/egg/app/extend/response.js",
    "start": 1613112237476,
    "end": 1613112237478,
    "duration": 2,
    "pid": 20904,
    "index": 34
  },
  {
    "name": "Load extend/context.js",
    "start": 1613112237481,
    "end": 1613112237589,
    "duration": 108,
    "pid": 20904,
    "index": 35
  },
  {
    "name": "Require(28) node_modules/egg-security/app/extend/context.js",
    "start": 1613112237482,
    "end": 1613112237509,
    "duration": 27,
    "pid": 20904,
    "index": 36
  },
  {
    "name": "Require(29) node_modules/egg-jsonp/app/extend/context.js",
    "start": 1613112237515,
    "end": 1613112237527,
    "duration": 12,
    "pid": 20904,
    "index": 37
  },
  {
    "name": "Require(30) node_modules/egg-i18n/app/extend/context.js",
    "start": 1613112237528,
    "end": 1613112237528,
    "duration": 0,
    "pid": 20904,
    "index": 38
  },
  {
    "name": "Require(31) node_modules/egg-multipart/app/extend/context.js",
    "start": 1613112237530,
    "end": 1613112237581,
    "duration": 51,
    "pid": 20904,
    "index": 39
  },
  {
    "name": "Require(32) node_modules/egg-view/app/extend/context.js",
    "start": 1613112237582,
    "end": 1613112237583,
    "duration": 1,
    "pid": 20904,
    "index": 40
  },
  {
    "name": "Require(33) node_modules/egg/app/extend/context.js",
    "start": 1613112237584,
    "end": 1613112237585,
    "duration": 1,
    "pid": 20904,
    "index": 41
  },
  {
    "name": "Load extend/helper.js",
    "start": 1613112237589,
    "end": 1613112237616,
    "duration": 27,
    "pid": 20904,
    "index": 42
  },
  {
    "name": "Require(34) node_modules/egg-security/app/extend/helper.js",
    "start": 1613112237590,
    "end": 1613112237608,
    "duration": 18,
    "pid": 20904,
    "index": 43
  },
  {
    "name": "Require(35) node_modules/egg/app/extend/helper.js",
    "start": 1613112237612,
    "end": 1613112237612,
    "duration": 0,
    "pid": 20904,
    "index": 44
  },
  {
    "name": "Load app.js",
    "start": 1613112237616,
    "end": 1613112237663,
    "duration": 47,
    "pid": 20904,
    "index": 45
  },
  {
    "name": "Require(36) node_modules/egg-session/app.js",
    "start": 1613112237616,
    "end": 1613112237617,
    "duration": 1,
    "pid": 20904,
    "index": 46
  },
  {
    "name": "Require(37) node_modules/egg-security/app.js",
    "start": 1613112237617,
    "end": 1613112237619,
    "duration": 2,
    "pid": 20904,
    "index": 47
  },
  {
    "name": "Require(38) node_modules/egg-onerror/app.js",
    "start": 1613112237620,
    "end": 1613112237629,
    "duration": 9,
    "pid": 20904,
    "index": 48
  },
  {
    "name": "Require(39) node_modules/egg-i18n/app.js",
    "start": 1613112237629,
    "end": 1613112237638,
    "duration": 9,
    "pid": 20904,
    "index": 49
  },
  {
    "name": "Require(40) node_modules/egg-watcher/app.js",
    "start": 1613112237638,
    "end": 1613112237642,
    "duration": 4,
    "pid": 20904,
    "index": 50
  },
  {
    "name": "Require(41) node_modules/egg-schedule/app.js",
    "start": 1613112237642,
    "end": 1613112237643,
    "duration": 1,
    "pid": 20904,
    "index": 51
  },
  {
    "name": "Require(42) node_modules/egg-multipart/app.js",
    "start": 1613112237644,
    "end": 1613112237644,
    "duration": 0,
    "pid": 20904,
    "index": 52
  },
  {
    "name": "Require(43) node_modules/egg-development/app.js",
    "start": 1613112237645,
    "end": 1613112237645,
    "duration": 0,
    "pid": 20904,
    "index": 53
  },
  {
    "name": "Require(44) node_modules/egg-logrotator/app.js",
    "start": 1613112237645,
    "end": 1613112237646,
    "duration": 1,
    "pid": 20904,
    "index": 54
  },
  {
    "name": "Require(45) node_modules/egg-static/app.js",
    "start": 1613112237646,
    "end": 1613112237647,
    "duration": 1,
    "pid": 20904,
    "index": 55
  },
  {
    "name": "Require(46) node_modules/egg-mysql/app.js",
    "start": 1613112237647,
    "end": 1613112237662,
    "duration": 15,
    "pid": 20904,
    "index": 56
  },
  {
    "name": "Require(47) node_modules/egg-cors/app.js",
    "start": 1613112237662,
    "end": 1613112237662,
    "duration": 0,
    "pid": 20904,
    "index": 57
  },
  {
    "name": "Before Start in node_modules/egg-watcher/lib/init.js:15:14",
    "start": 1613112237675,
    "end": 1613112237953,
    "duration": 278,
    "pid": 20904,
    "index": 58
  },
  {
    "name": "Before Start in node_modules/egg-mysql/lib/mysql.js:20:7",
    "start": 1613112237797,
    "end": 1613112238071,
    "duration": 274,
    "pid": 20904,
    "index": 59
  },
  {
    "name": "Load Service",
    "start": 1613112237797,
    "end": 1613112237803,
    "duration": 6,
    "pid": 20904,
    "index": 60
  },
  {
    "name": "Load \"service\" to Context",
    "start": 1613112237798,
    "end": 1613112237803,
    "duration": 5,
    "pid": 20904,
    "index": 61
  },
  {
    "name": "Load Middleware",
    "start": 1613112237803,
    "end": 1613112237926,
    "duration": 123,
    "pid": 20904,
    "index": 62
  },
  {
    "name": "Load \"middlewares\" to Application",
    "start": 1613112237803,
    "end": 1613112237911,
    "duration": 108,
    "pid": 20904,
    "index": 63
  },
  {
    "name": "Load Controller",
    "start": 1613112237926,
    "end": 1613112237929,
    "duration": 3,
    "pid": 20904,
    "index": 64
  },
  {
    "name": "Load \"controller\" to Application",
    "start": 1613112237926,
    "end": 1613112237929,
    "duration": 3,
    "pid": 20904,
    "index": 65
  },
  {
    "name": "Load Router",
    "start": 1613112237930,
    "end": 1613112237934,
    "duration": 4,
    "pid": 20904,
    "index": 66
  },
  {
    "name": "Require(48) app/router.js",
    "start": 1613112237930,
    "end": 1613112237931,
    "duration": 1,
    "pid": 20904,
    "index": 67
  },
  {
    "name": "Before Start in node_modules/egg-core/lib/egg.js:303:10",
    "start": 1613112237932,
    "end": 1613112237945,
    "duration": 13,
    "pid": 20904,
    "index": 68
  }
]