[
  {
    "name": "Process Start",
    "start": 1613112712081,
    "end": 1613112713294,
    "duration": 1213,
    "pid": 3336,
    "index": 0
  },
  {
    "name": "Application Start",
    "start": 1613112713294,
    "end": 1613112714015,
    "duration": 721,
    "pid": 3336,
    "index": 1
  },
  {
    "name": "Load Plugin",
    "start": 1613112713301,
    "end": 1613112713323,
    "duration": 22,
    "pid": 3336,
    "index": 2
  },
  {
    "name": "Load Config",
    "start": 1613112713323,
    "end": 1613112713351,
    "duration": 28,
    "pid": 3336,
    "index": 3
  },
  {
    "name": "Require(0) config/config.default.js",
    "start": 1613112713324,
    "end": 1613112713324,
    "duration": 0,
    "pid": 3336,
    "index": 4
  },
  {
    "name": "Require(1) node_modules/egg-session/config/config.default.js",
    "start": 1613112713326,
    "end": 1613112713327,
    "duration": 1,
    "pid": 3336,
    "index": 5
  },
  {
    "name": "Require(2) node_modules/egg-security/config/config.default.js",
    "start": 1613112713327,
    "end": 1613112713328,
    "duration": 1,
    "pid": 3336,
    "index": 6
  },
  {
    "name": "Require(3) node_modules/egg-jsonp/config/config.default.js",
    "start": 1613112713329,
    "end": 1613112713330,
    "duration": 1,
    "pid": 3336,
    "index": 7
  },
  {
    "name": "Require(4) node_modules/egg-onerror/config/config.default.js",
    "start": 1613112713330,
    "end": 1613112713331,
    "duration": 1,
    "pid": 3336,
    "index": 8
  },
  {
    "name": "Require(5) node_modules/egg-i18n/config/config.default.js",
    "start": 1613112713331,
    "end": 1613112713332,
    "duration": 1,
    "pid": 3336,
    "index": 9
  },
  {
    "name": "Require(6) node_modules/egg-watcher/config/config.default.js",
    "start": 1613112713332,
    "end": 1613112713333,
    "duration": 1,
    "pid": 3336,
    "index": 10
  },
  {
    "name": "Require(7) node_modules/egg-schedule/config/config.default.js",
    "start": 1613112713334,
    "end": 1613112713334,
    "duration": 0,
    "pid": 3336,
    "index": 11
  },
  {
    "name": "Require(8) node_modules/egg-multipart/config/config.default.js",
    "start": 1613112713335,
    "end": 1613112713335,
    "duration": 0,
    "pid": 3336,
    "index": 12
  },
  {
    "name": "Require(9) node_modules/egg-development/config/config.default.js",
    "start": 1613112713336,
    "end": 1613112713336,
    "duration": 0,
    "pid": 3336,
    "index": 13
  },
  {
    "name": "Require(10) node_modules/egg-logrotator/config/config.default.js",
    "start": 1613112713337,
    "end": 1613112713337,
    "duration": 0,
    "pid": 3336,
    "index": 14
  },
  {
    "name": "Require(11) node_modules/egg-static/config/config.default.js",
    "start": 1613112713338,
    "end": 1613112713338,
    "duration": 0,
    "pid": 3336,
    "index": 15
  },
  {
    "name": "Require(12) node_modules/egg-view/config/config.default.js",
    "start": 1613112713339,
    "end": 1613112713340,
    "duration": 1,
    "pid": 3336,
    "index": 16
  },
  {
    "name": "Require(13) node_modules/egg-mysql/config/config.default.js",
    "start": 1613112713340,
    "end": 1613112713341,
    "duration": 1,
    "pid": 3336,
    "index": 17
  },
  {
    "name": "Require(14) node_modules/egg-cors/config/config.default.js",
    "start": 1613112713341,
    "end": 1613112713342,
    "duration": 1,
    "pid": 3336,
    "index": 18
  },
  {
    "name": "Require(15) node_modules/egg/config/config.default.js",
    "start": 1613112713343,
    "end": 1613112713343,
    "duration": 0,
    "pid": 3336,
    "index": 19
  },
  {
    "name": "Require(16) config/config.default.js",
    "start": 1613112713344,
    "end": 1613112713344,
    "duration": 0,
    "pid": 3336,
    "index": 20
  },
  {
    "name": "Require(17) node_modules/egg-security/config/config.local.js",
    "start": 1613112713345,
    "end": 1613112713346,
    "duration": 1,
    "pid": 3336,
    "index": 21
  },
  {
    "name": "Require(18) node_modules/egg-watcher/config/config.local.js",
    "start": 1613112713347,
    "end": 1613112713347,
    "duration": 0,
    "pid": 3336,
    "index": 22
  },
  {
    "name": "Require(19) node_modules/egg-view/config/config.local.js",
    "start": 1613112713349,
    "end": 1613112713349,
    "duration": 0,
    "pid": 3336,
    "index": 23
  },
  {
    "name": "Require(20) node_modules/egg/config/config.local.js",
    "start": 1613112713350,
    "end": 1613112713351,
    "duration": 1,
    "pid": 3336,
    "index": 24
  },
  {
    "name": "Load extend/application.js",
    "start": 1613112713352,
    "end": 1613112713376,
    "duration": 24,
    "pid": 3336,
    "index": 25
  },
  {
    "name": "Require(21) node_modules/egg-session/app/extend/application.js",
    "start": 1613112713353,
    "end": 1613112713353,
    "duration": 0,
    "pid": 3336,
    "index": 26
  },
  {
    "name": "Require(22) node_modules/egg-security/app/extend/application.js",
    "start": 1613112713354,
    "end": 1613112713355,
    "duration": 1,
    "pid": 3336,
    "index": 27
  },
  {
    "name": "Require(23) node_modules/egg-jsonp/app/extend/application.js",
    "start": 1613112713355,
    "end": 1613112713357,
    "duration": 2,
    "pid": 3336,
    "index": 28
  },
  {
    "name": "Require(24) node_modules/egg-logrotator/app/extend/application.js",
    "start": 1613112713362,
    "end": 1613112713369,
    "duration": 7,
    "pid": 3336,
    "index": 29
  },
  {
    "name": "Require(25) node_modules/egg-view/app/extend/application.js",
    "start": 1613112713370,
    "end": 1613112713371,
    "duration": 1,
    "pid": 3336,
    "index": 30
  },
  {
    "name": "Load extend/request.js",
    "start": 1613112713376,
    "end": 1613112713386,
    "duration": 10,
    "pid": 3336,
    "index": 31
  },
  {
    "name": "Require(26) node_modules/egg/app/extend/request.js",
    "start": 1613112713380,
    "end": 1613112713382,
    "duration": 2,
    "pid": 3336,
    "index": 32
  },
  {
    "name": "Load extend/response.js",
    "start": 1613112713386,
    "end": 1613112713395,
    "duration": 9,
    "pid": 3336,
    "index": 33
  },
  {
    "name": "Require(27) node_modules/egg/app/extend/response.js",
    "start": 1613112713389,
    "end": 1613112713391,
    "duration": 2,
    "pid": 3336,
    "index": 34
  },
  {
    "name": "Load extend/context.js",
    "start": 1613112713395,
    "end": 1613112713469,
    "duration": 74,
    "pid": 3336,
    "index": 35
  },
  {
    "name": "Require(28) node_modules/egg-security/app/extend/context.js",
    "start": 1613112713396,
    "end": 1613112713412,
    "duration": 16,
    "pid": 3336,
    "index": 36
  },
  {
    "name": "Require(29) node_modules/egg-jsonp/app/extend/context.js",
    "start": 1613112713413,
    "end": 1613112713414,
    "duration": 1,
    "pid": 3336,
    "index": 37
  },
  {
    "name": "Require(30) node_modules/egg-i18n/app/extend/context.js",
    "start": 1613112713415,
    "end": 1613112713415,
    "duration": 0,
    "pid": 3336,
    "index": 38
  },
  {
    "name": "Require(31) node_modules/egg-multipart/app/extend/context.js",
    "start": 1613112713416,
    "end": 1613112713461,
    "duration": 45,
    "pid": 3336,
    "index": 39
  },
  {
    "name": "Require(32) node_modules/egg-view/app/extend/context.js",
    "start": 1613112713462,
    "end": 1613112713464,
    "duration": 2,
    "pid": 3336,
    "index": 40
  },
  {
    "name": "Require(33) node_modules/egg/app/extend/context.js",
    "start": 1613112713464,
    "end": 1613112713465,
    "duration": 1,
    "pid": 3336,
    "index": 41
  },
  {
    "name": "Load extend/helper.js",
    "start": 1613112713469,
    "end": 1613112713498,
    "duration": 29,
    "pid": 3336,
    "index": 42
  },
  {
    "name": "Require(34) node_modules/egg-security/app/extend/helper.js",
    "start": 1613112713470,
    "end": 1613112713486,
    "duration": 16,
    "pid": 3336,
    "index": 43
  },
  {
    "name": "Require(35) node_modules/egg/app/extend/helper.js",
    "start": 1613112713490,
    "end": 1613112713490,
    "duration": 0,
    "pid": 3336,
    "index": 44
  },
  {
    "name": "Load app.js",
    "start": 1613112713498,
    "end": 1613112713554,
    "duration": 56,
    "pid": 3336,
    "index": 45
  },
  {
    "name": "Require(36) node_modules/egg-session/app.js",
    "start": 1613112713499,
    "end": 1613112713499,
    "duration": 0,
    "pid": 3336,
    "index": 46
  },
  {
    "name": "Require(37) node_modules/egg-security/app.js",
    "start": 1613112713499,
    "end": 1613112713501,
    "duration": 2,
    "pid": 3336,
    "index": 47
  },
  {
    "name": "Require(38) node_modules/egg-onerror/app.js",
    "start": 1613112713502,
    "end": 1613112713511,
    "duration": 9,
    "pid": 3336,
    "index": 48
  },
  {
    "name": "Require(39) node_modules/egg-i18n/app.js",
    "start": 1613112713511,
    "end": 1613112713524,
    "duration": 13,
    "pid": 3336,
    "index": 49
  },
  {
    "name": "Require(40) node_modules/egg-watcher/app.js",
    "start": 1613112713524,
    "end": 1613112713530,
    "duration": 6,
    "pid": 3336,
    "index": 50
  },
  {
    "name": "Require(41) node_modules/egg-schedule/app.js",
    "start": 1613112713530,
    "end": 1613112713532,
    "duration": 2,
    "pid": 3336,
    "index": 51
  },
  {
    "name": "Require(42) node_modules/egg-multipart/app.js",
    "start": 1613112713532,
    "end": 1613112713533,
    "duration": 1,
    "pid": 3336,
    "index": 52
  },
  {
    "name": "Require(43) node_modules/egg-development/app.js",
    "start": 1613112713533,
    "end": 1613112713534,
    "duration": 1,
    "pid": 3336,
    "index": 53
  },
  {
    "name": "Require(44) node_modules/egg-logrotator/app.js",
    "start": 1613112713534,
    "end": 1613112713534,
    "duration": 0,
    "pid": 3336,
    "index": 54
  },
  {
    "name": "Require(45) node_modules/egg-static/app.js",
    "start": 1613112713535,
    "end": 1613112713535,
    "duration": 0,
    "pid": 3336,
    "index": 55
  },
  {
    "name": "Require(46) node_modules/egg-mysql/app.js",
    "start": 1613112713536,
    "end": 1613112713550,
    "duration": 14,
    "pid": 3336,
    "index": 56
  },
  {
    "name": "Require(47) node_modules/egg-cors/app.js",
    "start": 1613112713550,
    "end": 1613112713553,
    "duration": 3,
    "pid": 3336,
    "index": 57
  },
  {
    "name": "Before Start in node_modules/egg-watcher/lib/init.js:15:14",
    "start": 1613112713563,
    "end": 1613112713869,
    "duration": 306,
    "pid": 3336,
    "index": 58
  },
  {
    "name": "Before Start in node_modules/egg-mysql/lib/mysql.js:20:7",
    "start": 1613112713681,
    "end": 1613112714015,
    "duration": 334,
    "pid": 3336,
    "index": 59
  },
  {
    "name": "Load Service",
    "start": 1613112713682,
    "end": 1613112713687,
    "duration": 5,
    "pid": 3336,
    "index": 60
  },
  {
    "name": "Load \"service\" to Context",
    "start": 1613112713682,
    "end": 1613112713687,
    "duration": 5,
    "pid": 3336,
    "index": 61
  },
  {
    "name": "Load Middleware",
    "start": 1613112713687,
    "end": 1613112713837,
    "duration": 150,
    "pid": 3336,
    "index": 62
  },
  {
    "name": "Load \"middlewares\" to Application",
    "start": 1613112713687,
    "end": 1613112713819,
    "duration": 132,
    "pid": 3336,
    "index": 63
  },
  {
    "name": "Load Controller",
    "start": 1613112713837,
    "end": 1613112713842,
    "duration": 5,
    "pid": 3336,
    "index": 64
  },
  {
    "name": "Load \"controller\" to Application",
    "start": 1613112713837,
    "end": 1613112713842,
    "duration": 5,
    "pid": 3336,
    "index": 65
  },
  {
    "name": "Load Router",
    "start": 1613112713842,
    "end": 1613112713847,
    "duration": 5,
    "pid": 3336,
    "index": 66
  },
  {
    "name": "Require(48) app/router.js",
    "start": 1613112713842,
    "end": 1613112713843,
    "duration": 1,
    "pid": 3336,
    "index": 67
  },
  {
    "name": "Before Start in node_modules/egg-core/lib/egg.js:303:10",
    "start": 1613112713844,
    "end": 1613112713860,
    "duration": 16,
    "pid": 3336,
    "index": 68
  }
]