[
  {
    "name": "Process Start",
    "start": 1613111558243,
    "end": 1613111559378,
    "duration": 1135,
    "pid": 14852,
    "index": 0
  },
  {
    "name": "Application Start",
    "start": 1613111559379,
    "end": 1613111560118,
    "duration": 739,
    "pid": 14852,
    "index": 1
  },
  {
    "name": "Load Plugin",
    "start": 1613111559385,
    "end": 1613111559405,
    "duration": 20,
    "pid": 14852,
    "index": 2
  },
  {
    "name": "Load Config",
    "start": 1613111559405,
    "end": 1613111559449,
    "duration": 44,
    "pid": 14852,
    "index": 3
  },
  {
    "name": "Require(0) config/config.default.js",
    "start": 1613111559406,
    "end": 1613111559406,
    "duration": 0,
    "pid": 14852,
    "index": 4
  },
  {
    "name": "Require(1) node_modules/egg-session/config/config.default.js",
    "start": 1613111559408,
    "end": 1613111559409,
    "duration": 1,
    "pid": 14852,
    "index": 5
  },
  {
    "name": "Require(2) node_modules/egg-security/config/config.default.js",
    "start": 1613111559409,
    "end": 1613111559410,
    "duration": 1,
    "pid": 14852,
    "index": 6
  },
  {
    "name": "Require(3) node_modules/egg-jsonp/config/config.default.js",
    "start": 1613111559411,
    "end": 1613111559411,
    "duration": 0,
    "pid": 14852,
    "index": 7
  },
  {
    "name": "Require(4) node_modules/egg-onerror/config/config.default.js",
    "start": 1613111559412,
    "end": 1613111559412,
    "duration": 0,
    "pid": 14852,
    "index": 8
  },
  {
    "name": "Require(5) node_modules/egg-i18n/config/config.default.js",
    "start": 1613111559413,
    "end": 1613111559413,
    "duration": 0,
    "pid": 14852,
    "index": 9
  },
  {
    "name": "Require(6) node_modules/egg-watcher/config/config.default.js",
    "start": 1613111559414,
    "end": 1613111559414,
    "duration": 0,
    "pid": 14852,
    "index": 10
  },
  {
    "name": "Require(7) node_modules/egg-schedule/config/config.default.js",
    "start": 1613111559415,
    "end": 1613111559415,
    "duration": 0,
    "pid": 14852,
    "index": 11
  },
  {
    "name": "Require(8) node_modules/egg-multipart/config/config.default.js",
    "start": 1613111559416,
    "end": 1613111559416,
    "duration": 0,
    "pid": 14852,
    "index": 12
  },
  {
    "name": "Require(9) node_modules/egg-development/config/config.default.js",
    "start": 1613111559420,
    "end": 1613111559422,
    "duration": 2,
    "pid": 14852,
    "index": 13
  },
  {
    "name": "Require(10) node_modules/egg-logrotator/config/config.default.js",
    "start": 1613111559430,
    "end": 1613111559431,
    "duration": 1,
    "pid": 14852,
    "index": 14
  },
  {
    "name": "Require(11) node_modules/egg-static/config/config.default.js",
    "start": 1613111559434,
    "end": 1613111559434,
    "duration": 0,
    "pid": 14852,
    "index": 15
  },
  {
    "name": "Require(12) node_modules/egg-view/config/config.default.js",
    "start": 1613111559435,
    "end": 1613111559436,
    "duration": 1,
    "pid": 14852,
    "index": 16
  },
  {
    "name": "Require(13) node_modules/egg-mysql/config/config.default.js",
    "start": 1613111559439,
    "end": 1613111559440,
    "duration": 1,
    "pid": 14852,
    "index": 17
  },
  {
    "name": "Require(14) node_modules/egg-cors/config/config.default.js",
    "start": 1613111559440,
    "end": 1613111559441,
    "duration": 1,
    "pid": 14852,
    "index": 18
  },
  {
    "name": "Require(15) node_modules/egg/config/config.default.js",
    "start": 1613111559441,
    "end": 1613111559442,
    "duration": 1,
    "pid": 14852,
    "index": 19
  },
  {
    "name": "Require(16) config/config.default.js",
    "start": 1613111559443,
    "end": 1613111559443,
    "duration": 0,
    "pid": 14852,
    "index": 20
  },
  {
    "name": "Require(17) node_modules/egg-security/config/config.local.js",
    "start": 1613111559444,
    "end": 1613111559444,
    "duration": 0,
    "pid": 14852,
    "index": 21
  },
  {
    "name": "Require(18) node_modules/egg-watcher/config/config.local.js",
    "start": 1613111559445,
    "end": 1613111559446,
    "duration": 1,
    "pid": 14852,
    "index": 22
  },
  {
    "name": "Require(19) node_modules/egg-view/config/config.local.js",
    "start": 1613111559447,
    "end": 1613111559448,
    "duration": 1,
    "pid": 14852,
    "index": 23
  },
  {
    "name": "Require(20) node_modules/egg/config/config.local.js",
    "start": 1613111559449,
    "end": 1613111559449,
    "duration": 0,
    "pid": 14852,
    "index": 24
  },
  {
    "name": "Load extend/application.js",
    "start": 1613111559450,
    "end": 1613111559475,
    "duration": 25,
    "pid": 14852,
    "index": 25
  },
  {
    "name": "Require(21) node_modules/egg-session/app/extend/application.js",
    "start": 1613111559451,
    "end": 1613111559452,
    "duration": 1,
    "pid": 14852,
    "index": 26
  },
  {
    "name": "Require(22) node_modules/egg-security/app/extend/application.js",
    "start": 1613111559452,
    "end": 1613111559454,
    "duration": 2,
    "pid": 14852,
    "index": 27
  },
  {
    "name": "Require(23) node_modules/egg-jsonp/app/extend/application.js",
    "start": 1613111559455,
    "end": 1613111559457,
    "duration": 2,
    "pid": 14852,
    "index": 28
  },
  {
    "name": "Require(24) node_modules/egg-logrotator/app/extend/application.js",
    "start": 1613111559461,
    "end": 1613111559468,
    "duration": 7,
    "pid": 14852,
    "index": 29
  },
  {
    "name": "Require(25) node_modules/egg-view/app/extend/application.js",
    "start": 1613111559468,
    "end": 1613111559470,
    "duration": 2,
    "pid": 14852,
    "index": 30
  },
  {
    "name": "Load extend/request.js",
    "start": 1613111559475,
    "end": 1613111559483,
    "duration": 8,
    "pid": 14852,
    "index": 31
  },
  {
    "name": "Require(26) node_modules/egg/app/extend/request.js",
    "start": 1613111559478,
    "end": 1613111559479,
    "duration": 1,
    "pid": 14852,
    "index": 32
  },
  {
    "name": "Load extend/response.js",
    "start": 1613111559483,
    "end": 1613111559492,
    "duration": 9,
    "pid": 14852,
    "index": 33
  },
  {
    "name": "Require(27) node_modules/egg/app/extend/response.js",
    "start": 1613111559486,
    "end": 1613111559489,
    "duration": 3,
    "pid": 14852,
    "index": 34
  },
  {
    "name": "Load extend/context.js",
    "start": 1613111559493,
    "end": 1613111559570,
    "duration": 77,
    "pid": 14852,
    "index": 35
  },
  {
    "name": "Require(28) node_modules/egg-security/app/extend/context.js",
    "start": 1613111559493,
    "end": 1613111559509,
    "duration": 16,
    "pid": 14852,
    "index": 36
  },
  {
    "name": "Require(29) node_modules/egg-jsonp/app/extend/context.js",
    "start": 1613111559509,
    "end": 1613111559511,
    "duration": 2,
    "pid": 14852,
    "index": 37
  },
  {
    "name": "Require(30) node_modules/egg-i18n/app/extend/context.js",
    "start": 1613111559511,
    "end": 1613111559512,
    "duration": 1,
    "pid": 14852,
    "index": 38
  },
  {
    "name": "Require(31) node_modules/egg-multipart/app/extend/context.js",
    "start": 1613111559513,
    "end": 1613111559563,
    "duration": 50,
    "pid": 14852,
    "index": 39
  },
  {
    "name": "Require(32) node_modules/egg-view/app/extend/context.js",
    "start": 1613111559564,
    "end": 1613111559565,
    "duration": 1,
    "pid": 14852,
    "index": 40
  },
  {
    "name": "Require(33) node_modules/egg/app/extend/context.js",
    "start": 1613111559565,
    "end": 1613111559566,
    "duration": 1,
    "pid": 14852,
    "index": 41
  },
  {
    "name": "Load extend/helper.js",
    "start": 1613111559570,
    "end": 1613111559606,
    "duration": 36,
    "pid": 14852,
    "index": 42
  },
  {
    "name": "Require(34) node_modules/egg-security/app/extend/helper.js",
    "start": 1613111559571,
    "end": 1613111559595,
    "duration": 24,
    "pid": 14852,
    "index": 43
  },
  {
    "name": "Require(35) node_modules/egg/app/extend/helper.js",
    "start": 1613111559601,
    "end": 1613111559601,
    "duration": 0,
    "pid": 14852,
    "index": 44
  },
  {
    "name": "Load app.js",
    "start": 1613111559606,
    "end": 1613111559654,
    "duration": 48,
    "pid": 14852,
    "index": 45
  },
  {
    "name": "Require(36) node_modules/egg-session/app.js",
    "start": 1613111559607,
    "end": 1613111559607,
    "duration": 0,
    "pid": 14852,
    "index": 46
  },
  {
    "name": "Require(37) node_modules/egg-security/app.js",
    "start": 1613111559607,
    "end": 1613111559609,
    "duration": 2,
    "pid": 14852,
    "index": 47
  },
  {
    "name": "Require(38) node_modules/egg-onerror/app.js",
    "start": 1613111559610,
    "end": 1613111559619,
    "duration": 9,
    "pid": 14852,
    "index": 48
  },
  {
    "name": "Require(39) node_modules/egg-i18n/app.js",
    "start": 1613111559619,
    "end": 1613111559628,
    "duration": 9,
    "pid": 14852,
    "index": 49
  },
  {
    "name": "Require(40) node_modules/egg-watcher/app.js",
    "start": 1613111559628,
    "end": 1613111559632,
    "duration": 4,
    "pid": 14852,
    "index": 50
  },
  {
    "name": "Require(41) node_modules/egg-schedule/app.js",
    "start": 1613111559632,
    "end": 1613111559633,
    "duration": 1,
    "pid": 14852,
    "index": 51
  },
  {
    "name": "Require(42) node_modules/egg-multipart/app.js",
    "start": 1613111559634,
    "end": 1613111559634,
    "duration": 0,
    "pid": 14852,
    "index": 52
  },
  {
    "name": "Require(43) node_modules/egg-development/app.js",
    "start": 1613111559635,
    "end": 1613111559635,
    "duration": 0,
    "pid": 14852,
    "index": 53
  },
  {
    "name": "Require(44) node_modules/egg-logrotator/app.js",
    "start": 1613111559635,
    "end": 1613111559636,
    "duration": 1,
    "pid": 14852,
    "index": 54
  },
  {
    "name": "Require(45) node_modules/egg-static/app.js",
    "start": 1613111559637,
    "end": 1613111559637,
    "duration": 0,
    "pid": 14852,
    "index": 55
  },
  {
    "name": "Require(46) node_modules/egg-mysql/app.js",
    "start": 1613111559638,
    "end": 1613111559651,
    "duration": 13,
    "pid": 14852,
    "index": 56
  },
  {
    "name": "Require(47) node_modules/egg-cors/app.js",
    "start": 1613111559652,
    "end": 1613111559652,
    "duration": 0,
    "pid": 14852,
    "index": 57
  },
  {
    "name": "Before Start in node_modules/egg-watcher/lib/init.js:15:14",
    "start": 1613111559677,
    "end": 1613111559951,
    "duration": 274,
    "pid": 14852,
    "index": 58
  },
  {
    "name": "Before Start in node_modules/egg-mysql/lib/mysql.js:20:7",
    "start": 1613111559769,
    "end": 1613111560116,
    "duration": 347,
    "pid": 14852,
    "index": 59
  },
  {
    "name": "Load Service",
    "start": 1613111559769,
    "end": 1613111559775,
    "duration": 6,
    "pid": 14852,
    "index": 60
  },
  {
    "name": "Load \"service\" to Context",
    "start": 1613111559769,
    "end": 1613111559775,
    "duration": 6,
    "pid": 14852,
    "index": 61
  },
  {
    "name": "Load Middleware",
    "start": 1613111559775,
    "end": 1613111559897,
    "duration": 122,
    "pid": 14852,
    "index": 62
  },
  {
    "name": "Load \"middlewares\" to Application",
    "start": 1613111559775,
    "end": 1613111559882,
    "duration": 107,
    "pid": 14852,
    "index": 63
  },
  {
    "name": "Load Controller",
    "start": 1613111559897,
    "end": 1613111559902,
    "duration": 5,
    "pid": 14852,
    "index": 64
  },
  {
    "name": "Load \"controller\" to Application",
    "start": 1613111559897,
    "end": 1613111559902,
    "duration": 5,
    "pid": 14852,
    "index": 65
  },
  {
    "name": "Load Router",
    "start": 1613111559902,
    "end": 1613111559906,
    "duration": 4,
    "pid": 14852,
    "index": 66
  },
  {
    "name": "Require(48) app/router.js",
    "start": 1613111559902,
    "end": 1613111559902,
    "duration": 0,
    "pid": 14852,
    "index": 67
  },
  {
    "name": "Before Start in node_modules/egg-core/lib/egg.js:303:10",
    "start": 1613111559903,
    "end": 1613111559944,
    "duration": 41,
    "pid": 14852,
    "index": 68
  }
]