[
  {
    "name": "Process Start",
    "start": 1613112382419,
    "end": 1613112383615,
    "duration": 1196,
    "pid": 18664,
    "index": 0
  },
  {
    "name": "Application Start",
    "start": 1613112383616,
    "end": 1613112384351,
    "duration": 735,
    "pid": 18664,
    "index": 1
  },
  {
    "name": "Load Plugin",
    "start": 1613112383623,
    "end": 1613112383646,
    "duration": 23,
    "pid": 18664,
    "index": 2
  },
  {
    "name": "Load Config",
    "start": 1613112383646,
    "end": 1613112383675,
    "duration": 29,
    "pid": 18664,
    "index": 3
  },
  {
    "name": "Require(0) config/config.default.js",
    "start": 1613112383647,
    "end": 1613112383647,
    "duration": 0,
    "pid": 18664,
    "index": 4
  },
  {
    "name": "Require(1) node_modules/egg-session/config/config.default.js",
    "start": 1613112383649,
    "end": 1613112383649,
    "duration": 0,
    "pid": 18664,
    "index": 5
  },
  {
    "name": "Require(2) node_modules/egg-security/config/config.default.js",
    "start": 1613112383650,
    "end": 1613112383650,
    "duration": 0,
    "pid": 18664,
    "index": 6
  },
  {
    "name": "Require(3) node_modules/egg-jsonp/config/config.default.js",
    "start": 1613112383652,
    "end": 1613112383652,
    "duration": 0,
    "pid": 18664,
    "index": 7
  },
  {
    "name": "Require(4) node_modules/egg-onerror/config/config.default.js",
    "start": 1613112383653,
    "end": 1613112383654,
    "duration": 1,
    "pid": 18664,
    "index": 8
  },
  {
    "name": "Require(5) node_modules/egg-i18n/config/config.default.js",
    "start": 1613112383654,
    "end": 1613112383655,
    "duration": 1,
    "pid": 18664,
    "index": 9
  },
  {
    "name": "Require(6) node_modules/egg-watcher/config/config.default.js",
    "start": 1613112383655,
    "end": 1613112383656,
    "duration": 1,
    "pid": 18664,
    "index": 10
  },
  {
    "name": "Require(7) node_modules/egg-schedule/config/config.default.js",
    "start": 1613112383656,
    "end": 1613112383657,
    "duration": 1,
    "pid": 18664,
    "index": 11
  },
  {
    "name": "Require(8) node_modules/egg-multipart/config/config.default.js",
    "start": 1613112383657,
    "end": 1613112383658,
    "duration": 1,
    "pid": 18664,
    "index": 12
  },
  {
    "name": "Require(9) node_modules/egg-development/config/config.default.js",
    "start": 1613112383659,
    "end": 1613112383659,
    "duration": 0,
    "pid": 18664,
    "index": 13
  },
  {
    "name": "Require(10) node_modules/egg-logrotator/config/config.default.js",
    "start": 1613112383660,
    "end": 1613112383661,
    "duration": 1,
    "pid": 18664,
    "index": 14
  },
  {
    "name": "Require(11) node_modules/egg-static/config/config.default.js",
    "start": 1613112383662,
    "end": 1613112383662,
    "duration": 0,
    "pid": 18664,
    "index": 15
  },
  {
    "name": "Require(12) node_modules/egg-view/config/config.default.js",
    "start": 1613112383663,
    "end": 1613112383664,
    "duration": 1,
    "pid": 18664,
    "index": 16
  },
  {
    "name": "Require(13) node_modules/egg-mysql/config/config.default.js",
    "start": 1613112383664,
    "end": 1613112383665,
    "duration": 1,
    "pid": 18664,
    "index": 17
  },
  {
    "name": "Require(14) node_modules/egg-cors/config/config.default.js",
    "start": 1613112383666,
    "end": 1613112383666,
    "duration": 0,
    "pid": 18664,
    "index": 18
  },
  {
    "name": "Require(15) node_modules/egg/config/config.default.js",
    "start": 1613112383667,
    "end": 1613112383667,
    "duration": 0,
    "pid": 18664,
    "index": 19
  },
  {
    "name": "Require(16) config/config.default.js",
    "start": 1613112383668,
    "end": 1613112383669,
    "duration": 1,
    "pid": 18664,
    "index": 20
  },
  {
    "name": "Require(17) node_modules/egg-security/config/config.local.js",
    "start": 1613112383669,
    "end": 1613112383670,
    "duration": 1,
    "pid": 18664,
    "index": 21
  },
  {
    "name": "Require(18) node_modules/egg-watcher/config/config.local.js",
    "start": 1613112383671,
    "end": 1613112383671,
    "duration": 0,
    "pid": 18664,
    "index": 22
  },
  {
    "name": "Require(19) node_modules/egg-view/config/config.local.js",
    "start": 1613112383673,
    "end": 1613112383673,
    "duration": 0,
    "pid": 18664,
    "index": 23
  },
  {
    "name": "Require(20) node_modules/egg/config/config.local.js",
    "start": 1613112383674,
    "end": 1613112383675,
    "duration": 1,
    "pid": 18664,
    "index": 24
  },
  {
    "name": "Load extend/application.js",
    "start": 1613112383676,
    "end": 1613112383700,
    "duration": 24,
    "pid": 18664,
    "index": 25
  },
  {
    "name": "Require(21) node_modules/egg-session/app/extend/application.js",
    "start": 1613112383677,
    "end": 1613112383678,
    "duration": 1,
    "pid": 18664,
    "index": 26
  },
  {
    "name": "Require(22) node_modules/egg-security/app/extend/application.js",
    "start": 1613112383678,
    "end": 1613112383680,
    "duration": 2,
    "pid": 18664,
    "index": 27
  },
  {
    "name": "Require(23) node_modules/egg-jsonp/app/extend/application.js",
    "start": 1613112383680,
    "end": 1613112383682,
    "duration": 2,
    "pid": 18664,
    "index": 28
  },
  {
    "name": "Require(24) node_modules/egg-logrotator/app/extend/application.js",
    "start": 1613112383684,
    "end": 1613112383694,
    "duration": 10,
    "pid": 18664,
    "index": 29
  },
  {
    "name": "Require(25) node_modules/egg-view/app/extend/application.js",
    "start": 1613112383695,
    "end": 1613112383696,
    "duration": 1,
    "pid": 18664,
    "index": 30
  },
  {
    "name": "Load extend/request.js",
    "start": 1613112383700,
    "end": 1613112383709,
    "duration": 9,
    "pid": 18664,
    "index": 31
  },
  {
    "name": "Require(26) node_modules/egg/app/extend/request.js",
    "start": 1613112383704,
    "end": 1613112383706,
    "duration": 2,
    "pid": 18664,
    "index": 32
  },
  {
    "name": "Load extend/response.js",
    "start": 1613112383709,
    "end": 1613112383720,
    "duration": 11,
    "pid": 18664,
    "index": 33
  },
  {
    "name": "Require(27) node_modules/egg/app/extend/response.js",
    "start": 1613112383713,
    "end": 1613112383715,
    "duration": 2,
    "pid": 18664,
    "index": 34
  },
  {
    "name": "Load extend/context.js",
    "start": 1613112383720,
    "end": 1613112383797,
    "duration": 77,
    "pid": 18664,
    "index": 35
  },
  {
    "name": "Require(28) node_modules/egg-security/app/extend/context.js",
    "start": 1613112383721,
    "end": 1613112383736,
    "duration": 15,
    "pid": 18664,
    "index": 36
  },
  {
    "name": "Require(29) node_modules/egg-jsonp/app/extend/context.js",
    "start": 1613112383736,
    "end": 1613112383738,
    "duration": 2,
    "pid": 18664,
    "index": 37
  },
  {
    "name": "Require(30) node_modules/egg-i18n/app/extend/context.js",
    "start": 1613112383739,
    "end": 1613112383739,
    "duration": 0,
    "pid": 18664,
    "index": 38
  },
  {
    "name": "Require(31) node_modules/egg-multipart/app/extend/context.js",
    "start": 1613112383740,
    "end": 1613112383787,
    "duration": 47,
    "pid": 18664,
    "index": 39
  },
  {
    "name": "Require(32) node_modules/egg-view/app/extend/context.js",
    "start": 1613112383788,
    "end": 1613112383789,
    "duration": 1,
    "pid": 18664,
    "index": 40
  },
  {
    "name": "Require(33) node_modules/egg/app/extend/context.js",
    "start": 1613112383790,
    "end": 1613112383791,
    "duration": 1,
    "pid": 18664,
    "index": 41
  },
  {
    "name": "Load extend/helper.js",
    "start": 1613112383797,
    "end": 1613112383826,
    "duration": 29,
    "pid": 18664,
    "index": 42
  },
  {
    "name": "Require(34) node_modules/egg-security/app/extend/helper.js",
    "start": 1613112383797,
    "end": 1613112383816,
    "duration": 19,
    "pid": 18664,
    "index": 43
  },
  {
    "name": "Require(35) node_modules/egg/app/extend/helper.js",
    "start": 1613112383821,
    "end": 1613112383821,
    "duration": 0,
    "pid": 18664,
    "index": 44
  },
  {
    "name": "Load app.js",
    "start": 1613112383826,
    "end": 1613112383895,
    "duration": 69,
    "pid": 18664,
    "index": 45
  },
  {
    "name": "Require(36) node_modules/egg-session/app.js",
    "start": 1613112383828,
    "end": 1613112383828,
    "duration": 0,
    "pid": 18664,
    "index": 46
  },
  {
    "name": "Require(37) node_modules/egg-security/app.js",
    "start": 1613112383828,
    "end": 1613112383830,
    "duration": 2,
    "pid": 18664,
    "index": 47
  },
  {
    "name": "Require(38) node_modules/egg-onerror/app.js",
    "start": 1613112383830,
    "end": 1613112383846,
    "duration": 16,
    "pid": 18664,
    "index": 48
  },
  {
    "name": "Require(39) node_modules/egg-i18n/app.js",
    "start": 1613112383846,
    "end": 1613112383857,
    "duration": 11,
    "pid": 18664,
    "index": 49
  },
  {
    "name": "Require(40) node_modules/egg-watcher/app.js",
    "start": 1613112383857,
    "end": 1613112383872,
    "duration": 15,
    "pid": 18664,
    "index": 50
  },
  {
    "name": "Require(41) node_modules/egg-schedule/app.js",
    "start": 1613112383873,
    "end": 1613112383875,
    "duration": 2,
    "pid": 18664,
    "index": 51
  },
  {
    "name": "Require(42) node_modules/egg-multipart/app.js",
    "start": 1613112383875,
    "end": 1613112383876,
    "duration": 1,
    "pid": 18664,
    "index": 52
  },
  {
    "name": "Require(43) node_modules/egg-development/app.js",
    "start": 1613112383877,
    "end": 1613112383877,
    "duration": 0,
    "pid": 18664,
    "index": 53
  },
  {
    "name": "Require(44) node_modules/egg-logrotator/app.js",
    "start": 1613112383878,
    "end": 1613112383878,
    "duration": 0,
    "pid": 18664,
    "index": 54
  },
  {
    "name": "Require(45) node_modules/egg-static/app.js",
    "start": 1613112383878,
    "end": 1613112383879,
    "duration": 1,
    "pid": 18664,
    "index": 55
  },
  {
    "name": "Require(46) node_modules/egg-mysql/app.js",
    "start": 1613112383879,
    "end": 1613112383893,
    "duration": 14,
    "pid": 18664,
    "index": 56
  },
  {
    "name": "Require(47) node_modules/egg-cors/app.js",
    "start": 1613112383894,
    "end": 1613112383894,
    "duration": 0,
    "pid": 18664,
    "index": 57
  },
  {
    "name": "Before Start in node_modules/egg-watcher/lib/init.js:15:14",
    "start": 1613112383907,
    "end": 1613112384189,
    "duration": 282,
    "pid": 18664,
    "index": 58
  },
  {
    "name": "Before Start in node_modules/egg-mysql/lib/mysql.js:20:7",
    "start": 1613112383999,
    "end": 1613112384350,
    "duration": 351,
    "pid": 18664,
    "index": 59
  },
  {
    "name": "Load Service",
    "start": 1613112383999,
    "end": 1613112384005,
    "duration": 6,
    "pid": 18664,
    "index": 60
  },
  {
    "name": "Load \"service\" to Context",
    "start": 1613112383999,
    "end": 1613112384005,
    "duration": 6,
    "pid": 18664,
    "index": 61
  },
  {
    "name": "Load Middleware",
    "start": 1613112384005,
    "end": 1613112384161,
    "duration": 156,
    "pid": 18664,
    "index": 62
  },
  {
    "name": "Load \"middlewares\" to Application",
    "start": 1613112384005,
    "end": 1613112384145,
    "duration": 140,
    "pid": 18664,
    "index": 63
  },
  {
    "name": "Load Controller",
    "start": 1613112384161,
    "end": 1613112384166,
    "duration": 5,
    "pid": 18664,
    "index": 64
  },
  {
    "name": "Load \"controller\" to Application",
    "start": 1613112384162,
    "end": 1613112384166,
    "duration": 4,
    "pid": 18664,
    "index": 65
  },
  {
    "name": "Load Router",
    "start": 1613112384166,
    "end": 1613112384171,
    "duration": 5,
    "pid": 18664,
    "index": 66
  },
  {
    "name": "Require(48) app/router.js",
    "start": 1613112384167,
    "end": 1613112384167,
    "duration": 0,
    "pid": 18664,
    "index": 67
  },
  {
    "name": "Before Start in node_modules/egg-core/lib/egg.js:303:10",
    "start": 1613112384168,
    "end": 1613112384183,
    "duration": 15,
    "pid": 18664,
    "index": 68
  }
]