[
  {
    "name": "Process Start",
    "start": 1613113407734,
    "end": 1613113408918,
    "duration": 1184,
    "pid": 8776,
    "index": 0
  },
  {
    "name": "Application Start",
    "start": 1613113408919,
    "end": 1613113409615,
    "duration": 696,
    "pid": 8776,
    "index": 1
  },
  {
    "name": "Load Plugin",
    "start": 1613113408925,
    "end": 1613113408952,
    "duration": 27,
    "pid": 8776,
    "index": 2
  },
  {
    "name": "Load Config",
    "start": 1613113408953,
    "end": 1613113408983,
    "duration": 30,
    "pid": 8776,
    "index": 3
  },
  {
    "name": "Require(0) config/config.default.js",
    "start": 1613113408953,
    "end": 1613113408954,
    "duration": 1,
    "pid": 8776,
    "index": 4
  },
  {
    "name": "Require(1) node_modules/egg-session/config/config.default.js",
    "start": 1613113408955,
    "end": 1613113408956,
    "duration": 1,
    "pid": 8776,
    "index": 5
  },
  {
    "name": "Require(2) node_modules/egg-security/config/config.default.js",
    "start": 1613113408956,
    "end": 1613113408957,
    "duration": 1,
    "pid": 8776,
    "index": 6
  },
  {
    "name": "Require(3) node_modules/egg-jsonp/config/config.default.js",
    "start": 1613113408958,
    "end": 1613113408959,
    "duration": 1,
    "pid": 8776,
    "index": 7
  },
  {
    "name": "Require(4) node_modules/egg-onerror/config/config.default.js",
    "start": 1613113408960,
    "end": 1613113408961,
    "duration": 1,
    "pid": 8776,
    "index": 8
  },
  {
    "name": "Require(5) node_modules/egg-i18n/config/config.default.js",
    "start": 1613113408961,
    "end": 1613113408962,
    "duration": 1,
    "pid": 8776,
    "index": 9
  },
  {
    "name": "Require(6) node_modules/egg-watcher/config/config.default.js",
    "start": 1613113408963,
    "end": 1613113408963,
    "duration": 0,
    "pid": 8776,
    "index": 10
  },
  {
    "name": "Require(7) node_modules/egg-schedule/config/config.default.js",
    "start": 1613113408965,
    "end": 1613113408965,
    "duration": 0,
    "pid": 8776,
    "index": 11
  },
  {
    "name": "Require(8) node_modules/egg-multipart/config/config.default.js",
    "start": 1613113408966,
    "end": 1613113408966,
    "duration": 0,
    "pid": 8776,
    "index": 12
  },
  {
    "name": "Require(9) node_modules/egg-development/config/config.default.js",
    "start": 1613113408967,
    "end": 1613113408968,
    "duration": 1,
    "pid": 8776,
    "index": 13
  },
  {
    "name": "Require(10) node_modules/egg-logrotator/config/config.default.js",
    "start": 1613113408968,
    "end": 1613113408969,
    "duration": 1,
    "pid": 8776,
    "index": 14
  },
  {
    "name": "Require(11) node_modules/egg-static/config/config.default.js",
    "start": 1613113408969,
    "end": 1613113408970,
    "duration": 1,
    "pid": 8776,
    "index": 15
  },
  {
    "name": "Require(12) node_modules/egg-view/config/config.default.js",
    "start": 1613113408970,
    "end": 1613113408971,
    "duration": 1,
    "pid": 8776,
    "index": 16
  },
  {
    "name": "Require(13) node_modules/egg-mysql/config/config.default.js",
    "start": 1613113408972,
    "end": 1613113408972,
    "duration": 0,
    "pid": 8776,
    "index": 17
  },
  {
    "name": "Require(14) node_modules/egg-cors/config/config.default.js",
    "start": 1613113408973,
    "end": 1613113408973,
    "duration": 0,
    "pid": 8776,
    "index": 18
  },
  {
    "name": "Require(15) node_modules/egg/config/config.default.js",
    "start": 1613113408974,
    "end": 1613113408974,
    "duration": 0,
    "pid": 8776,
    "index": 19
  },
  {
    "name": "Require(16) config/config.default.js",
    "start": 1613113408975,
    "end": 1613113408975,
    "duration": 0,
    "pid": 8776,
    "index": 20
  },
  {
    "name": "Require(17) node_modules/egg-security/config/config.local.js",
    "start": 1613113408976,
    "end": 1613113408976,
    "duration": 0,
    "pid": 8776,
    "index": 21
  },
  {
    "name": "Require(18) node_modules/egg-watcher/config/config.local.js",
    "start": 1613113408977,
    "end": 1613113408978,
    "duration": 1,
    "pid": 8776,
    "index": 22
  },
  {
    "name": "Require(19) node_modules/egg-view/config/config.local.js",
    "start": 1613113408980,
    "end": 1613113408980,
    "duration": 0,
    "pid": 8776,
    "index": 23
  },
  {
    "name": "Require(20) node_modules/egg/config/config.local.js",
    "start": 1613113408982,
    "end": 1613113408982,
    "duration": 0,
    "pid": 8776,
    "index": 24
  },
  {
    "name": "Load extend/application.js",
    "start": 1613113408984,
    "end": 1613113409007,
    "duration": 23,
    "pid": 8776,
    "index": 25
  },
  {
    "name": "Require(21) node_modules/egg-session/app/extend/application.js",
    "start": 1613113408984,
    "end": 1613113408985,
    "duration": 1,
    "pid": 8776,
    "index": 26
  },
  {
    "name": "Require(22) node_modules/egg-security/app/extend/application.js",
    "start": 1613113408985,
    "end": 1613113408987,
    "duration": 2,
    "pid": 8776,
    "index": 27
  },
  {
    "name": "Require(23) node_modules/egg-jsonp/app/extend/application.js",
    "start": 1613113408987,
    "end": 1613113408989,
    "duration": 2,
    "pid": 8776,
    "index": 28
  },
  {
    "name": "Require(24) node_modules/egg-logrotator/app/extend/application.js",
    "start": 1613113408991,
    "end": 1613113409000,
    "duration": 9,
    "pid": 8776,
    "index": 29
  },
  {
    "name": "Require(25) node_modules/egg-view/app/extend/application.js",
    "start": 1613113409001,
    "end": 1613113409002,
    "duration": 1,
    "pid": 8776,
    "index": 30
  },
  {
    "name": "Load extend/request.js",
    "start": 1613113409007,
    "end": 1613113409016,
    "duration": 9,
    "pid": 8776,
    "index": 31
  },
  {
    "name": "Require(26) node_modules/egg/app/extend/request.js",
    "start": 1613113409011,
    "end": 1613113409012,
    "duration": 1,
    "pid": 8776,
    "index": 32
  },
  {
    "name": "Load extend/response.js",
    "start": 1613113409016,
    "end": 1613113409027,
    "duration": 11,
    "pid": 8776,
    "index": 33
  },
  {
    "name": "Require(27) node_modules/egg/app/extend/response.js",
    "start": 1613113409019,
    "end": 1613113409022,
    "duration": 3,
    "pid": 8776,
    "index": 34
  },
  {
    "name": "Load extend/context.js",
    "start": 1613113409027,
    "end": 1613113409103,
    "duration": 76,
    "pid": 8776,
    "index": 35
  },
  {
    "name": "Require(28) node_modules/egg-security/app/extend/context.js",
    "start": 1613113409028,
    "end": 1613113409044,
    "duration": 16,
    "pid": 8776,
    "index": 36
  },
  {
    "name": "Require(29) node_modules/egg-jsonp/app/extend/context.js",
    "start": 1613113409044,
    "end": 1613113409046,
    "duration": 2,
    "pid": 8776,
    "index": 37
  },
  {
    "name": "Require(30) node_modules/egg-i18n/app/extend/context.js",
    "start": 1613113409046,
    "end": 1613113409047,
    "duration": 1,
    "pid": 8776,
    "index": 38
  },
  {
    "name": "Require(31) node_modules/egg-multipart/app/extend/context.js",
    "start": 1613113409048,
    "end": 1613113409094,
    "duration": 46,
    "pid": 8776,
    "index": 39
  },
  {
    "name": "Require(32) node_modules/egg-view/app/extend/context.js",
    "start": 1613113409095,
    "end": 1613113409097,
    "duration": 2,
    "pid": 8776,
    "index": 40
  },
  {
    "name": "Require(33) node_modules/egg/app/extend/context.js",
    "start": 1613113409098,
    "end": 1613113409099,
    "duration": 1,
    "pid": 8776,
    "index": 41
  },
  {
    "name": "Load extend/helper.js",
    "start": 1613113409103,
    "end": 1613113409128,
    "duration": 25,
    "pid": 8776,
    "index": 42
  },
  {
    "name": "Require(34) node_modules/egg-security/app/extend/helper.js",
    "start": 1613113409104,
    "end": 1613113409120,
    "duration": 16,
    "pid": 8776,
    "index": 43
  },
  {
    "name": "Require(35) node_modules/egg/app/extend/helper.js",
    "start": 1613113409124,
    "end": 1613113409124,
    "duration": 0,
    "pid": 8776,
    "index": 44
  },
  {
    "name": "Load app.js",
    "start": 1613113409128,
    "end": 1613113409193,
    "duration": 65,
    "pid": 8776,
    "index": 45
  },
  {
    "name": "Require(36) node_modules/egg-session/app.js",
    "start": 1613113409129,
    "end": 1613113409129,
    "duration": 0,
    "pid": 8776,
    "index": 46
  },
  {
    "name": "Require(37) node_modules/egg-security/app.js",
    "start": 1613113409130,
    "end": 1613113409131,
    "duration": 1,
    "pid": 8776,
    "index": 47
  },
  {
    "name": "Require(38) node_modules/egg-onerror/app.js",
    "start": 1613113409132,
    "end": 1613113409141,
    "duration": 9,
    "pid": 8776,
    "index": 48
  },
  {
    "name": "Require(39) node_modules/egg-i18n/app.js",
    "start": 1613113409142,
    "end": 1613113409151,
    "duration": 9,
    "pid": 8776,
    "index": 49
  },
  {
    "name": "Require(40) node_modules/egg-watcher/app.js",
    "start": 1613113409152,
    "end": 1613113409155,
    "duration": 3,
    "pid": 8776,
    "index": 50
  },
  {
    "name": "Require(41) node_modules/egg-schedule/app.js",
    "start": 1613113409155,
    "end": 1613113409156,
    "duration": 1,
    "pid": 8776,
    "index": 51
  },
  {
    "name": "Require(42) node_modules/egg-multipart/app.js",
    "start": 1613113409157,
    "end": 1613113409157,
    "duration": 0,
    "pid": 8776,
    "index": 52
  },
  {
    "name": "Require(43) node_modules/egg-development/app.js",
    "start": 1613113409158,
    "end": 1613113409158,
    "duration": 0,
    "pid": 8776,
    "index": 53
  },
  {
    "name": "Require(44) node_modules/egg-logrotator/app.js",
    "start": 1613113409158,
    "end": 1613113409159,
    "duration": 1,
    "pid": 8776,
    "index": 54
  },
  {
    "name": "Require(45) node_modules/egg-static/app.js",
    "start": 1613113409159,
    "end": 1613113409159,
    "duration": 0,
    "pid": 8776,
    "index": 55
  },
  {
    "name": "Require(46) node_modules/egg-mysql/app.js",
    "start": 1613113409160,
    "end": 1613113409191,
    "duration": 31,
    "pid": 8776,
    "index": 56
  },
  {
    "name": "Require(47) node_modules/egg-cors/app.js",
    "start": 1613113409192,
    "end": 1613113409192,
    "duration": 0,
    "pid": 8776,
    "index": 57
  },
  {
    "name": "Before Start in node_modules/egg-watcher/lib/init.js:15:14",
    "start": 1613113409205,
    "end": 1613113409481,
    "duration": 276,
    "pid": 8776,
    "index": 58
  },
  {
    "name": "Before Start in node_modules/egg-mysql/lib/mysql.js:20:7",
    "start": 1613113409295,
    "end": 1613113409614,
    "duration": 319,
    "pid": 8776,
    "index": 59
  },
  {
    "name": "Load Service",
    "start": 1613113409295,
    "end": 1613113409301,
    "duration": 6,
    "pid": 8776,
    "index": 60
  },
  {
    "name": "Load \"service\" to Context",
    "start": 1613113409295,
    "end": 1613113409301,
    "duration": 6,
    "pid": 8776,
    "index": 61
  },
  {
    "name": "Load Middleware",
    "start": 1613113409301,
    "end": 1613113409452,
    "duration": 151,
    "pid": 8776,
    "index": 62
  },
  {
    "name": "Load \"middlewares\" to Application",
    "start": 1613113409301,
    "end": 1613113409408,
    "duration": 107,
    "pid": 8776,
    "index": 63
  },
  {
    "name": "Load Controller",
    "start": 1613113409452,
    "end": 1613113409456,
    "duration": 4,
    "pid": 8776,
    "index": 64
  },
  {
    "name": "Load \"controller\" to Application",
    "start": 1613113409452,
    "end": 1613113409456,
    "duration": 4,
    "pid": 8776,
    "index": 65
  },
  {
    "name": "Load Router",
    "start": 1613113409456,
    "end": 1613113409462,
    "duration": 6,
    "pid": 8776,
    "index": 66
  },
  {
    "name": "Require(48) app/router.js",
    "start": 1613113409456,
    "end": 1613113409457,
    "duration": 1,
    "pid": 8776,
    "index": 67
  },
  {
    "name": "Before Start in node_modules/egg-core/lib/egg.js:303:10",
    "start": 1613113409458,
    "end": 1613113409473,
    "duration": 15,
    "pid": 8776,
    "index": 68
  }
]