[
  {
    "name": "Process Start",
    "start": 1613023393876,
    "end": 1613023395392,
    "duration": 1516,
    "pid": 3740,
    "index": 0
  },
  {
    "name": "Application Start",
    "start": 1613023395393,
    "end": 1613023396155,
    "duration": 762,
    "pid": 3740,
    "index": 1
  },
  {
    "name": "Load Plugin",
    "start": 1613023395399,
    "end": 1613023395423,
    "duration": 24,
    "pid": 3740,
    "index": 2
  },
  {
    "name": "Load Config",
    "start": 1613023395423,
    "end": 1613023395453,
    "duration": 30,
    "pid": 3740,
    "index": 3
  },
  {
    "name": "Require(0) config/config.default.js",
    "start": 1613023395424,
    "end": 1613023395425,
    "duration": 1,
    "pid": 3740,
    "index": 4
  },
  {
    "name": "Require(1) node_modules/egg-session/config/config.default.js",
    "start": 1613023395427,
    "end": 1613023395427,
    "duration": 0,
    "pid": 3740,
    "index": 5
  },
  {
    "name": "Require(2) node_modules/egg-security/config/config.default.js",
    "start": 1613023395428,
    "end": 1613023395428,
    "duration": 0,
    "pid": 3740,
    "index": 6
  },
  {
    "name": "Require(3) node_modules/egg-jsonp/config/config.default.js",
    "start": 1613023395430,
    "end": 1613023395430,
    "duration": 0,
    "pid": 3740,
    "index": 7
  },
  {
    "name": "Require(4) node_modules/egg-onerror/config/config.default.js",
    "start": 1613023395431,
    "end": 1613023395432,
    "duration": 1,
    "pid": 3740,
    "index": 8
  },
  {
    "name": "Require(5) node_modules/egg-i18n/config/config.default.js",
    "start": 1613023395432,
    "end": 1613023395433,
    "duration": 1,
    "pid": 3740,
    "index": 9
  },
  {
    "name": "Require(6) node_modules/egg-watcher/config/config.default.js",
    "start": 1613023395433,
    "end": 1613023395434,
    "duration": 1,
    "pid": 3740,
    "index": 10
  },
  {
    "name": "Require(7) node_modules/egg-schedule/config/config.default.js",
    "start": 1613023395434,
    "end": 1613023395435,
    "duration": 1,
    "pid": 3740,
    "index": 11
  },
  {
    "name": "Require(8) node_modules/egg-multipart/config/config.default.js",
    "start": 1613023395436,
    "end": 1613023395436,
    "duration": 0,
    "pid": 3740,
    "index": 12
  },
  {
    "name": "Require(9) node_modules/egg-development/config/config.default.js",
    "start": 1613023395437,
    "end": 1613023395437,
    "duration": 0,
    "pid": 3740,
    "index": 13
  },
  {
    "name": "Require(10) node_modules/egg-logrotator/config/config.default.js",
    "start": 1613023395438,
    "end": 1613023395438,
    "duration": 0,
    "pid": 3740,
    "index": 14
  },
  {
    "name": "Require(11) node_modules/egg-static/config/config.default.js",
    "start": 1613023395439,
    "end": 1613023395440,
    "duration": 1,
    "pid": 3740,
    "index": 15
  },
  {
    "name": "Require(12) node_modules/egg-view/config/config.default.js",
    "start": 1613023395440,
    "end": 1613023395441,
    "duration": 1,
    "pid": 3740,
    "index": 16
  },
  {
    "name": "Require(13) node_modules/egg-mysql/config/config.default.js",
    "start": 1613023395442,
    "end": 1613023395442,
    "duration": 0,
    "pid": 3740,
    "index": 17
  },
  {
    "name": "Require(14) node_modules/egg-cors/config/config.default.js",
    "start": 1613023395443,
    "end": 1613023395443,
    "duration": 0,
    "pid": 3740,
    "index": 18
  },
  {
    "name": "Require(15) node_modules/egg/config/config.default.js",
    "start": 1613023395444,
    "end": 1613023395444,
    "duration": 0,
    "pid": 3740,
    "index": 19
  },
  {
    "name": "Require(16) config/config.default.js",
    "start": 1613023395446,
    "end": 1613023395446,
    "duration": 0,
    "pid": 3740,
    "index": 20
  },
  {
    "name": "Require(17) node_modules/egg-security/config/config.local.js",
    "start": 1613023395447,
    "end": 1613023395447,
    "duration": 0,
    "pid": 3740,
    "index": 21
  },
  {
    "name": "Require(18) node_modules/egg-watcher/config/config.local.js",
    "start": 1613023395449,
    "end": 1613023395449,
    "duration": 0,
    "pid": 3740,
    "index": 22
  },
  {
    "name": "Require(19) node_modules/egg-view/config/config.local.js",
    "start": 1613023395451,
    "end": 1613023395451,
    "duration": 0,
    "pid": 3740,
    "index": 23
  },
  {
    "name": "Require(20) node_modules/egg/config/config.local.js",
    "start": 1613023395452,
    "end": 1613023395452,
    "duration": 0,
    "pid": 3740,
    "index": 24
  },
  {
    "name": "Load extend/application.js",
    "start": 1613023395454,
    "end": 1613023395482,
    "duration": 28,
    "pid": 3740,
    "index": 25
  },
  {
    "name": "Require(21) node_modules/egg-session/app/extend/application.js",
    "start": 1613023395455,
    "end": 1613023395455,
    "duration": 0,
    "pid": 3740,
    "index": 26
  },
  {
    "name": "Require(22) node_modules/egg-security/app/extend/application.js",
    "start": 1613023395456,
    "end": 1613023395458,
    "duration": 2,
    "pid": 3740,
    "index": 27
  },
  {
    "name": "Require(23) node_modules/egg-jsonp/app/extend/application.js",
    "start": 1613023395458,
    "end": 1613023395460,
    "duration": 2,
    "pid": 3740,
    "index": 28
  },
  {
    "name": "Require(24) node_modules/egg-logrotator/app/extend/application.js",
    "start": 1613023395463,
    "end": 1613023395474,
    "duration": 11,
    "pid": 3740,
    "index": 29
  },
  {
    "name": "Require(25) node_modules/egg-view/app/extend/application.js",
    "start": 1613023395475,
    "end": 1613023395477,
    "duration": 2,
    "pid": 3740,
    "index": 30
  },
  {
    "name": "Load extend/request.js",
    "start": 1613023395482,
    "end": 1613023395491,
    "duration": 9,
    "pid": 3740,
    "index": 31
  },
  {
    "name": "Require(26) node_modules/egg/app/extend/request.js",
    "start": 1613023395486,
    "end": 1613023395487,
    "duration": 1,
    "pid": 3740,
    "index": 32
  },
  {
    "name": "Load extend/response.js",
    "start": 1613023395491,
    "end": 1613023395501,
    "duration": 10,
    "pid": 3740,
    "index": 33
  },
  {
    "name": "Require(27) node_modules/egg/app/extend/response.js",
    "start": 1613023395494,
    "end": 1613023395498,
    "duration": 4,
    "pid": 3740,
    "index": 34
  },
  {
    "name": "Load extend/context.js",
    "start": 1613023395501,
    "end": 1613023395596,
    "duration": 95,
    "pid": 3740,
    "index": 35
  },
  {
    "name": "Require(28) node_modules/egg-security/app/extend/context.js",
    "start": 1613023395502,
    "end": 1613023395521,
    "duration": 19,
    "pid": 3740,
    "index": 36
  },
  {
    "name": "Require(29) node_modules/egg-jsonp/app/extend/context.js",
    "start": 1613023395522,
    "end": 1613023395524,
    "duration": 2,
    "pid": 3740,
    "index": 37
  },
  {
    "name": "Require(30) node_modules/egg-i18n/app/extend/context.js",
    "start": 1613023395525,
    "end": 1613023395525,
    "duration": 0,
    "pid": 3740,
    "index": 38
  },
  {
    "name": "Require(31) node_modules/egg-multipart/app/extend/context.js",
    "start": 1613023395527,
    "end": 1613023395587,
    "duration": 60,
    "pid": 3740,
    "index": 39
  },
  {
    "name": "Require(32) node_modules/egg-view/app/extend/context.js",
    "start": 1613023395588,
    "end": 1613023395589,
    "duration": 1,
    "pid": 3740,
    "index": 40
  },
  {
    "name": "Require(33) node_modules/egg/app/extend/context.js",
    "start": 1613023395590,
    "end": 1613023395591,
    "duration": 1,
    "pid": 3740,
    "index": 41
  },
  {
    "name": "Load extend/helper.js",
    "start": 1613023395596,
    "end": 1613023395646,
    "duration": 50,
    "pid": 3740,
    "index": 42
  },
  {
    "name": "Require(34) node_modules/egg-security/app/extend/helper.js",
    "start": 1613023395596,
    "end": 1613023395635,
    "duration": 39,
    "pid": 3740,
    "index": 43
  },
  {
    "name": "Require(35) node_modules/egg/app/extend/helper.js",
    "start": 1613023395640,
    "end": 1613023395640,
    "duration": 0,
    "pid": 3740,
    "index": 44
  },
  {
    "name": "Load app.js",
    "start": 1613023395646,
    "end": 1613023395703,
    "duration": 57,
    "pid": 3740,
    "index": 45
  },
  {
    "name": "Require(36) node_modules/egg-session/app.js",
    "start": 1613023395647,
    "end": 1613023395647,
    "duration": 0,
    "pid": 3740,
    "index": 46
  },
  {
    "name": "Require(37) node_modules/egg-security/app.js",
    "start": 1613023395647,
    "end": 1613023395649,
    "duration": 2,
    "pid": 3740,
    "index": 47
  },
  {
    "name": "Require(38) node_modules/egg-onerror/app.js",
    "start": 1613023395650,
    "end": 1613023395663,
    "duration": 13,
    "pid": 3740,
    "index": 48
  },
  {
    "name": "Require(39) node_modules/egg-i18n/app.js",
    "start": 1613023395663,
    "end": 1613023395674,
    "duration": 11,
    "pid": 3740,
    "index": 49
  },
  {
    "name": "Require(40) node_modules/egg-watcher/app.js",
    "start": 1613023395675,
    "end": 1613023395679,
    "duration": 4,
    "pid": 3740,
    "index": 50
  },
  {
    "name": "Require(41) node_modules/egg-schedule/app.js",
    "start": 1613023395679,
    "end": 1613023395681,
    "duration": 2,
    "pid": 3740,
    "index": 51
  },
  {
    "name": "Require(42) node_modules/egg-multipart/app.js",
    "start": 1613023395682,
    "end": 1613023395682,
    "duration": 0,
    "pid": 3740,
    "index": 52
  },
  {
    "name": "Require(43) node_modules/egg-development/app.js",
    "start": 1613023395683,
    "end": 1613023395683,
    "duration": 0,
    "pid": 3740,
    "index": 53
  },
  {
    "name": "Require(44) node_modules/egg-logrotator/app.js",
    "start": 1613023395684,
    "end": 1613023395684,
    "duration": 0,
    "pid": 3740,
    "index": 54
  },
  {
    "name": "Require(45) node_modules/egg-static/app.js",
    "start": 1613023395684,
    "end": 1613023395685,
    "duration": 1,
    "pid": 3740,
    "index": 55
  },
  {
    "name": "Require(46) node_modules/egg-mysql/app.js",
    "start": 1613023395685,
    "end": 1613023395701,
    "duration": 16,
    "pid": 3740,
    "index": 56
  },
  {
    "name": "Require(47) node_modules/egg-cors/app.js",
    "start": 1613023395701,
    "end": 1613023395701,
    "duration": 0,
    "pid": 3740,
    "index": 57
  },
  {
    "name": "Before Start in node_modules/egg-watcher/lib/init.js:15:14",
    "start": 1613023395714,
    "end": 1613023396001,
    "duration": 287,
    "pid": 3740,
    "index": 58
  },
  {
    "name": "Before Start in node_modules/egg-mysql/lib/mysql.js:20:7",
    "start": 1613023395814,
    "end": 1613023396154,
    "duration": 340,
    "pid": 3740,
    "index": 59
  },
  {
    "name": "Load Service",
    "start": 1613023395814,
    "end": 1613023395820,
    "duration": 6,
    "pid": 3740,
    "index": 60
  },
  {
    "name": "Load \"service\" to Context",
    "start": 1613023395814,
    "end": 1613023395820,
    "duration": 6,
    "pid": 3740,
    "index": 61
  },
  {
    "name": "Load Middleware",
    "start": 1613023395821,
    "end": 1613023395973,
    "duration": 152,
    "pid": 3740,
    "index": 62
  },
  {
    "name": "Load \"middlewares\" to Application",
    "start": 1613023395821,
    "end": 1613023395958,
    "duration": 137,
    "pid": 3740,
    "index": 63
  },
  {
    "name": "Load Controller",
    "start": 1613023395973,
    "end": 1613023395977,
    "duration": 4,
    "pid": 3740,
    "index": 64
  },
  {
    "name": "Load \"controller\" to Application",
    "start": 1613023395973,
    "end": 1613023395977,
    "duration": 4,
    "pid": 3740,
    "index": 65
  },
  {
    "name": "Load Router",
    "start": 1613023395977,
    "end": 1613023395982,
    "duration": 5,
    "pid": 3740,
    "index": 66
  },
  {
    "name": "Require(48) app/router.js",
    "start": 1613023395978,
    "end": 1613023395978,
    "duration": 0,
    "pid": 3740,
    "index": 67
  },
  {
    "name": "Before Start in node_modules/egg-core/lib/egg.js:303:10",
    "start": 1613023395979,
    "end": 1613023395992,
    "duration": 13,
    "pid": 3740,
    "index": 68
  }
]