[
  {
    "name": "Process Start",
    "start": 1613023396255,
    "end": 1613023397773,
    "duration": 1518,
    "pid": 18804,
    "index": 0
  },
  {
    "name": "Application Start",
    "start": 1613023397774,
    "end": 1613023398718,
    "duration": 944,
    "pid": 18804,
    "index": 1
  },
  {
    "name": "Load Plugin",
    "start": 1613023397780,
    "end": 1613023397802,
    "duration": 22,
    "pid": 18804,
    "index": 2
  },
  {
    "name": "Load Config",
    "start": 1613023397802,
    "end": 1613023397835,
    "duration": 33,
    "pid": 18804,
    "index": 3
  },
  {
    "name": "Require(0) config/config.default.js",
    "start": 1613023397803,
    "end": 1613023397804,
    "duration": 1,
    "pid": 18804,
    "index": 4
  },
  {
    "name": "Require(1) node_modules/egg-session/config/config.default.js",
    "start": 1613023397805,
    "end": 1613023397806,
    "duration": 1,
    "pid": 18804,
    "index": 5
  },
  {
    "name": "Require(2) node_modules/egg-security/config/config.default.js",
    "start": 1613023397806,
    "end": 1613023397807,
    "duration": 1,
    "pid": 18804,
    "index": 6
  },
  {
    "name": "Require(3) node_modules/egg-jsonp/config/config.default.js",
    "start": 1613023397808,
    "end": 1613023397809,
    "duration": 1,
    "pid": 18804,
    "index": 7
  },
  {
    "name": "Require(4) node_modules/egg-onerror/config/config.default.js",
    "start": 1613023397810,
    "end": 1613023397810,
    "duration": 0,
    "pid": 18804,
    "index": 8
  },
  {
    "name": "Require(5) node_modules/egg-i18n/config/config.default.js",
    "start": 1613023397811,
    "end": 1613023397811,
    "duration": 0,
    "pid": 18804,
    "index": 9
  },
  {
    "name": "Require(6) node_modules/egg-watcher/config/config.default.js",
    "start": 1613023397812,
    "end": 1613023397812,
    "duration": 0,
    "pid": 18804,
    "index": 10
  },
  {
    "name": "Require(7) node_modules/egg-schedule/config/config.default.js",
    "start": 1613023397813,
    "end": 1613023397814,
    "duration": 1,
    "pid": 18804,
    "index": 11
  },
  {
    "name": "Require(8) node_modules/egg-multipart/config/config.default.js",
    "start": 1613023397814,
    "end": 1613023397815,
    "duration": 1,
    "pid": 18804,
    "index": 12
  },
  {
    "name": "Require(9) node_modules/egg-development/config/config.default.js",
    "start": 1613023397816,
    "end": 1613023397816,
    "duration": 0,
    "pid": 18804,
    "index": 13
  },
  {
    "name": "Require(10) node_modules/egg-logrotator/config/config.default.js",
    "start": 1613023397817,
    "end": 1613023397817,
    "duration": 0,
    "pid": 18804,
    "index": 14
  },
  {
    "name": "Require(11) node_modules/egg-static/config/config.default.js",
    "start": 1613023397818,
    "end": 1613023397819,
    "duration": 1,
    "pid": 18804,
    "index": 15
  },
  {
    "name": "Require(12) node_modules/egg-view/config/config.default.js",
    "start": 1613023397820,
    "end": 1613023397821,
    "duration": 1,
    "pid": 18804,
    "index": 16
  },
  {
    "name": "Require(13) node_modules/egg-mysql/config/config.default.js",
    "start": 1613023397821,
    "end": 1613023397822,
    "duration": 1,
    "pid": 18804,
    "index": 17
  },
  {
    "name": "Require(14) node_modules/egg-cors/config/config.default.js",
    "start": 1613023397822,
    "end": 1613023397823,
    "duration": 1,
    "pid": 18804,
    "index": 18
  },
  {
    "name": "Require(15) node_modules/egg/config/config.default.js",
    "start": 1613023397824,
    "end": 1613023397824,
    "duration": 0,
    "pid": 18804,
    "index": 19
  },
  {
    "name": "Require(16) config/config.default.js",
    "start": 1613023397826,
    "end": 1613023397826,
    "duration": 0,
    "pid": 18804,
    "index": 20
  },
  {
    "name": "Require(17) node_modules/egg-security/config/config.local.js",
    "start": 1613023397829,
    "end": 1613023397829,
    "duration": 0,
    "pid": 18804,
    "index": 21
  },
  {
    "name": "Require(18) node_modules/egg-watcher/config/config.local.js",
    "start": 1613023397831,
    "end": 1613023397831,
    "duration": 0,
    "pid": 18804,
    "index": 22
  },
  {
    "name": "Require(19) node_modules/egg-view/config/config.local.js",
    "start": 1613023397833,
    "end": 1613023397833,
    "duration": 0,
    "pid": 18804,
    "index": 23
  },
  {
    "name": "Require(20) node_modules/egg/config/config.local.js",
    "start": 1613023397834,
    "end": 1613023397835,
    "duration": 1,
    "pid": 18804,
    "index": 24
  },
  {
    "name": "Load extend/application.js",
    "start": 1613023397836,
    "end": 1613023397859,
    "duration": 23,
    "pid": 18804,
    "index": 25
  },
  {
    "name": "Require(21) node_modules/egg-session/app/extend/application.js",
    "start": 1613023397837,
    "end": 1613023397838,
    "duration": 1,
    "pid": 18804,
    "index": 26
  },
  {
    "name": "Require(22) node_modules/egg-security/app/extend/application.js",
    "start": 1613023397838,
    "end": 1613023397839,
    "duration": 1,
    "pid": 18804,
    "index": 27
  },
  {
    "name": "Require(23) node_modules/egg-jsonp/app/extend/application.js",
    "start": 1613023397840,
    "end": 1613023397842,
    "duration": 2,
    "pid": 18804,
    "index": 28
  },
  {
    "name": "Require(24) node_modules/egg-logrotator/app/extend/application.js",
    "start": 1613023397844,
    "end": 1613023397852,
    "duration": 8,
    "pid": 18804,
    "index": 29
  },
  {
    "name": "Require(25) node_modules/egg-view/app/extend/application.js",
    "start": 1613023397853,
    "end": 1613023397855,
    "duration": 2,
    "pid": 18804,
    "index": 30
  },
  {
    "name": "Load extend/request.js",
    "start": 1613023397859,
    "end": 1613023397869,
    "duration": 10,
    "pid": 18804,
    "index": 31
  },
  {
    "name": "Require(26) node_modules/egg/app/extend/request.js",
    "start": 1613023397863,
    "end": 1613023397864,
    "duration": 1,
    "pid": 18804,
    "index": 32
  },
  {
    "name": "Load extend/response.js",
    "start": 1613023397869,
    "end": 1613023397878,
    "duration": 9,
    "pid": 18804,
    "index": 33
  },
  {
    "name": "Require(27) node_modules/egg/app/extend/response.js",
    "start": 1613023397872,
    "end": 1613023397874,
    "duration": 2,
    "pid": 18804,
    "index": 34
  },
  {
    "name": "Load extend/context.js",
    "start": 1613023397878,
    "end": 1613023397965,
    "duration": 87,
    "pid": 18804,
    "index": 35
  },
  {
    "name": "Require(28) node_modules/egg-security/app/extend/context.js",
    "start": 1613023397879,
    "end": 1613023397910,
    "duration": 31,
    "pid": 18804,
    "index": 36
  },
  {
    "name": "Require(29) node_modules/egg-jsonp/app/extend/context.js",
    "start": 1613023397911,
    "end": 1613023397912,
    "duration": 1,
    "pid": 18804,
    "index": 37
  },
  {
    "name": "Require(30) node_modules/egg-i18n/app/extend/context.js",
    "start": 1613023397913,
    "end": 1613023397913,
    "duration": 0,
    "pid": 18804,
    "index": 38
  },
  {
    "name": "Require(31) node_modules/egg-multipart/app/extend/context.js",
    "start": 1613023397914,
    "end": 1613023397958,
    "duration": 44,
    "pid": 18804,
    "index": 39
  },
  {
    "name": "Require(32) node_modules/egg-view/app/extend/context.js",
    "start": 1613023397959,
    "end": 1613023397960,
    "duration": 1,
    "pid": 18804,
    "index": 40
  },
  {
    "name": "Require(33) node_modules/egg/app/extend/context.js",
    "start": 1613023397961,
    "end": 1613023397962,
    "duration": 1,
    "pid": 18804,
    "index": 41
  },
  {
    "name": "Load extend/helper.js",
    "start": 1613023397966,
    "end": 1613023397991,
    "duration": 25,
    "pid": 18804,
    "index": 42
  },
  {
    "name": "Require(34) node_modules/egg-security/app/extend/helper.js",
    "start": 1613023397966,
    "end": 1613023397983,
    "duration": 17,
    "pid": 18804,
    "index": 43
  },
  {
    "name": "Require(35) node_modules/egg/app/extend/helper.js",
    "start": 1613023397987,
    "end": 1613023397987,
    "duration": 0,
    "pid": 18804,
    "index": 44
  },
  {
    "name": "Load app.js",
    "start": 1613023397991,
    "end": 1613023398039,
    "duration": 48,
    "pid": 18804,
    "index": 45
  },
  {
    "name": "Require(36) node_modules/egg-session/app.js",
    "start": 1613023397992,
    "end": 1613023397992,
    "duration": 0,
    "pid": 18804,
    "index": 46
  },
  {
    "name": "Require(37) node_modules/egg-security/app.js",
    "start": 1613023397993,
    "end": 1613023397994,
    "duration": 1,
    "pid": 18804,
    "index": 47
  },
  {
    "name": "Require(38) node_modules/egg-onerror/app.js",
    "start": 1613023397995,
    "end": 1613023398005,
    "duration": 10,
    "pid": 18804,
    "index": 48
  },
  {
    "name": "Require(39) node_modules/egg-i18n/app.js",
    "start": 1613023398005,
    "end": 1613023398015,
    "duration": 10,
    "pid": 18804,
    "index": 49
  },
  {
    "name": "Require(40) node_modules/egg-watcher/app.js",
    "start": 1613023398015,
    "end": 1613023398019,
    "duration": 4,
    "pid": 18804,
    "index": 50
  },
  {
    "name": "Require(41) node_modules/egg-schedule/app.js",
    "start": 1613023398019,
    "end": 1613023398021,
    "duration": 2,
    "pid": 18804,
    "index": 51
  },
  {
    "name": "Require(42) node_modules/egg-multipart/app.js",
    "start": 1613023398021,
    "end": 1613023398022,
    "duration": 1,
    "pid": 18804,
    "index": 52
  },
  {
    "name": "Require(43) node_modules/egg-development/app.js",
    "start": 1613023398022,
    "end": 1613023398022,
    "duration": 0,
    "pid": 18804,
    "index": 53
  },
  {
    "name": "Require(44) node_modules/egg-logrotator/app.js",
    "start": 1613023398023,
    "end": 1613023398023,
    "duration": 0,
    "pid": 18804,
    "index": 54
  },
  {
    "name": "Require(45) node_modules/egg-static/app.js",
    "start": 1613023398023,
    "end": 1613023398023,
    "duration": 0,
    "pid": 18804,
    "index": 55
  },
  {
    "name": "Require(46) node_modules/egg-mysql/app.js",
    "start": 1613023398024,
    "end": 1613023398037,
    "duration": 13,
    "pid": 18804,
    "index": 56
  },
  {
    "name": "Require(47) node_modules/egg-cors/app.js",
    "start": 1613023398038,
    "end": 1613023398038,
    "duration": 0,
    "pid": 18804,
    "index": 57
  },
  {
    "name": "Before Start in node_modules/egg-watcher/lib/init.js:15:14",
    "start": 1613023398051,
    "end": 1613023398331,
    "duration": 280,
    "pid": 18804,
    "index": 58
  },
  {
    "name": "Before Start in node_modules/egg-mysql/lib/mysql.js:20:7",
    "start": 1613023398164,
    "end": 1613023398718,
    "duration": 554,
    "pid": 18804,
    "index": 59
  },
  {
    "name": "Load Service",
    "start": 1613023398164,
    "end": 1613023398169,
    "duration": 5,
    "pid": 18804,
    "index": 60
  },
  {
    "name": "Load \"service\" to Context",
    "start": 1613023398164,
    "end": 1613023398169,
    "duration": 5,
    "pid": 18804,
    "index": 61
  },
  {
    "name": "Load Middleware",
    "start": 1613023398169,
    "end": 1613023398296,
    "duration": 127,
    "pid": 18804,
    "index": 62
  },
  {
    "name": "Load \"middlewares\" to Application",
    "start": 1613023398170,
    "end": 1613023398278,
    "duration": 108,
    "pid": 18804,
    "index": 63
  },
  {
    "name": "Load Controller",
    "start": 1613023398296,
    "end": 1613023398302,
    "duration": 6,
    "pid": 18804,
    "index": 64
  },
  {
    "name": "Load \"controller\" to Application",
    "start": 1613023398296,
    "end": 1613023398302,
    "duration": 6,
    "pid": 18804,
    "index": 65
  },
  {
    "name": "Load Router",
    "start": 1613023398302,
    "end": 1613023398309,
    "duration": 7,
    "pid": 18804,
    "index": 66
  },
  {
    "name": "Require(48) app/router.js",
    "start": 1613023398303,
    "end": 1613023398303,
    "duration": 0,
    "pid": 18804,
    "index": 67
  },
  {
    "name": "Before Start in node_modules/egg-core/lib/egg.js:303:10",
    "start": 1613023398305,
    "end": 1613023398323,
    "duration": 18,
    "pid": 18804,
    "index": 68
  }
]