[
  {
    "name": "Process Start",
    "start": 1626924993406,
    "end": 1626924994610,
    "duration": 1204,
    "pid": 18176,
    "index": 0
  },
  {
    "name": "Application Start",
    "start": 1626924994610,
    "end": 1626924996328,
    "duration": 1718,
    "pid": 18176,
    "index": 1
  },
  {
    "name": "Load Plugin",
    "start": 1626924994616,
    "end": 1626924994642,
    "duration": 26,
    "pid": 18176,
    "index": 2
  },
  {
    "name": "Load Config",
    "start": 1626924994642,
    "end": 1626924994672,
    "duration": 30,
    "pid": 18176,
    "index": 3
  },
  {
    "name": "Require(0) config/config.default.js",
    "start": 1626924994643,
    "end": 1626924994643,
    "duration": 0,
    "pid": 18176,
    "index": 4
  },
  {
    "name": "Require(1) node_modules/egg-session/config/config.default.js",
    "start": 1626924994645,
    "end": 1626924994645,
    "duration": 0,
    "pid": 18176,
    "index": 5
  },
  {
    "name": "Require(2) node_modules/egg-security/config/config.default.js",
    "start": 1626924994646,
    "end": 1626924994646,
    "duration": 0,
    "pid": 18176,
    "index": 6
  },
  {
    "name": "Require(3) node_modules/egg-jsonp/config/config.default.js",
    "start": 1626924994647,
    "end": 1626924994648,
    "duration": 1,
    "pid": 18176,
    "index": 7
  },
  {
    "name": "Require(4) node_modules/egg-onerror/config/config.default.js",
    "start": 1626924994648,
    "end": 1626924994649,
    "duration": 1,
    "pid": 18176,
    "index": 8
  },
  {
    "name": "Require(5) node_modules/egg-i18n/config/config.default.js",
    "start": 1626924994649,
    "end": 1626924994650,
    "duration": 1,
    "pid": 18176,
    "index": 9
  },
  {
    "name": "Require(6) node_modules/egg-watcher/config/config.default.js",
    "start": 1626924994650,
    "end": 1626924994651,
    "duration": 1,
    "pid": 18176,
    "index": 10
  },
  {
    "name": "Require(7) node_modules/egg-schedule/config/config.default.js",
    "start": 1626924994651,
    "end": 1626924994652,
    "duration": 1,
    "pid": 18176,
    "index": 11
  },
  {
    "name": "Require(8) node_modules/egg-multipart/config/config.default.js",
    "start": 1626924994652,
    "end": 1626924994653,
    "duration": 1,
    "pid": 18176,
    "index": 12
  },
  {
    "name": "Require(9) node_modules/egg-development/config/config.default.js",
    "start": 1626924994654,
    "end": 1626924994654,
    "duration": 0,
    "pid": 18176,
    "index": 13
  },
  {
    "name": "Require(10) node_modules/egg-logrotator/config/config.default.js",
    "start": 1626924994655,
    "end": 1626924994656,
    "duration": 1,
    "pid": 18176,
    "index": 14
  },
  {
    "name": "Require(11) node_modules/egg-static/config/config.default.js",
    "start": 1626924994656,
    "end": 1626924994657,
    "duration": 1,
    "pid": 18176,
    "index": 15
  },
  {
    "name": "Require(12) node_modules/egg-view/config/config.default.js",
    "start": 1626924994657,
    "end": 1626924994659,
    "duration": 2,
    "pid": 18176,
    "index": 16
  },
  {
    "name": "Require(13) node_modules/egg-mysql/config/config.default.js",
    "start": 1626924994659,
    "end": 1626924994660,
    "duration": 1,
    "pid": 18176,
    "index": 17
  },
  {
    "name": "Require(14) node_modules/egg-cors/config/config.default.js",
    "start": 1626924994661,
    "end": 1626924994661,
    "duration": 0,
    "pid": 18176,
    "index": 18
  },
  {
    "name": "Require(15) node_modules/egg-jwt/config/config.default.js",
    "start": 1626924994662,
    "end": 1626924994662,
    "duration": 0,
    "pid": 18176,
    "index": 19
  },
  {
    "name": "Require(16) node_modules/egg/config/config.default.js",
    "start": 1626924994662,
    "end": 1626924994663,
    "duration": 1,
    "pid": 18176,
    "index": 20
  },
  {
    "name": "Require(17) config/config.default.js",
    "start": 1626924994664,
    "end": 1626924994664,
    "duration": 0,
    "pid": 18176,
    "index": 21
  },
  {
    "name": "Require(18) node_modules/egg-security/config/config.local.js",
    "start": 1626924994665,
    "end": 1626924994665,
    "duration": 0,
    "pid": 18176,
    "index": 22
  },
  {
    "name": "Require(19) node_modules/egg-watcher/config/config.local.js",
    "start": 1626924994666,
    "end": 1626924994666,
    "duration": 0,
    "pid": 18176,
    "index": 23
  },
  {
    "name": "Require(20) node_modules/egg-view/config/config.local.js",
    "start": 1626924994669,
    "end": 1626924994670,
    "duration": 1,
    "pid": 18176,
    "index": 24
  },
  {
    "name": "Require(21) node_modules/egg/config/config.local.js",
    "start": 1626924994671,
    "end": 1626924994672,
    "duration": 1,
    "pid": 18176,
    "index": 25
  },
  {
    "name": "Load extend/application.js",
    "start": 1626924994673,
    "end": 1626924994747,
    "duration": 74,
    "pid": 18176,
    "index": 26
  },
  {
    "name": "Require(22) node_modules/egg-session/app/extend/application.js",
    "start": 1626924994674,
    "end": 1626924994674,
    "duration": 0,
    "pid": 18176,
    "index": 27
  },
  {
    "name": "Require(23) node_modules/egg-security/app/extend/application.js",
    "start": 1626924994675,
    "end": 1626924994676,
    "duration": 1,
    "pid": 18176,
    "index": 28
  },
  {
    "name": "Require(24) node_modules/egg-jsonp/app/extend/application.js",
    "start": 1626924994677,
    "end": 1626924994678,
    "duration": 1,
    "pid": 18176,
    "index": 29
  },
  {
    "name": "Require(25) node_modules/egg-logrotator/app/extend/application.js",
    "start": 1626924994682,
    "end": 1626924994690,
    "duration": 8,
    "pid": 18176,
    "index": 30
  },
  {
    "name": "Require(26) node_modules/egg-view/app/extend/application.js",
    "start": 1626924994691,
    "end": 1626924994693,
    "duration": 2,
    "pid": 18176,
    "index": 31
  },
  {
    "name": "Require(27) node_modules/egg-jwt/app/extend/application.js",
    "start": 1626924994694,
    "end": 1626924994742,
    "duration": 48,
    "pid": 18176,
    "index": 32
  },
  {
    "name": "Load extend/request.js",
    "start": 1626924994747,
    "end": 1626924994756,
    "duration": 9,
    "pid": 18176,
    "index": 33
  },
  {
    "name": "Require(28) node_modules/egg/app/extend/request.js",
    "start": 1626924994751,
    "end": 1626924994752,
    "duration": 1,
    "pid": 18176,
    "index": 34
  },
  {
    "name": "Load extend/response.js",
    "start": 1626924994756,
    "end": 1626924994769,
    "duration": 13,
    "pid": 18176,
    "index": 35
  },
  {
    "name": "Require(29) node_modules/egg/app/extend/response.js",
    "start": 1626924994760,
    "end": 1626924994762,
    "duration": 2,
    "pid": 18176,
    "index": 36
  },
  {
    "name": "Load extend/context.js",
    "start": 1626924994769,
    "end": 1626924994850,
    "duration": 81,
    "pid": 18176,
    "index": 37
  },
  {
    "name": "Require(30) node_modules/egg-security/app/extend/context.js",
    "start": 1626924994770,
    "end": 1626924994785,
    "duration": 15,
    "pid": 18176,
    "index": 38
  },
  {
    "name": "Require(31) node_modules/egg-jsonp/app/extend/context.js",
    "start": 1626924994786,
    "end": 1626924994787,
    "duration": 1,
    "pid": 18176,
    "index": 39
  },
  {
    "name": "Require(32) node_modules/egg-i18n/app/extend/context.js",
    "start": 1626924994788,
    "end": 1626924994789,
    "duration": 1,
    "pid": 18176,
    "index": 40
  },
  {
    "name": "Require(33) node_modules/egg-multipart/app/extend/context.js",
    "start": 1626924994790,
    "end": 1626924994839,
    "duration": 49,
    "pid": 18176,
    "index": 41
  },
  {
    "name": "Require(34) node_modules/egg-view/app/extend/context.js",
    "start": 1626924994840,
    "end": 1626924994841,
    "duration": 1,
    "pid": 18176,
    "index": 42
  },
  {
    "name": "Require(35) node_modules/egg/app/extend/context.js",
    "start": 1626924994842,
    "end": 1626924994844,
    "duration": 2,
    "pid": 18176,
    "index": 43
  },
  {
    "name": "Load extend/helper.js",
    "start": 1626924994850,
    "end": 1626924994881,
    "duration": 31,
    "pid": 18176,
    "index": 44
  },
  {
    "name": "Require(36) node_modules/egg-security/app/extend/helper.js",
    "start": 1626924994850,
    "end": 1626924994871,
    "duration": 21,
    "pid": 18176,
    "index": 45
  },
  {
    "name": "Require(37) node_modules/egg/app/extend/helper.js",
    "start": 1626924994875,
    "end": 1626924994875,
    "duration": 0,
    "pid": 18176,
    "index": 46
  },
  {
    "name": "Load app.js",
    "start": 1626924994881,
    "end": 1626924994936,
    "duration": 55,
    "pid": 18176,
    "index": 47
  },
  {
    "name": "Require(38) node_modules/egg-session/app.js",
    "start": 1626924994881,
    "end": 1626924994882,
    "duration": 1,
    "pid": 18176,
    "index": 48
  },
  {
    "name": "Require(39) node_modules/egg-security/app.js",
    "start": 1626924994882,
    "end": 1626924994887,
    "duration": 5,
    "pid": 18176,
    "index": 49
  },
  {
    "name": "Require(40) node_modules/egg-onerror/app.js",
    "start": 1626924994888,
    "end": 1626924994897,
    "duration": 9,
    "pid": 18176,
    "index": 50
  },
  {
    "name": "Require(41) node_modules/egg-i18n/app.js",
    "start": 1626924994898,
    "end": 1626924994908,
    "duration": 10,
    "pid": 18176,
    "index": 51
  },
  {
    "name": "Require(42) node_modules/egg-watcher/app.js",
    "start": 1626924994909,
    "end": 1626924994912,
    "duration": 3,
    "pid": 18176,
    "index": 52
  },
  {
    "name": "Require(43) node_modules/egg-schedule/app.js",
    "start": 1626924994913,
    "end": 1626924994914,
    "duration": 1,
    "pid": 18176,
    "index": 53
  },
  {
    "name": "Require(44) node_modules/egg-multipart/app.js",
    "start": 1626924994915,
    "end": 1626924994915,
    "duration": 0,
    "pid": 18176,
    "index": 54
  },
  {
    "name": "Require(45) node_modules/egg-development/app.js",
    "start": 1626924994916,
    "end": 1626924994916,
    "duration": 0,
    "pid": 18176,
    "index": 55
  },
  {
    "name": "Require(46) node_modules/egg-logrotator/app.js",
    "start": 1626924994916,
    "end": 1626924994916,
    "duration": 0,
    "pid": 18176,
    "index": 56
  },
  {
    "name": "Require(47) node_modules/egg-static/app.js",
    "start": 1626924994917,
    "end": 1626924994917,
    "duration": 0,
    "pid": 18176,
    "index": 57
  },
  {
    "name": "Require(48) node_modules/egg-mysql/app.js",
    "start": 1626924994919,
    "end": 1626924994933,
    "duration": 14,
    "pid": 18176,
    "index": 58
  },
  {
    "name": "Require(49) node_modules/egg-cors/app.js",
    "start": 1626924994933,
    "end": 1626924994934,
    "duration": 1,
    "pid": 18176,
    "index": 59
  },
  {
    "name": "Require(50) node_modules/egg-jwt/app.js",
    "start": 1626924994934,
    "end": 1626924994935,
    "duration": 1,
    "pid": 18176,
    "index": 60
  },
  {
    "name": "Before Start in node_modules/egg-watcher/lib/init.js:15:14",
    "start": 1626924994946,
    "end": 1626924995233,
    "duration": 287,
    "pid": 18176,
    "index": 61
  },
  {
    "name": "Before Start in node_modules/egg-mysql/lib/mysql.js:20:7",
    "start": 1626924995050,
    "end": 1626924996328,
    "duration": 1278,
    "pid": 18176,
    "index": 62
  },
  {
    "name": "Load Service",
    "start": 1626924995051,
    "end": 1626924995060,
    "duration": 9,
    "pid": 18176,
    "index": 63
  },
  {
    "name": "Load \"service\" to Context",
    "start": 1626924995051,
    "end": 1626924995060,
    "duration": 9,
    "pid": 18176,
    "index": 64
  },
  {
    "name": "Load Middleware",
    "start": 1626924995060,
    "end": 1626924995199,
    "duration": 139,
    "pid": 18176,
    "index": 65
  },
  {
    "name": "Load \"middlewares\" to Application",
    "start": 1626924995061,
    "end": 1626924995185,
    "duration": 124,
    "pid": 18176,
    "index": 66
  },
  {
    "name": "Load Controller",
    "start": 1626924995199,
    "end": 1626924995204,
    "duration": 5,
    "pid": 18176,
    "index": 67
  },
  {
    "name": "Load \"controller\" to Application",
    "start": 1626924995199,
    "end": 1626924995204,
    "duration": 5,
    "pid": 18176,
    "index": 68
  },
  {
    "name": "Load Router",
    "start": 1626924995204,
    "end": 1626924995208,
    "duration": 4,
    "pid": 18176,
    "index": 69
  },
  {
    "name": "Require(51) app/router.js",
    "start": 1626924995205,
    "end": 1626924995205,
    "duration": 0,
    "pid": 18176,
    "index": 70
  },
  {
    "name": "Before Start in node_modules/egg-core/lib/egg.js:303:10",
    "start": 1626924995206,
    "end": 1626924995220,
    "duration": 14,
    "pid": 18176,
    "index": 71
  }
]