[
  {
    "name": "Process Start",
    "start": 1613111513675,
    "end": 1613111514860,
    "duration": 1185,
    "pid": 17072,
    "index": 0
  },
  {
    "name": "Application Start",
    "start": 1613111514860,
    "end": 1613111515533,
    "duration": 673,
    "pid": 17072,
    "index": 1
  },
  {
    "name": "Load Plugin",
    "start": 1613111514866,
    "end": 1613111514887,
    "duration": 21,
    "pid": 17072,
    "index": 2
  },
  {
    "name": "Load Config",
    "start": 1613111514887,
    "end": 1613111514911,
    "duration": 24,
    "pid": 17072,
    "index": 3
  },
  {
    "name": "Require(0) config/config.default.js",
    "start": 1613111514887,
    "end": 1613111514888,
    "duration": 1,
    "pid": 17072,
    "index": 4
  },
  {
    "name": "Require(1) node_modules/egg-session/config/config.default.js",
    "start": 1613111514889,
    "end": 1613111514890,
    "duration": 1,
    "pid": 17072,
    "index": 5
  },
  {
    "name": "Require(2) node_modules/egg-security/config/config.default.js",
    "start": 1613111514890,
    "end": 1613111514891,
    "duration": 1,
    "pid": 17072,
    "index": 6
  },
  {
    "name": "Require(3) node_modules/egg-jsonp/config/config.default.js",
    "start": 1613111514892,
    "end": 1613111514892,
    "duration": 0,
    "pid": 17072,
    "index": 7
  },
  {
    "name": "Require(4) node_modules/egg-onerror/config/config.default.js",
    "start": 1613111514893,
    "end": 1613111514893,
    "duration": 0,
    "pid": 17072,
    "index": 8
  },
  {
    "name": "Require(5) node_modules/egg-i18n/config/config.default.js",
    "start": 1613111514894,
    "end": 1613111514894,
    "duration": 0,
    "pid": 17072,
    "index": 9
  },
  {
    "name": "Require(6) node_modules/egg-watcher/config/config.default.js",
    "start": 1613111514895,
    "end": 1613111514895,
    "duration": 0,
    "pid": 17072,
    "index": 10
  },
  {
    "name": "Require(7) node_modules/egg-schedule/config/config.default.js",
    "start": 1613111514896,
    "end": 1613111514896,
    "duration": 0,
    "pid": 17072,
    "index": 11
  },
  {
    "name": "Require(8) node_modules/egg-multipart/config/config.default.js",
    "start": 1613111514897,
    "end": 1613111514897,
    "duration": 0,
    "pid": 17072,
    "index": 12
  },
  {
    "name": "Require(9) node_modules/egg-development/config/config.default.js",
    "start": 1613111514898,
    "end": 1613111514898,
    "duration": 0,
    "pid": 17072,
    "index": 13
  },
  {
    "name": "Require(10) node_modules/egg-logrotator/config/config.default.js",
    "start": 1613111514899,
    "end": 1613111514899,
    "duration": 0,
    "pid": 17072,
    "index": 14
  },
  {
    "name": "Require(11) node_modules/egg-static/config/config.default.js",
    "start": 1613111514900,
    "end": 1613111514900,
    "duration": 0,
    "pid": 17072,
    "index": 15
  },
  {
    "name": "Require(12) node_modules/egg-view/config/config.default.js",
    "start": 1613111514901,
    "end": 1613111514901,
    "duration": 0,
    "pid": 17072,
    "index": 16
  },
  {
    "name": "Require(13) node_modules/egg-mysql/config/config.default.js",
    "start": 1613111514902,
    "end": 1613111514902,
    "duration": 0,
    "pid": 17072,
    "index": 17
  },
  {
    "name": "Require(14) node_modules/egg-cors/config/config.default.js",
    "start": 1613111514903,
    "end": 1613111514904,
    "duration": 1,
    "pid": 17072,
    "index": 18
  },
  {
    "name": "Require(15) node_modules/egg/config/config.default.js",
    "start": 1613111514904,
    "end": 1613111514904,
    "duration": 0,
    "pid": 17072,
    "index": 19
  },
  {
    "name": "Require(16) config/config.default.js",
    "start": 1613111514906,
    "end": 1613111514906,
    "duration": 0,
    "pid": 17072,
    "index": 20
  },
  {
    "name": "Require(17) node_modules/egg-security/config/config.local.js",
    "start": 1613111514906,
    "end": 1613111514907,
    "duration": 1,
    "pid": 17072,
    "index": 21
  },
  {
    "name": "Require(18) node_modules/egg-watcher/config/config.local.js",
    "start": 1613111514908,
    "end": 1613111514908,
    "duration": 0,
    "pid": 17072,
    "index": 22
  },
  {
    "name": "Require(19) node_modules/egg-view/config/config.local.js",
    "start": 1613111514910,
    "end": 1613111514910,
    "duration": 0,
    "pid": 17072,
    "index": 23
  },
  {
    "name": "Require(20) node_modules/egg/config/config.local.js",
    "start": 1613111514911,
    "end": 1613111514911,
    "duration": 0,
    "pid": 17072,
    "index": 24
  },
  {
    "name": "Load extend/application.js",
    "start": 1613111514912,
    "end": 1613111514935,
    "duration": 23,
    "pid": 17072,
    "index": 25
  },
  {
    "name": "Require(21) node_modules/egg-session/app/extend/application.js",
    "start": 1613111514913,
    "end": 1613111514913,
    "duration": 0,
    "pid": 17072,
    "index": 26
  },
  {
    "name": "Require(22) node_modules/egg-security/app/extend/application.js",
    "start": 1613111514914,
    "end": 1613111514915,
    "duration": 1,
    "pid": 17072,
    "index": 27
  },
  {
    "name": "Require(23) node_modules/egg-jsonp/app/extend/application.js",
    "start": 1613111514915,
    "end": 1613111514917,
    "duration": 2,
    "pid": 17072,
    "index": 28
  },
  {
    "name": "Require(24) node_modules/egg-logrotator/app/extend/application.js",
    "start": 1613111514922,
    "end": 1613111514928,
    "duration": 6,
    "pid": 17072,
    "index": 29
  },
  {
    "name": "Require(25) node_modules/egg-view/app/extend/application.js",
    "start": 1613111514929,
    "end": 1613111514931,
    "duration": 2,
    "pid": 17072,
    "index": 30
  },
  {
    "name": "Load extend/request.js",
    "start": 1613111514935,
    "end": 1613111514944,
    "duration": 9,
    "pid": 17072,
    "index": 31
  },
  {
    "name": "Require(26) node_modules/egg/app/extend/request.js",
    "start": 1613111514939,
    "end": 1613111514940,
    "duration": 1,
    "pid": 17072,
    "index": 32
  },
  {
    "name": "Load extend/response.js",
    "start": 1613111514944,
    "end": 1613111514953,
    "duration": 9,
    "pid": 17072,
    "index": 33
  },
  {
    "name": "Require(27) node_modules/egg/app/extend/response.js",
    "start": 1613111514947,
    "end": 1613111514949,
    "duration": 2,
    "pid": 17072,
    "index": 34
  },
  {
    "name": "Load extend/context.js",
    "start": 1613111514953,
    "end": 1613111515031,
    "duration": 78,
    "pid": 17072,
    "index": 35
  },
  {
    "name": "Require(28) node_modules/egg-security/app/extend/context.js",
    "start": 1613111514954,
    "end": 1613111514970,
    "duration": 16,
    "pid": 17072,
    "index": 36
  },
  {
    "name": "Require(29) node_modules/egg-jsonp/app/extend/context.js",
    "start": 1613111514970,
    "end": 1613111514972,
    "duration": 2,
    "pid": 17072,
    "index": 37
  },
  {
    "name": "Require(30) node_modules/egg-i18n/app/extend/context.js",
    "start": 1613111514972,
    "end": 1613111514973,
    "duration": 1,
    "pid": 17072,
    "index": 38
  },
  {
    "name": "Require(31) node_modules/egg-multipart/app/extend/context.js",
    "start": 1613111514973,
    "end": 1613111515023,
    "duration": 50,
    "pid": 17072,
    "index": 39
  },
  {
    "name": "Require(32) node_modules/egg-view/app/extend/context.js",
    "start": 1613111515024,
    "end": 1613111515025,
    "duration": 1,
    "pid": 17072,
    "index": 40
  },
  {
    "name": "Require(33) node_modules/egg/app/extend/context.js",
    "start": 1613111515026,
    "end": 1613111515027,
    "duration": 1,
    "pid": 17072,
    "index": 41
  },
  {
    "name": "Load extend/helper.js",
    "start": 1613111515031,
    "end": 1613111515057,
    "duration": 26,
    "pid": 17072,
    "index": 42
  },
  {
    "name": "Require(34) node_modules/egg-security/app/extend/helper.js",
    "start": 1613111515032,
    "end": 1613111515049,
    "duration": 17,
    "pid": 17072,
    "index": 43
  },
  {
    "name": "Require(35) node_modules/egg/app/extend/helper.js",
    "start": 1613111515053,
    "end": 1613111515053,
    "duration": 0,
    "pid": 17072,
    "index": 44
  },
  {
    "name": "Load app.js",
    "start": 1613111515057,
    "end": 1613111515121,
    "duration": 64,
    "pid": 17072,
    "index": 45
  },
  {
    "name": "Require(36) node_modules/egg-session/app.js",
    "start": 1613111515057,
    "end": 1613111515058,
    "duration": 1,
    "pid": 17072,
    "index": 46
  },
  {
    "name": "Require(37) node_modules/egg-security/app.js",
    "start": 1613111515059,
    "end": 1613111515060,
    "duration": 1,
    "pid": 17072,
    "index": 47
  },
  {
    "name": "Require(38) node_modules/egg-onerror/app.js",
    "start": 1613111515061,
    "end": 1613111515070,
    "duration": 9,
    "pid": 17072,
    "index": 48
  },
  {
    "name": "Require(39) node_modules/egg-i18n/app.js",
    "start": 1613111515071,
    "end": 1613111515080,
    "duration": 9,
    "pid": 17072,
    "index": 49
  },
  {
    "name": "Require(40) node_modules/egg-watcher/app.js",
    "start": 1613111515081,
    "end": 1613111515084,
    "duration": 3,
    "pid": 17072,
    "index": 50
  },
  {
    "name": "Require(41) node_modules/egg-schedule/app.js",
    "start": 1613111515085,
    "end": 1613111515086,
    "duration": 1,
    "pid": 17072,
    "index": 51
  },
  {
    "name": "Require(42) node_modules/egg-multipart/app.js",
    "start": 1613111515087,
    "end": 1613111515087,
    "duration": 0,
    "pid": 17072,
    "index": 52
  },
  {
    "name": "Require(43) node_modules/egg-development/app.js",
    "start": 1613111515088,
    "end": 1613111515088,
    "duration": 0,
    "pid": 17072,
    "index": 53
  },
  {
    "name": "Require(44) node_modules/egg-logrotator/app.js",
    "start": 1613111515088,
    "end": 1613111515089,
    "duration": 1,
    "pid": 17072,
    "index": 54
  },
  {
    "name": "Require(45) node_modules/egg-static/app.js",
    "start": 1613111515089,
    "end": 1613111515089,
    "duration": 0,
    "pid": 17072,
    "index": 55
  },
  {
    "name": "Require(46) node_modules/egg-mysql/app.js",
    "start": 1613111515092,
    "end": 1613111515117,
    "duration": 25,
    "pid": 17072,
    "index": 56
  },
  {
    "name": "Require(47) node_modules/egg-cors/app.js",
    "start": 1613111515117,
    "end": 1613111515120,
    "duration": 3,
    "pid": 17072,
    "index": 57
  },
  {
    "name": "Before Start in node_modules/egg-watcher/lib/init.js:15:14",
    "start": 1613111515131,
    "end": 1613111515407,
    "duration": 276,
    "pid": 17072,
    "index": 58
  },
  {
    "name": "Before Start in node_modules/egg-mysql/lib/mysql.js:20:7",
    "start": 1613111515226,
    "end": 1613111515531,
    "duration": 305,
    "pid": 17072,
    "index": 59
  },
  {
    "name": "Load Service",
    "start": 1613111515226,
    "end": 1613111515231,
    "duration": 5,
    "pid": 17072,
    "index": 60
  },
  {
    "name": "Load \"service\" to Context",
    "start": 1613111515226,
    "end": 1613111515231,
    "duration": 5,
    "pid": 17072,
    "index": 61
  },
  {
    "name": "Load Middleware",
    "start": 1613111515232,
    "end": 1613111515379,
    "duration": 147,
    "pid": 17072,
    "index": 62
  },
  {
    "name": "Load \"middlewares\" to Application",
    "start": 1613111515232,
    "end": 1613111515365,
    "duration": 133,
    "pid": 17072,
    "index": 63
  },
  {
    "name": "Load Controller",
    "start": 1613111515380,
    "end": 1613111515384,
    "duration": 4,
    "pid": 17072,
    "index": 64
  },
  {
    "name": "Load \"controller\" to Application",
    "start": 1613111515380,
    "end": 1613111515384,
    "duration": 4,
    "pid": 17072,
    "index": 65
  },
  {
    "name": "Load Router",
    "start": 1613111515384,
    "end": 1613111515389,
    "duration": 5,
    "pid": 17072,
    "index": 66
  },
  {
    "name": "Require(48) app/router.js",
    "start": 1613111515384,
    "end": 1613111515384,
    "duration": 0,
    "pid": 17072,
    "index": 67
  },
  {
    "name": "Before Start in node_modules/egg-core/lib/egg.js:303:10",
    "start": 1613111515385,
    "end": 1613111515400,
    "duration": 15,
    "pid": 17072,
    "index": 68
  }
]