[
  {
    "name": "Process Start",
    "start": 1613111962643,
    "end": 1613111963938,
    "duration": 1295,
    "pid": 1416,
    "index": 0
  },
  {
    "name": "Application Start",
    "start": 1613111963938,
    "end": 1613111964652,
    "duration": 714,
    "pid": 1416,
    "index": 1
  },
  {
    "name": "Load Plugin",
    "start": 1613111963957,
    "end": 1613111963977,
    "duration": 20,
    "pid": 1416,
    "index": 2
  },
  {
    "name": "Load Config",
    "start": 1613111963977,
    "end": 1613111964002,
    "duration": 25,
    "pid": 1416,
    "index": 3
  },
  {
    "name": "Require(0) config/config.default.js",
    "start": 1613111963979,
    "end": 1613111963979,
    "duration": 0,
    "pid": 1416,
    "index": 4
  },
  {
    "name": "Require(1) node_modules/egg-session/config/config.default.js",
    "start": 1613111963980,
    "end": 1613111963981,
    "duration": 1,
    "pid": 1416,
    "index": 5
  },
  {
    "name": "Require(2) node_modules/egg-security/config/config.default.js",
    "start": 1613111963981,
    "end": 1613111963982,
    "duration": 1,
    "pid": 1416,
    "index": 6
  },
  {
    "name": "Require(3) node_modules/egg-jsonp/config/config.default.js",
    "start": 1613111963983,
    "end": 1613111963983,
    "duration": 0,
    "pid": 1416,
    "index": 7
  },
  {
    "name": "Require(4) node_modules/egg-onerror/config/config.default.js",
    "start": 1613111963984,
    "end": 1613111963984,
    "duration": 0,
    "pid": 1416,
    "index": 8
  },
  {
    "name": "Require(5) node_modules/egg-i18n/config/config.default.js",
    "start": 1613111963985,
    "end": 1613111963985,
    "duration": 0,
    "pid": 1416,
    "index": 9
  },
  {
    "name": "Require(6) node_modules/egg-watcher/config/config.default.js",
    "start": 1613111963986,
    "end": 1613111963986,
    "duration": 0,
    "pid": 1416,
    "index": 10
  },
  {
    "name": "Require(7) node_modules/egg-schedule/config/config.default.js",
    "start": 1613111963987,
    "end": 1613111963987,
    "duration": 0,
    "pid": 1416,
    "index": 11
  },
  {
    "name": "Require(8) node_modules/egg-multipart/config/config.default.js",
    "start": 1613111963988,
    "end": 1613111963988,
    "duration": 0,
    "pid": 1416,
    "index": 12
  },
  {
    "name": "Require(9) node_modules/egg-development/config/config.default.js",
    "start": 1613111963989,
    "end": 1613111963989,
    "duration": 0,
    "pid": 1416,
    "index": 13
  },
  {
    "name": "Require(10) node_modules/egg-logrotator/config/config.default.js",
    "start": 1613111963990,
    "end": 1613111963990,
    "duration": 0,
    "pid": 1416,
    "index": 14
  },
  {
    "name": "Require(11) node_modules/egg-static/config/config.default.js",
    "start": 1613111963991,
    "end": 1613111963991,
    "duration": 0,
    "pid": 1416,
    "index": 15
  },
  {
    "name": "Require(12) node_modules/egg-view/config/config.default.js",
    "start": 1613111963992,
    "end": 1613111963992,
    "duration": 0,
    "pid": 1416,
    "index": 16
  },
  {
    "name": "Require(13) node_modules/egg-mysql/config/config.default.js",
    "start": 1613111963992,
    "end": 1613111963993,
    "duration": 1,
    "pid": 1416,
    "index": 17
  },
  {
    "name": "Require(14) node_modules/egg-cors/config/config.default.js",
    "start": 1613111963993,
    "end": 1613111963994,
    "duration": 1,
    "pid": 1416,
    "index": 18
  },
  {
    "name": "Require(15) node_modules/egg/config/config.default.js",
    "start": 1613111963994,
    "end": 1613111963995,
    "duration": 1,
    "pid": 1416,
    "index": 19
  },
  {
    "name": "Require(16) config/config.default.js",
    "start": 1613111963996,
    "end": 1613111963996,
    "duration": 0,
    "pid": 1416,
    "index": 20
  },
  {
    "name": "Require(17) node_modules/egg-security/config/config.local.js",
    "start": 1613111963997,
    "end": 1613111963997,
    "duration": 0,
    "pid": 1416,
    "index": 21
  },
  {
    "name": "Require(18) node_modules/egg-watcher/config/config.local.js",
    "start": 1613111963998,
    "end": 1613111963998,
    "duration": 0,
    "pid": 1416,
    "index": 22
  },
  {
    "name": "Require(19) node_modules/egg-view/config/config.local.js",
    "start": 1613111964000,
    "end": 1613111964001,
    "duration": 1,
    "pid": 1416,
    "index": 23
  },
  {
    "name": "Require(20) node_modules/egg/config/config.local.js",
    "start": 1613111964002,
    "end": 1613111964002,
    "duration": 0,
    "pid": 1416,
    "index": 24
  },
  {
    "name": "Load extend/application.js",
    "start": 1613111964003,
    "end": 1613111964027,
    "duration": 24,
    "pid": 1416,
    "index": 25
  },
  {
    "name": "Require(21) node_modules/egg-session/app/extend/application.js",
    "start": 1613111964004,
    "end": 1613111964004,
    "duration": 0,
    "pid": 1416,
    "index": 26
  },
  {
    "name": "Require(22) node_modules/egg-security/app/extend/application.js",
    "start": 1613111964005,
    "end": 1613111964006,
    "duration": 1,
    "pid": 1416,
    "index": 27
  },
  {
    "name": "Require(23) node_modules/egg-jsonp/app/extend/application.js",
    "start": 1613111964006,
    "end": 1613111964008,
    "duration": 2,
    "pid": 1416,
    "index": 28
  },
  {
    "name": "Require(24) node_modules/egg-logrotator/app/extend/application.js",
    "start": 1613111964013,
    "end": 1613111964020,
    "duration": 7,
    "pid": 1416,
    "index": 29
  },
  {
    "name": "Require(25) node_modules/egg-view/app/extend/application.js",
    "start": 1613111964020,
    "end": 1613111964022,
    "duration": 2,
    "pid": 1416,
    "index": 30
  },
  {
    "name": "Load extend/request.js",
    "start": 1613111964027,
    "end": 1613111964036,
    "duration": 9,
    "pid": 1416,
    "index": 31
  },
  {
    "name": "Require(26) node_modules/egg/app/extend/request.js",
    "start": 1613111964030,
    "end": 1613111964031,
    "duration": 1,
    "pid": 1416,
    "index": 32
  },
  {
    "name": "Load extend/response.js",
    "start": 1613111964036,
    "end": 1613111964046,
    "duration": 10,
    "pid": 1416,
    "index": 33
  },
  {
    "name": "Require(27) node_modules/egg/app/extend/response.js",
    "start": 1613111964039,
    "end": 1613111964042,
    "duration": 3,
    "pid": 1416,
    "index": 34
  },
  {
    "name": "Load extend/context.js",
    "start": 1613111964046,
    "end": 1613111964126,
    "duration": 80,
    "pid": 1416,
    "index": 35
  },
  {
    "name": "Require(28) node_modules/egg-security/app/extend/context.js",
    "start": 1613111964047,
    "end": 1613111964065,
    "duration": 18,
    "pid": 1416,
    "index": 36
  },
  {
    "name": "Require(29) node_modules/egg-jsonp/app/extend/context.js",
    "start": 1613111964065,
    "end": 1613111964067,
    "duration": 2,
    "pid": 1416,
    "index": 37
  },
  {
    "name": "Require(30) node_modules/egg-i18n/app/extend/context.js",
    "start": 1613111964068,
    "end": 1613111964068,
    "duration": 0,
    "pid": 1416,
    "index": 38
  },
  {
    "name": "Require(31) node_modules/egg-multipart/app/extend/context.js",
    "start": 1613111964069,
    "end": 1613111964118,
    "duration": 49,
    "pid": 1416,
    "index": 39
  },
  {
    "name": "Require(32) node_modules/egg-view/app/extend/context.js",
    "start": 1613111964119,
    "end": 1613111964121,
    "duration": 2,
    "pid": 1416,
    "index": 40
  },
  {
    "name": "Require(33) node_modules/egg/app/extend/context.js",
    "start": 1613111964121,
    "end": 1613111964122,
    "duration": 1,
    "pid": 1416,
    "index": 41
  },
  {
    "name": "Load extend/helper.js",
    "start": 1613111964126,
    "end": 1613111964154,
    "duration": 28,
    "pid": 1416,
    "index": 42
  },
  {
    "name": "Require(34) node_modules/egg-security/app/extend/helper.js",
    "start": 1613111964127,
    "end": 1613111964145,
    "duration": 18,
    "pid": 1416,
    "index": 43
  },
  {
    "name": "Require(35) node_modules/egg/app/extend/helper.js",
    "start": 1613111964149,
    "end": 1613111964150,
    "duration": 1,
    "pid": 1416,
    "index": 44
  },
  {
    "name": "Load app.js",
    "start": 1613111964154,
    "end": 1613111964226,
    "duration": 72,
    "pid": 1416,
    "index": 45
  },
  {
    "name": "Require(36) node_modules/egg-session/app.js",
    "start": 1613111964155,
    "end": 1613111964155,
    "duration": 0,
    "pid": 1416,
    "index": 46
  },
  {
    "name": "Require(37) node_modules/egg-security/app.js",
    "start": 1613111964156,
    "end": 1613111964157,
    "duration": 1,
    "pid": 1416,
    "index": 47
  },
  {
    "name": "Require(38) node_modules/egg-onerror/app.js",
    "start": 1613111964158,
    "end": 1613111964167,
    "duration": 9,
    "pid": 1416,
    "index": 48
  },
  {
    "name": "Require(39) node_modules/egg-i18n/app.js",
    "start": 1613111964168,
    "end": 1613111964183,
    "duration": 15,
    "pid": 1416,
    "index": 49
  },
  {
    "name": "Require(40) node_modules/egg-watcher/app.js",
    "start": 1613111964183,
    "end": 1613111964192,
    "duration": 9,
    "pid": 1416,
    "index": 50
  },
  {
    "name": "Require(41) node_modules/egg-schedule/app.js",
    "start": 1613111964193,
    "end": 1613111964198,
    "duration": 5,
    "pid": 1416,
    "index": 51
  },
  {
    "name": "Require(42) node_modules/egg-multipart/app.js",
    "start": 1613111964201,
    "end": 1613111964203,
    "duration": 2,
    "pid": 1416,
    "index": 52
  },
  {
    "name": "Require(43) node_modules/egg-development/app.js",
    "start": 1613111964204,
    "end": 1613111964206,
    "duration": 2,
    "pid": 1416,
    "index": 53
  },
  {
    "name": "Require(44) node_modules/egg-logrotator/app.js",
    "start": 1613111964207,
    "end": 1613111964207,
    "duration": 0,
    "pid": 1416,
    "index": 54
  },
  {
    "name": "Require(45) node_modules/egg-static/app.js",
    "start": 1613111964208,
    "end": 1613111964208,
    "duration": 0,
    "pid": 1416,
    "index": 55
  },
  {
    "name": "Require(46) node_modules/egg-mysql/app.js",
    "start": 1613111964208,
    "end": 1613111964222,
    "duration": 14,
    "pid": 1416,
    "index": 56
  },
  {
    "name": "Require(47) node_modules/egg-cors/app.js",
    "start": 1613111964222,
    "end": 1613111964225,
    "duration": 3,
    "pid": 1416,
    "index": 57
  },
  {
    "name": "Before Start in node_modules/egg-watcher/lib/init.js:15:14",
    "start": 1613111964236,
    "end": 1613111964515,
    "duration": 279,
    "pid": 1416,
    "index": 58
  },
  {
    "name": "Before Start in node_modules/egg-mysql/lib/mysql.js:20:7",
    "start": 1613111964332,
    "end": 1613111964651,
    "duration": 319,
    "pid": 1416,
    "index": 59
  },
  {
    "name": "Load Service",
    "start": 1613111964332,
    "end": 1613111964337,
    "duration": 5,
    "pid": 1416,
    "index": 60
  },
  {
    "name": "Load \"service\" to Context",
    "start": 1613111964332,
    "end": 1613111964337,
    "duration": 5,
    "pid": 1416,
    "index": 61
  },
  {
    "name": "Load Middleware",
    "start": 1613111964337,
    "end": 1613111964484,
    "duration": 147,
    "pid": 1416,
    "index": 62
  },
  {
    "name": "Load \"middlewares\" to Application",
    "start": 1613111964337,
    "end": 1613111964467,
    "duration": 130,
    "pid": 1416,
    "index": 63
  },
  {
    "name": "Load Controller",
    "start": 1613111964484,
    "end": 1613111964488,
    "duration": 4,
    "pid": 1416,
    "index": 64
  },
  {
    "name": "Load \"controller\" to Application",
    "start": 1613111964484,
    "end": 1613111964488,
    "duration": 4,
    "pid": 1416,
    "index": 65
  },
  {
    "name": "Load Router",
    "start": 1613111964488,
    "end": 1613111964493,
    "duration": 5,
    "pid": 1416,
    "index": 66
  },
  {
    "name": "Require(48) app/router.js",
    "start": 1613111964489,
    "end": 1613111964489,
    "duration": 0,
    "pid": 1416,
    "index": 67
  },
  {
    "name": "Before Start in node_modules/egg-core/lib/egg.js:303:10",
    "start": 1613111964490,
    "end": 1613111964506,
    "duration": 16,
    "pid": 1416,
    "index": 68
  }
]