[
  {
    "name": "Process Start",
    "start": 1613112413004,
    "end": 1613112414254,
    "duration": 1250,
    "pid": 22248,
    "index": 0
  },
  {
    "name": "Application Start",
    "start": 1613112414255,
    "end": 1613112414933,
    "duration": 678,
    "pid": 22248,
    "index": 1
  },
  {
    "name": "Load Plugin",
    "start": 1613112414260,
    "end": 1613112414283,
    "duration": 23,
    "pid": 22248,
    "index": 2
  },
  {
    "name": "Load Config",
    "start": 1613112414284,
    "end": 1613112414310,
    "duration": 26,
    "pid": 22248,
    "index": 3
  },
  {
    "name": "Require(0) config/config.default.js",
    "start": 1613112414285,
    "end": 1613112414285,
    "duration": 0,
    "pid": 22248,
    "index": 4
  },
  {
    "name": "Require(1) node_modules/egg-session/config/config.default.js",
    "start": 1613112414287,
    "end": 1613112414287,
    "duration": 0,
    "pid": 22248,
    "index": 5
  },
  {
    "name": "Require(2) node_modules/egg-security/config/config.default.js",
    "start": 1613112414288,
    "end": 1613112414288,
    "duration": 0,
    "pid": 22248,
    "index": 6
  },
  {
    "name": "Require(3) node_modules/egg-jsonp/config/config.default.js",
    "start": 1613112414289,
    "end": 1613112414290,
    "duration": 1,
    "pid": 22248,
    "index": 7
  },
  {
    "name": "Require(4) node_modules/egg-onerror/config/config.default.js",
    "start": 1613112414290,
    "end": 1613112414291,
    "duration": 1,
    "pid": 22248,
    "index": 8
  },
  {
    "name": "Require(5) node_modules/egg-i18n/config/config.default.js",
    "start": 1613112414291,
    "end": 1613112414292,
    "duration": 1,
    "pid": 22248,
    "index": 9
  },
  {
    "name": "Require(6) node_modules/egg-watcher/config/config.default.js",
    "start": 1613112414292,
    "end": 1613112414293,
    "duration": 1,
    "pid": 22248,
    "index": 10
  },
  {
    "name": "Require(7) node_modules/egg-schedule/config/config.default.js",
    "start": 1613112414293,
    "end": 1613112414294,
    "duration": 1,
    "pid": 22248,
    "index": 11
  },
  {
    "name": "Require(8) node_modules/egg-multipart/config/config.default.js",
    "start": 1613112414295,
    "end": 1613112414295,
    "duration": 0,
    "pid": 22248,
    "index": 12
  },
  {
    "name": "Require(9) node_modules/egg-development/config/config.default.js",
    "start": 1613112414296,
    "end": 1613112414296,
    "duration": 0,
    "pid": 22248,
    "index": 13
  },
  {
    "name": "Require(10) node_modules/egg-logrotator/config/config.default.js",
    "start": 1613112414297,
    "end": 1613112414297,
    "duration": 0,
    "pid": 22248,
    "index": 14
  },
  {
    "name": "Require(11) node_modules/egg-static/config/config.default.js",
    "start": 1613112414298,
    "end": 1613112414298,
    "duration": 0,
    "pid": 22248,
    "index": 15
  },
  {
    "name": "Require(12) node_modules/egg-view/config/config.default.js",
    "start": 1613112414299,
    "end": 1613112414300,
    "duration": 1,
    "pid": 22248,
    "index": 16
  },
  {
    "name": "Require(13) node_modules/egg-mysql/config/config.default.js",
    "start": 1613112414300,
    "end": 1613112414301,
    "duration": 1,
    "pid": 22248,
    "index": 17
  },
  {
    "name": "Require(14) node_modules/egg-cors/config/config.default.js",
    "start": 1613112414301,
    "end": 1613112414302,
    "duration": 1,
    "pid": 22248,
    "index": 18
  },
  {
    "name": "Require(15) node_modules/egg/config/config.default.js",
    "start": 1613112414302,
    "end": 1613112414303,
    "duration": 1,
    "pid": 22248,
    "index": 19
  },
  {
    "name": "Require(16) config/config.default.js",
    "start": 1613112414304,
    "end": 1613112414304,
    "duration": 0,
    "pid": 22248,
    "index": 20
  },
  {
    "name": "Require(17) node_modules/egg-security/config/config.local.js",
    "start": 1613112414304,
    "end": 1613112414305,
    "duration": 1,
    "pid": 22248,
    "index": 21
  },
  {
    "name": "Require(18) node_modules/egg-watcher/config/config.local.js",
    "start": 1613112414306,
    "end": 1613112414306,
    "duration": 0,
    "pid": 22248,
    "index": 22
  },
  {
    "name": "Require(19) node_modules/egg-view/config/config.local.js",
    "start": 1613112414308,
    "end": 1613112414308,
    "duration": 0,
    "pid": 22248,
    "index": 23
  },
  {
    "name": "Require(20) node_modules/egg/config/config.local.js",
    "start": 1613112414309,
    "end": 1613112414309,
    "duration": 0,
    "pid": 22248,
    "index": 24
  },
  {
    "name": "Load extend/application.js",
    "start": 1613112414311,
    "end": 1613112414332,
    "duration": 21,
    "pid": 22248,
    "index": 25
  },
  {
    "name": "Require(21) node_modules/egg-session/app/extend/application.js",
    "start": 1613112414311,
    "end": 1613112414312,
    "duration": 1,
    "pid": 22248,
    "index": 26
  },
  {
    "name": "Require(22) node_modules/egg-security/app/extend/application.js",
    "start": 1613112414312,
    "end": 1613112414314,
    "duration": 2,
    "pid": 22248,
    "index": 27
  },
  {
    "name": "Require(23) node_modules/egg-jsonp/app/extend/application.js",
    "start": 1613112414314,
    "end": 1613112414315,
    "duration": 1,
    "pid": 22248,
    "index": 28
  },
  {
    "name": "Require(24) node_modules/egg-logrotator/app/extend/application.js",
    "start": 1613112414317,
    "end": 1613112414326,
    "duration": 9,
    "pid": 22248,
    "index": 29
  },
  {
    "name": "Require(25) node_modules/egg-view/app/extend/application.js",
    "start": 1613112414327,
    "end": 1613112414328,
    "duration": 1,
    "pid": 22248,
    "index": 30
  },
  {
    "name": "Load extend/request.js",
    "start": 1613112414332,
    "end": 1613112414340,
    "duration": 8,
    "pid": 22248,
    "index": 31
  },
  {
    "name": "Require(26) node_modules/egg/app/extend/request.js",
    "start": 1613112414336,
    "end": 1613112414337,
    "duration": 1,
    "pid": 22248,
    "index": 32
  },
  {
    "name": "Load extend/response.js",
    "start": 1613112414340,
    "end": 1613112414350,
    "duration": 10,
    "pid": 22248,
    "index": 33
  },
  {
    "name": "Require(27) node_modules/egg/app/extend/response.js",
    "start": 1613112414344,
    "end": 1613112414346,
    "duration": 2,
    "pid": 22248,
    "index": 34
  },
  {
    "name": "Load extend/context.js",
    "start": 1613112414350,
    "end": 1613112414449,
    "duration": 99,
    "pid": 22248,
    "index": 35
  },
  {
    "name": "Require(28) node_modules/egg-security/app/extend/context.js",
    "start": 1613112414350,
    "end": 1613112414364,
    "duration": 14,
    "pid": 22248,
    "index": 36
  },
  {
    "name": "Require(29) node_modules/egg-jsonp/app/extend/context.js",
    "start": 1613112414365,
    "end": 1613112414366,
    "duration": 1,
    "pid": 22248,
    "index": 37
  },
  {
    "name": "Require(30) node_modules/egg-i18n/app/extend/context.js",
    "start": 1613112414367,
    "end": 1613112414367,
    "duration": 0,
    "pid": 22248,
    "index": 38
  },
  {
    "name": "Require(31) node_modules/egg-multipart/app/extend/context.js",
    "start": 1613112414369,
    "end": 1613112414442,
    "duration": 73,
    "pid": 22248,
    "index": 39
  },
  {
    "name": "Require(32) node_modules/egg-view/app/extend/context.js",
    "start": 1613112414443,
    "end": 1613112414444,
    "duration": 1,
    "pid": 22248,
    "index": 40
  },
  {
    "name": "Require(33) node_modules/egg/app/extend/context.js",
    "start": 1613112414444,
    "end": 1613112414446,
    "duration": 2,
    "pid": 22248,
    "index": 41
  },
  {
    "name": "Load extend/helper.js",
    "start": 1613112414449,
    "end": 1613112414475,
    "duration": 26,
    "pid": 22248,
    "index": 42
  },
  {
    "name": "Require(34) node_modules/egg-security/app/extend/helper.js",
    "start": 1613112414451,
    "end": 1613112414467,
    "duration": 16,
    "pid": 22248,
    "index": 43
  },
  {
    "name": "Require(35) node_modules/egg/app/extend/helper.js",
    "start": 1613112414471,
    "end": 1613112414472,
    "duration": 1,
    "pid": 22248,
    "index": 44
  },
  {
    "name": "Load app.js",
    "start": 1613112414475,
    "end": 1613112414523,
    "duration": 48,
    "pid": 22248,
    "index": 45
  },
  {
    "name": "Require(36) node_modules/egg-session/app.js",
    "start": 1613112414476,
    "end": 1613112414476,
    "duration": 0,
    "pid": 22248,
    "index": 46
  },
  {
    "name": "Require(37) node_modules/egg-security/app.js",
    "start": 1613112414477,
    "end": 1613112414478,
    "duration": 1,
    "pid": 22248,
    "index": 47
  },
  {
    "name": "Require(38) node_modules/egg-onerror/app.js",
    "start": 1613112414479,
    "end": 1613112414488,
    "duration": 9,
    "pid": 22248,
    "index": 48
  },
  {
    "name": "Require(39) node_modules/egg-i18n/app.js",
    "start": 1613112414489,
    "end": 1613112414498,
    "duration": 9,
    "pid": 22248,
    "index": 49
  },
  {
    "name": "Require(40) node_modules/egg-watcher/app.js",
    "start": 1613112414498,
    "end": 1613112414502,
    "duration": 4,
    "pid": 22248,
    "index": 50
  },
  {
    "name": "Require(41) node_modules/egg-schedule/app.js",
    "start": 1613112414502,
    "end": 1613112414504,
    "duration": 2,
    "pid": 22248,
    "index": 51
  },
  {
    "name": "Require(42) node_modules/egg-multipart/app.js",
    "start": 1613112414504,
    "end": 1613112414505,
    "duration": 1,
    "pid": 22248,
    "index": 52
  },
  {
    "name": "Require(43) node_modules/egg-development/app.js",
    "start": 1613112414505,
    "end": 1613112414505,
    "duration": 0,
    "pid": 22248,
    "index": 53
  },
  {
    "name": "Require(44) node_modules/egg-logrotator/app.js",
    "start": 1613112414506,
    "end": 1613112414506,
    "duration": 0,
    "pid": 22248,
    "index": 54
  },
  {
    "name": "Require(45) node_modules/egg-static/app.js",
    "start": 1613112414506,
    "end": 1613112414507,
    "duration": 1,
    "pid": 22248,
    "index": 55
  },
  {
    "name": "Require(46) node_modules/egg-mysql/app.js",
    "start": 1613112414507,
    "end": 1613112414519,
    "duration": 12,
    "pid": 22248,
    "index": 56
  },
  {
    "name": "Require(47) node_modules/egg-cors/app.js",
    "start": 1613112414522,
    "end": 1613112414522,
    "duration": 0,
    "pid": 22248,
    "index": 57
  },
  {
    "name": "Before Start in node_modules/egg-watcher/lib/init.js:15:14",
    "start": 1613112414533,
    "end": 1613112414796,
    "duration": 263,
    "pid": 22248,
    "index": 58
  },
  {
    "name": "Before Start in node_modules/egg-mysql/lib/mysql.js:20:7",
    "start": 1613112414625,
    "end": 1613112414933,
    "duration": 308,
    "pid": 22248,
    "index": 59
  },
  {
    "name": "Load Service",
    "start": 1613112414625,
    "end": 1613112414631,
    "duration": 6,
    "pid": 22248,
    "index": 60
  },
  {
    "name": "Load \"service\" to Context",
    "start": 1613112414626,
    "end": 1613112414631,
    "duration": 5,
    "pid": 22248,
    "index": 61
  },
  {
    "name": "Load Middleware",
    "start": 1613112414632,
    "end": 1613112414768,
    "duration": 136,
    "pid": 22248,
    "index": 62
  },
  {
    "name": "Load \"middlewares\" to Application",
    "start": 1613112414632,
    "end": 1613112414753,
    "duration": 121,
    "pid": 22248,
    "index": 63
  },
  {
    "name": "Load Controller",
    "start": 1613112414768,
    "end": 1613112414772,
    "duration": 4,
    "pid": 22248,
    "index": 64
  },
  {
    "name": "Load \"controller\" to Application",
    "start": 1613112414768,
    "end": 1613112414772,
    "duration": 4,
    "pid": 22248,
    "index": 65
  },
  {
    "name": "Load Router",
    "start": 1613112414772,
    "end": 1613112414777,
    "duration": 5,
    "pid": 22248,
    "index": 66
  },
  {
    "name": "Require(48) app/router.js",
    "start": 1613112414772,
    "end": 1613112414772,
    "duration": 0,
    "pid": 22248,
    "index": 67
  },
  {
    "name": "Before Start in node_modules/egg-core/lib/egg.js:303:10",
    "start": 1613112414773,
    "end": 1613112414789,
    "duration": 16,
    "pid": 22248,
    "index": 68
  }
]