[
  {
    "name": "Process Start",
    "start": 1613015256316,
    "end": 1613015257621,
    "duration": 1305,
    "pid": 15888,
    "index": 0
  },
  {
    "name": "Application Start",
    "start": 1613015257621,
    "end": 1613015258479,
    "duration": 858,
    "pid": 15888,
    "index": 1
  },
  {
    "name": "Load Plugin",
    "start": 1613015257628,
    "end": 1613015257651,
    "duration": 23,
    "pid": 15888,
    "index": 2
  },
  {
    "name": "Load Config",
    "start": 1613015257651,
    "end": 1613015257681,
    "duration": 30,
    "pid": 15888,
    "index": 3
  },
  {
    "name": "Require(0) config/config.default.js",
    "start": 1613015257652,
    "end": 1613015257652,
    "duration": 0,
    "pid": 15888,
    "index": 4
  },
  {
    "name": "Require(1) node_modules/egg-session/config/config.default.js",
    "start": 1613015257654,
    "end": 1613015257655,
    "duration": 1,
    "pid": 15888,
    "index": 5
  },
  {
    "name": "Require(2) node_modules/egg-security/config/config.default.js",
    "start": 1613015257656,
    "end": 1613015257656,
    "duration": 0,
    "pid": 15888,
    "index": 6
  },
  {
    "name": "Require(3) node_modules/egg-jsonp/config/config.default.js",
    "start": 1613015257658,
    "end": 1613015257658,
    "duration": 0,
    "pid": 15888,
    "index": 7
  },
  {
    "name": "Require(4) node_modules/egg-onerror/config/config.default.js",
    "start": 1613015257659,
    "end": 1613015257660,
    "duration": 1,
    "pid": 15888,
    "index": 8
  },
  {
    "name": "Require(5) node_modules/egg-i18n/config/config.default.js",
    "start": 1613015257660,
    "end": 1613015257661,
    "duration": 1,
    "pid": 15888,
    "index": 9
  },
  {
    "name": "Require(6) node_modules/egg-watcher/config/config.default.js",
    "start": 1613015257662,
    "end": 1613015257662,
    "duration": 0,
    "pid": 15888,
    "index": 10
  },
  {
    "name": "Require(7) node_modules/egg-schedule/config/config.default.js",
    "start": 1613015257663,
    "end": 1613015257663,
    "duration": 0,
    "pid": 15888,
    "index": 11
  },
  {
    "name": "Require(8) node_modules/egg-multipart/config/config.default.js",
    "start": 1613015257664,
    "end": 1613015257665,
    "duration": 1,
    "pid": 15888,
    "index": 12
  },
  {
    "name": "Require(9) node_modules/egg-development/config/config.default.js",
    "start": 1613015257665,
    "end": 1613015257666,
    "duration": 1,
    "pid": 15888,
    "index": 13
  },
  {
    "name": "Require(10) node_modules/egg-logrotator/config/config.default.js",
    "start": 1613015257667,
    "end": 1613015257667,
    "duration": 0,
    "pid": 15888,
    "index": 14
  },
  {
    "name": "Require(11) node_modules/egg-static/config/config.default.js",
    "start": 1613015257668,
    "end": 1613015257668,
    "duration": 0,
    "pid": 15888,
    "index": 15
  },
  {
    "name": "Require(12) node_modules/egg-view/config/config.default.js",
    "start": 1613015257669,
    "end": 1613015257670,
    "duration": 1,
    "pid": 15888,
    "index": 16
  },
  {
    "name": "Require(13) node_modules/egg-mysql/config/config.default.js",
    "start": 1613015257670,
    "end": 1613015257671,
    "duration": 1,
    "pid": 15888,
    "index": 17
  },
  {
    "name": "Require(14) node_modules/egg-cors/config/config.default.js",
    "start": 1613015257671,
    "end": 1613015257672,
    "duration": 1,
    "pid": 15888,
    "index": 18
  },
  {
    "name": "Require(15) node_modules/egg/config/config.default.js",
    "start": 1613015257673,
    "end": 1613015257673,
    "duration": 0,
    "pid": 15888,
    "index": 19
  },
  {
    "name": "Require(16) config/config.default.js",
    "start": 1613015257674,
    "end": 1613015257675,
    "duration": 1,
    "pid": 15888,
    "index": 20
  },
  {
    "name": "Require(17) node_modules/egg-security/config/config.local.js",
    "start": 1613015257675,
    "end": 1613015257676,
    "duration": 1,
    "pid": 15888,
    "index": 21
  },
  {
    "name": "Require(18) node_modules/egg-watcher/config/config.local.js",
    "start": 1613015257677,
    "end": 1613015257677,
    "duration": 0,
    "pid": 15888,
    "index": 22
  },
  {
    "name": "Require(19) node_modules/egg-view/config/config.local.js",
    "start": 1613015257679,
    "end": 1613015257679,
    "duration": 0,
    "pid": 15888,
    "index": 23
  },
  {
    "name": "Require(20) node_modules/egg/config/config.local.js",
    "start": 1613015257680,
    "end": 1613015257680,
    "duration": 0,
    "pid": 15888,
    "index": 24
  },
  {
    "name": "Load extend/application.js",
    "start": 1613015257682,
    "end": 1613015257708,
    "duration": 26,
    "pid": 15888,
    "index": 25
  },
  {
    "name": "Require(21) node_modules/egg-session/app/extend/application.js",
    "start": 1613015257683,
    "end": 1613015257683,
    "duration": 0,
    "pid": 15888,
    "index": 26
  },
  {
    "name": "Require(22) node_modules/egg-security/app/extend/application.js",
    "start": 1613015257684,
    "end": 1613015257685,
    "duration": 1,
    "pid": 15888,
    "index": 27
  },
  {
    "name": "Require(23) node_modules/egg-jsonp/app/extend/application.js",
    "start": 1613015257686,
    "end": 1613015257688,
    "duration": 2,
    "pid": 15888,
    "index": 28
  },
  {
    "name": "Require(24) node_modules/egg-logrotator/app/extend/application.js",
    "start": 1613015257692,
    "end": 1613015257700,
    "duration": 8,
    "pid": 15888,
    "index": 29
  },
  {
    "name": "Require(25) node_modules/egg-view/app/extend/application.js",
    "start": 1613015257701,
    "end": 1613015257703,
    "duration": 2,
    "pid": 15888,
    "index": 30
  },
  {
    "name": "Load extend/request.js",
    "start": 1613015257708,
    "end": 1613015257717,
    "duration": 9,
    "pid": 15888,
    "index": 31
  },
  {
    "name": "Require(26) node_modules/egg/app/extend/request.js",
    "start": 1613015257711,
    "end": 1613015257713,
    "duration": 2,
    "pid": 15888,
    "index": 32
  },
  {
    "name": "Load extend/response.js",
    "start": 1613015257717,
    "end": 1613015257727,
    "duration": 10,
    "pid": 15888,
    "index": 33
  },
  {
    "name": "Require(27) node_modules/egg/app/extend/response.js",
    "start": 1613015257720,
    "end": 1613015257723,
    "duration": 3,
    "pid": 15888,
    "index": 34
  },
  {
    "name": "Load extend/context.js",
    "start": 1613015257727,
    "end": 1613015257820,
    "duration": 93,
    "pid": 15888,
    "index": 35
  },
  {
    "name": "Require(28) node_modules/egg-security/app/extend/context.js",
    "start": 1613015257728,
    "end": 1613015257756,
    "duration": 28,
    "pid": 15888,
    "index": 36
  },
  {
    "name": "Require(29) node_modules/egg-jsonp/app/extend/context.js",
    "start": 1613015257756,
    "end": 1613015257758,
    "duration": 2,
    "pid": 15888,
    "index": 37
  },
  {
    "name": "Require(30) node_modules/egg-i18n/app/extend/context.js",
    "start": 1613015257759,
    "end": 1613015257759,
    "duration": 0,
    "pid": 15888,
    "index": 38
  },
  {
    "name": "Require(31) node_modules/egg-multipart/app/extend/context.js",
    "start": 1613015257760,
    "end": 1613015257812,
    "duration": 52,
    "pid": 15888,
    "index": 39
  },
  {
    "name": "Require(32) node_modules/egg-view/app/extend/context.js",
    "start": 1613015257813,
    "end": 1613015257814,
    "duration": 1,
    "pid": 15888,
    "index": 40
  },
  {
    "name": "Require(33) node_modules/egg/app/extend/context.js",
    "start": 1613015257815,
    "end": 1613015257817,
    "duration": 2,
    "pid": 15888,
    "index": 41
  },
  {
    "name": "Load extend/helper.js",
    "start": 1613015257820,
    "end": 1613015257849,
    "duration": 29,
    "pid": 15888,
    "index": 42
  },
  {
    "name": "Require(34) node_modules/egg-security/app/extend/helper.js",
    "start": 1613015257821,
    "end": 1613015257841,
    "duration": 20,
    "pid": 15888,
    "index": 43
  },
  {
    "name": "Require(35) node_modules/egg/app/extend/helper.js",
    "start": 1613015257845,
    "end": 1613015257846,
    "duration": 1,
    "pid": 15888,
    "index": 44
  },
  {
    "name": "Load app.js",
    "start": 1613015257849,
    "end": 1613015257914,
    "duration": 65,
    "pid": 15888,
    "index": 45
  },
  {
    "name": "Require(36) node_modules/egg-session/app.js",
    "start": 1613015257850,
    "end": 1613015257850,
    "duration": 0,
    "pid": 15888,
    "index": 46
  },
  {
    "name": "Require(37) node_modules/egg-security/app.js",
    "start": 1613015257851,
    "end": 1613015257852,
    "duration": 1,
    "pid": 15888,
    "index": 47
  },
  {
    "name": "Require(38) node_modules/egg-onerror/app.js",
    "start": 1613015257853,
    "end": 1613015257865,
    "duration": 12,
    "pid": 15888,
    "index": 48
  },
  {
    "name": "Require(39) node_modules/egg-i18n/app.js",
    "start": 1613015257865,
    "end": 1613015257877,
    "duration": 12,
    "pid": 15888,
    "index": 49
  },
  {
    "name": "Require(40) node_modules/egg-watcher/app.js",
    "start": 1613015257877,
    "end": 1613015257884,
    "duration": 7,
    "pid": 15888,
    "index": 50
  },
  {
    "name": "Require(41) node_modules/egg-schedule/app.js",
    "start": 1613015257885,
    "end": 1613015257887,
    "duration": 2,
    "pid": 15888,
    "index": 51
  },
  {
    "name": "Require(42) node_modules/egg-multipart/app.js",
    "start": 1613015257887,
    "end": 1613015257889,
    "duration": 2,
    "pid": 15888,
    "index": 52
  },
  {
    "name": "Require(43) node_modules/egg-development/app.js",
    "start": 1613015257890,
    "end": 1613015257890,
    "duration": 0,
    "pid": 15888,
    "index": 53
  },
  {
    "name": "Require(44) node_modules/egg-logrotator/app.js",
    "start": 1613015257891,
    "end": 1613015257891,
    "duration": 0,
    "pid": 15888,
    "index": 54
  },
  {
    "name": "Require(45) node_modules/egg-static/app.js",
    "start": 1613015257892,
    "end": 1613015257892,
    "duration": 0,
    "pid": 15888,
    "index": 55
  },
  {
    "name": "Require(46) node_modules/egg-mysql/app.js",
    "start": 1613015257893,
    "end": 1613015257909,
    "duration": 16,
    "pid": 15888,
    "index": 56
  },
  {
    "name": "Require(47) node_modules/egg-cors/app.js",
    "start": 1613015257909,
    "end": 1613015257912,
    "duration": 3,
    "pid": 15888,
    "index": 57
  },
  {
    "name": "Before Start in node_modules/egg-watcher/lib/init.js:15:14",
    "start": 1613015257926,
    "end": 1613015258316,
    "duration": 390,
    "pid": 15888,
    "index": 58
  },
  {
    "name": "Before Start in node_modules/egg-mysql/lib/mysql.js:20:7",
    "start": 1613015258085,
    "end": 1613015258478,
    "duration": 393,
    "pid": 15888,
    "index": 59
  },
  {
    "name": "Load Service",
    "start": 1613015258086,
    "end": 1613015258092,
    "duration": 6,
    "pid": 15888,
    "index": 60
  },
  {
    "name": "Load \"service\" to Context",
    "start": 1613015258086,
    "end": 1613015258092,
    "duration": 6,
    "pid": 15888,
    "index": 61
  },
  {
    "name": "Load Middleware",
    "start": 1613015258092,
    "end": 1613015258249,
    "duration": 157,
    "pid": 15888,
    "index": 62
  },
  {
    "name": "Load \"middlewares\" to Application",
    "start": 1613015258092,
    "end": 1613015258232,
    "duration": 140,
    "pid": 15888,
    "index": 63
  },
  {
    "name": "Load Controller",
    "start": 1613015258249,
    "end": 1613015258288,
    "duration": 39,
    "pid": 15888,
    "index": 64
  },
  {
    "name": "Load \"controller\" to Application",
    "start": 1613015258249,
    "end": 1613015258288,
    "duration": 39,
    "pid": 15888,
    "index": 65
  },
  {
    "name": "Load Router",
    "start": 1613015258288,
    "end": 1613015258298,
    "duration": 10,
    "pid": 15888,
    "index": 66
  },
  {
    "name": "Require(48) app/router.js",
    "start": 1613015258292,
    "end": 1613015258292,
    "duration": 0,
    "pid": 15888,
    "index": 67
  },
  {
    "name": "Before Start in node_modules/egg-core/lib/egg.js:303:10",
    "start": 1613015258294,
    "end": 1613015258309,
    "duration": 15,
    "pid": 15888,
    "index": 68
  }
]