[
  {
    "name": "Process Start",
    "start": 1626925071683,
    "end": 1626925072938,
    "duration": 1255,
    "pid": 18264,
    "index": 0
  },
  {
    "name": "Application Start",
    "start": 1626925072939,
    "end": 1626925073696,
    "duration": 757,
    "pid": 18264,
    "index": 1
  },
  {
    "name": "Load Plugin",
    "start": 1626925072946,
    "end": 1626925072970,
    "duration": 24,
    "pid": 18264,
    "index": 2
  },
  {
    "name": "Load Config",
    "start": 1626925072970,
    "end": 1626925072999,
    "duration": 29,
    "pid": 18264,
    "index": 3
  },
  {
    "name": "Require(0) config/config.default.js",
    "start": 1626925072970,
    "end": 1626925072971,
    "duration": 1,
    "pid": 18264,
    "index": 4
  },
  {
    "name": "Require(1) node_modules/egg-session/config/config.default.js",
    "start": 1626925072972,
    "end": 1626925072973,
    "duration": 1,
    "pid": 18264,
    "index": 5
  },
  {
    "name": "Require(2) node_modules/egg-security/config/config.default.js",
    "start": 1626925072973,
    "end": 1626925072974,
    "duration": 1,
    "pid": 18264,
    "index": 6
  },
  {
    "name": "Require(3) node_modules/egg-jsonp/config/config.default.js",
    "start": 1626925072975,
    "end": 1626925072976,
    "duration": 1,
    "pid": 18264,
    "index": 7
  },
  {
    "name": "Require(4) node_modules/egg-onerror/config/config.default.js",
    "start": 1626925072976,
    "end": 1626925072977,
    "duration": 1,
    "pid": 18264,
    "index": 8
  },
  {
    "name": "Require(5) node_modules/egg-i18n/config/config.default.js",
    "start": 1626925072977,
    "end": 1626925072978,
    "duration": 1,
    "pid": 18264,
    "index": 9
  },
  {
    "name": "Require(6) node_modules/egg-watcher/config/config.default.js",
    "start": 1626925072978,
    "end": 1626925072979,
    "duration": 1,
    "pid": 18264,
    "index": 10
  },
  {
    "name": "Require(7) node_modules/egg-schedule/config/config.default.js",
    "start": 1626925072979,
    "end": 1626925072980,
    "duration": 1,
    "pid": 18264,
    "index": 11
  },
  {
    "name": "Require(8) node_modules/egg-multipart/config/config.default.js",
    "start": 1626925072981,
    "end": 1626925072982,
    "duration": 1,
    "pid": 18264,
    "index": 12
  },
  {
    "name": "Require(9) node_modules/egg-development/config/config.default.js",
    "start": 1626925072982,
    "end": 1626925072983,
    "duration": 1,
    "pid": 18264,
    "index": 13
  },
  {
    "name": "Require(10) node_modules/egg-logrotator/config/config.default.js",
    "start": 1626925072983,
    "end": 1626925072984,
    "duration": 1,
    "pid": 18264,
    "index": 14
  },
  {
    "name": "Require(11) node_modules/egg-static/config/config.default.js",
    "start": 1626925072984,
    "end": 1626925072985,
    "duration": 1,
    "pid": 18264,
    "index": 15
  },
  {
    "name": "Require(12) node_modules/egg-view/config/config.default.js",
    "start": 1626925072986,
    "end": 1626925072986,
    "duration": 0,
    "pid": 18264,
    "index": 16
  },
  {
    "name": "Require(13) node_modules/egg-mysql/config/config.default.js",
    "start": 1626925072987,
    "end": 1626925072988,
    "duration": 1,
    "pid": 18264,
    "index": 17
  },
  {
    "name": "Require(14) node_modules/egg-cors/config/config.default.js",
    "start": 1626925072988,
    "end": 1626925072989,
    "duration": 1,
    "pid": 18264,
    "index": 18
  },
  {
    "name": "Require(15) node_modules/egg-jwt/config/config.default.js",
    "start": 1626925072990,
    "end": 1626925072990,
    "duration": 0,
    "pid": 18264,
    "index": 19
  },
  {
    "name": "Require(16) node_modules/egg/config/config.default.js",
    "start": 1626925072991,
    "end": 1626925072991,
    "duration": 0,
    "pid": 18264,
    "index": 20
  },
  {
    "name": "Require(17) config/config.default.js",
    "start": 1626925072993,
    "end": 1626925072993,
    "duration": 0,
    "pid": 18264,
    "index": 21
  },
  {
    "name": "Require(18) node_modules/egg-security/config/config.local.js",
    "start": 1626925072993,
    "end": 1626925072994,
    "duration": 1,
    "pid": 18264,
    "index": 22
  },
  {
    "name": "Require(19) node_modules/egg-watcher/config/config.local.js",
    "start": 1626925072995,
    "end": 1626925072995,
    "duration": 0,
    "pid": 18264,
    "index": 23
  },
  {
    "name": "Require(20) node_modules/egg-view/config/config.local.js",
    "start": 1626925072997,
    "end": 1626925072997,
    "duration": 0,
    "pid": 18264,
    "index": 24
  },
  {
    "name": "Require(21) node_modules/egg/config/config.local.js",
    "start": 1626925072999,
    "end": 1626925072999,
    "duration": 0,
    "pid": 18264,
    "index": 25
  },
  {
    "name": "Load extend/application.js",
    "start": 1626925073000,
    "end": 1626925073076,
    "duration": 76,
    "pid": 18264,
    "index": 26
  },
  {
    "name": "Require(22) node_modules/egg-session/app/extend/application.js",
    "start": 1626925073001,
    "end": 1626925073002,
    "duration": 1,
    "pid": 18264,
    "index": 27
  },
  {
    "name": "Require(23) node_modules/egg-security/app/extend/application.js",
    "start": 1626925073002,
    "end": 1626925073004,
    "duration": 2,
    "pid": 18264,
    "index": 28
  },
  {
    "name": "Require(24) node_modules/egg-jsonp/app/extend/application.js",
    "start": 1626925073004,
    "end": 1626925073006,
    "duration": 2,
    "pid": 18264,
    "index": 29
  },
  {
    "name": "Require(25) node_modules/egg-logrotator/app/extend/application.js",
    "start": 1626925073010,
    "end": 1626925073018,
    "duration": 8,
    "pid": 18264,
    "index": 30
  },
  {
    "name": "Require(26) node_modules/egg-view/app/extend/application.js",
    "start": 1626925073019,
    "end": 1626925073021,
    "duration": 2,
    "pid": 18264,
    "index": 31
  },
  {
    "name": "Require(27) node_modules/egg-jwt/app/extend/application.js",
    "start": 1626925073022,
    "end": 1626925073072,
    "duration": 50,
    "pid": 18264,
    "index": 32
  },
  {
    "name": "Load extend/request.js",
    "start": 1626925073076,
    "end": 1626925073085,
    "duration": 9,
    "pid": 18264,
    "index": 33
  },
  {
    "name": "Require(28) node_modules/egg/app/extend/request.js",
    "start": 1626925073080,
    "end": 1626925073081,
    "duration": 1,
    "pid": 18264,
    "index": 34
  },
  {
    "name": "Load extend/response.js",
    "start": 1626925073085,
    "end": 1626925073095,
    "duration": 10,
    "pid": 18264,
    "index": 35
  },
  {
    "name": "Require(29) node_modules/egg/app/extend/response.js",
    "start": 1626925073088,
    "end": 1626925073091,
    "duration": 3,
    "pid": 18264,
    "index": 36
  },
  {
    "name": "Load extend/context.js",
    "start": 1626925073095,
    "end": 1626925073174,
    "duration": 79,
    "pid": 18264,
    "index": 37
  },
  {
    "name": "Require(30) node_modules/egg-security/app/extend/context.js",
    "start": 1626925073096,
    "end": 1626925073112,
    "duration": 16,
    "pid": 18264,
    "index": 38
  },
  {
    "name": "Require(31) node_modules/egg-jsonp/app/extend/context.js",
    "start": 1626925073112,
    "end": 1626925073114,
    "duration": 2,
    "pid": 18264,
    "index": 39
  },
  {
    "name": "Require(32) node_modules/egg-i18n/app/extend/context.js",
    "start": 1626925073114,
    "end": 1626925073115,
    "duration": 1,
    "pid": 18264,
    "index": 40
  },
  {
    "name": "Require(33) node_modules/egg-multipart/app/extend/context.js",
    "start": 1626925073115,
    "end": 1626925073163,
    "duration": 48,
    "pid": 18264,
    "index": 41
  },
  {
    "name": "Require(34) node_modules/egg-view/app/extend/context.js",
    "start": 1626925073164,
    "end": 1626925073166,
    "duration": 2,
    "pid": 18264,
    "index": 42
  },
  {
    "name": "Require(35) node_modules/egg/app/extend/context.js",
    "start": 1626925073168,
    "end": 1626925073169,
    "duration": 1,
    "pid": 18264,
    "index": 43
  },
  {
    "name": "Load extend/helper.js",
    "start": 1626925073174,
    "end": 1626925073202,
    "duration": 28,
    "pid": 18264,
    "index": 44
  },
  {
    "name": "Require(36) node_modules/egg-security/app/extend/helper.js",
    "start": 1626925073175,
    "end": 1626925073195,
    "duration": 20,
    "pid": 18264,
    "index": 45
  },
  {
    "name": "Require(37) node_modules/egg/app/extend/helper.js",
    "start": 1626925073198,
    "end": 1626925073198,
    "duration": 0,
    "pid": 18264,
    "index": 46
  },
  {
    "name": "Load app.js",
    "start": 1626925073203,
    "end": 1626925073259,
    "duration": 56,
    "pid": 18264,
    "index": 47
  },
  {
    "name": "Require(38) node_modules/egg-session/app.js",
    "start": 1626925073203,
    "end": 1626925073203,
    "duration": 0,
    "pid": 18264,
    "index": 48
  },
  {
    "name": "Require(39) node_modules/egg-security/app.js",
    "start": 1626925073206,
    "end": 1626925073208,
    "duration": 2,
    "pid": 18264,
    "index": 49
  },
  {
    "name": "Require(40) node_modules/egg-onerror/app.js",
    "start": 1626925073208,
    "end": 1626925073217,
    "duration": 9,
    "pid": 18264,
    "index": 50
  },
  {
    "name": "Require(41) node_modules/egg-i18n/app.js",
    "start": 1626925073218,
    "end": 1626925073231,
    "duration": 13,
    "pid": 18264,
    "index": 51
  },
  {
    "name": "Require(42) node_modules/egg-watcher/app.js",
    "start": 1626925073232,
    "end": 1626925073235,
    "duration": 3,
    "pid": 18264,
    "index": 52
  },
  {
    "name": "Require(43) node_modules/egg-schedule/app.js",
    "start": 1626925073235,
    "end": 1626925073237,
    "duration": 2,
    "pid": 18264,
    "index": 53
  },
  {
    "name": "Require(44) node_modules/egg-multipart/app.js",
    "start": 1626925073237,
    "end": 1626925073238,
    "duration": 1,
    "pid": 18264,
    "index": 54
  },
  {
    "name": "Require(45) node_modules/egg-development/app.js",
    "start": 1626925073238,
    "end": 1626925073238,
    "duration": 0,
    "pid": 18264,
    "index": 55
  },
  {
    "name": "Require(46) node_modules/egg-logrotator/app.js",
    "start": 1626925073239,
    "end": 1626925073239,
    "duration": 0,
    "pid": 18264,
    "index": 56
  },
  {
    "name": "Require(47) node_modules/egg-static/app.js",
    "start": 1626925073240,
    "end": 1626925073240,
    "duration": 0,
    "pid": 18264,
    "index": 57
  },
  {
    "name": "Require(48) node_modules/egg-mysql/app.js",
    "start": 1626925073241,
    "end": 1626925073257,
    "duration": 16,
    "pid": 18264,
    "index": 58
  },
  {
    "name": "Require(49) node_modules/egg-cors/app.js",
    "start": 1626925073257,
    "end": 1626925073258,
    "duration": 1,
    "pid": 18264,
    "index": 59
  },
  {
    "name": "Require(50) node_modules/egg-jwt/app.js",
    "start": 1626925073258,
    "end": 1626925073258,
    "duration": 0,
    "pid": 18264,
    "index": 60
  },
  {
    "name": "Before Start in node_modules/egg-watcher/lib/init.js:15:14",
    "start": 1626925073271,
    "end": 1626925073558,
    "duration": 287,
    "pid": 18264,
    "index": 61
  },
  {
    "name": "Before Start in node_modules/egg-mysql/lib/mysql.js:20:7",
    "start": 1626925073380,
    "end": 1626925073695,
    "duration": 315,
    "pid": 18264,
    "index": 62
  },
  {
    "name": "Load Service",
    "start": 1626925073380,
    "end": 1626925073391,
    "duration": 11,
    "pid": 18264,
    "index": 63
  },
  {
    "name": "Load \"service\" to Context",
    "start": 1626925073381,
    "end": 1626925073391,
    "duration": 10,
    "pid": 18264,
    "index": 64
  },
  {
    "name": "Load Middleware",
    "start": 1626925073391,
    "end": 1626925073525,
    "duration": 134,
    "pid": 18264,
    "index": 65
  },
  {
    "name": "Load \"middlewares\" to Application",
    "start": 1626925073391,
    "end": 1626925073511,
    "duration": 120,
    "pid": 18264,
    "index": 66
  },
  {
    "name": "Load Controller",
    "start": 1626925073525,
    "end": 1626925073530,
    "duration": 5,
    "pid": 18264,
    "index": 67
  },
  {
    "name": "Load \"controller\" to Application",
    "start": 1626925073525,
    "end": 1626925073530,
    "duration": 5,
    "pid": 18264,
    "index": 68
  },
  {
    "name": "Load Router",
    "start": 1626925073530,
    "end": 1626925073536,
    "duration": 6,
    "pid": 18264,
    "index": 69
  },
  {
    "name": "Require(51) app/router.js",
    "start": 1626925073530,
    "end": 1626925073531,
    "duration": 1,
    "pid": 18264,
    "index": 70
  },
  {
    "name": "Before Start in node_modules/egg-core/lib/egg.js:303:10",
    "start": 1626925073532,
    "end": 1626925073548,
    "duration": 16,
    "pid": 18264,
    "index": 71
  }
]