[
  {
    "name": "Process Start",
    "start": 1626943473401,
    "end": 1626943474836,
    "duration": 1435,
    "pid": 1360,
    "index": 0
  },
  {
    "name": "Application Start",
    "start": 1626943474837,
    "end": 1626943475837,
    "duration": 1000,
    "pid": 1360,
    "index": 1
  },
  {
    "name": "Load Plugin",
    "start": 1626943474846,
    "end": 1626943474881,
    "duration": 35,
    "pid": 1360,
    "index": 2
  },
  {
    "name": "Load Config",
    "start": 1626943474881,
    "end": 1626943474919,
    "duration": 38,
    "pid": 1360,
    "index": 3
  },
  {
    "name": "Require(0) config/config.default.js",
    "start": 1626943474882,
    "end": 1626943474882,
    "duration": 0,
    "pid": 1360,
    "index": 4
  },
  {
    "name": "Require(1) node_modules/egg-session/config/config.default.js",
    "start": 1626943474886,
    "end": 1626943474886,
    "duration": 0,
    "pid": 1360,
    "index": 5
  },
  {
    "name": "Require(2) node_modules/egg-security/config/config.default.js",
    "start": 1626943474887,
    "end": 1626943474888,
    "duration": 1,
    "pid": 1360,
    "index": 6
  },
  {
    "name": "Require(3) node_modules/egg-jsonp/config/config.default.js",
    "start": 1626943474889,
    "end": 1626943474889,
    "duration": 0,
    "pid": 1360,
    "index": 7
  },
  {
    "name": "Require(4) node_modules/egg-onerror/config/config.default.js",
    "start": 1626943474890,
    "end": 1626943474891,
    "duration": 1,
    "pid": 1360,
    "index": 8
  },
  {
    "name": "Require(5) node_modules/egg-i18n/config/config.default.js",
    "start": 1626943474891,
    "end": 1626943474892,
    "duration": 1,
    "pid": 1360,
    "index": 9
  },
  {
    "name": "Require(6) node_modules/egg-watcher/config/config.default.js",
    "start": 1626943474892,
    "end": 1626943474893,
    "duration": 1,
    "pid": 1360,
    "index": 10
  },
  {
    "name": "Require(7) node_modules/egg-schedule/config/config.default.js",
    "start": 1626943474894,
    "end": 1626943474894,
    "duration": 0,
    "pid": 1360,
    "index": 11
  },
  {
    "name": "Require(8) node_modules/egg-multipart/config/config.default.js",
    "start": 1626943474895,
    "end": 1626943474896,
    "duration": 1,
    "pid": 1360,
    "index": 12
  },
  {
    "name": "Require(9) node_modules/egg-development/config/config.default.js",
    "start": 1626943474897,
    "end": 1626943474897,
    "duration": 0,
    "pid": 1360,
    "index": 13
  },
  {
    "name": "Require(10) node_modules/egg-logrotator/config/config.default.js",
    "start": 1626943474898,
    "end": 1626943474898,
    "duration": 0,
    "pid": 1360,
    "index": 14
  },
  {
    "name": "Require(11) node_modules/egg-static/config/config.default.js",
    "start": 1626943474900,
    "end": 1626943474901,
    "duration": 1,
    "pid": 1360,
    "index": 15
  },
  {
    "name": "Require(12) node_modules/egg-view/config/config.default.js",
    "start": 1626943474902,
    "end": 1626943474903,
    "duration": 1,
    "pid": 1360,
    "index": 16
  },
  {
    "name": "Require(13) node_modules/egg-mysql/config/config.default.js",
    "start": 1626943474903,
    "end": 1626943474904,
    "duration": 1,
    "pid": 1360,
    "index": 17
  },
  {
    "name": "Require(14) node_modules/egg-cors/config/config.default.js",
    "start": 1626943474905,
    "end": 1626943474905,
    "duration": 0,
    "pid": 1360,
    "index": 18
  },
  {
    "name": "Require(15) node_modules/egg-jwt/config/config.default.js",
    "start": 1626943474906,
    "end": 1626943474907,
    "duration": 1,
    "pid": 1360,
    "index": 19
  },
  {
    "name": "Require(16) node_modules/egg/config/config.default.js",
    "start": 1626943474907,
    "end": 1626943474908,
    "duration": 1,
    "pid": 1360,
    "index": 20
  },
  {
    "name": "Require(17) config/config.default.js",
    "start": 1626943474910,
    "end": 1626943474910,
    "duration": 0,
    "pid": 1360,
    "index": 21
  },
  {
    "name": "Require(18) node_modules/egg-security/config/config.local.js",
    "start": 1626943474911,
    "end": 1626943474911,
    "duration": 0,
    "pid": 1360,
    "index": 22
  },
  {
    "name": "Require(19) node_modules/egg-watcher/config/config.local.js",
    "start": 1626943474912,
    "end": 1626943474913,
    "duration": 1,
    "pid": 1360,
    "index": 23
  },
  {
    "name": "Require(20) node_modules/egg-view/config/config.local.js",
    "start": 1626943474915,
    "end": 1626943474917,
    "duration": 2,
    "pid": 1360,
    "index": 24
  },
  {
    "name": "Require(21) node_modules/egg/config/config.local.js",
    "start": 1626943474918,
    "end": 1626943474918,
    "duration": 0,
    "pid": 1360,
    "index": 25
  },
  {
    "name": "Load extend/application.js",
    "start": 1626943474920,
    "end": 1626943475020,
    "duration": 100,
    "pid": 1360,
    "index": 26
  },
  {
    "name": "Require(22) node_modules/egg-session/app/extend/application.js",
    "start": 1626943474921,
    "end": 1626943474921,
    "duration": 0,
    "pid": 1360,
    "index": 27
  },
  {
    "name": "Require(23) node_modules/egg-security/app/extend/application.js",
    "start": 1626943474922,
    "end": 1626943474924,
    "duration": 2,
    "pid": 1360,
    "index": 28
  },
  {
    "name": "Require(24) node_modules/egg-jsonp/app/extend/application.js",
    "start": 1626943474925,
    "end": 1626943474927,
    "duration": 2,
    "pid": 1360,
    "index": 29
  },
  {
    "name": "Require(25) node_modules/egg-logrotator/app/extend/application.js",
    "start": 1626943474936,
    "end": 1626943474946,
    "duration": 10,
    "pid": 1360,
    "index": 30
  },
  {
    "name": "Require(26) node_modules/egg-view/app/extend/application.js",
    "start": 1626943474947,
    "end": 1626943474950,
    "duration": 3,
    "pid": 1360,
    "index": 31
  },
  {
    "name": "Require(27) node_modules/egg-jwt/app/extend/application.js",
    "start": 1626943474952,
    "end": 1626943475014,
    "duration": 62,
    "pid": 1360,
    "index": 32
  },
  {
    "name": "Load extend/request.js",
    "start": 1626943475020,
    "end": 1626943475032,
    "duration": 12,
    "pid": 1360,
    "index": 33
  },
  {
    "name": "Require(28) node_modules/egg/app/extend/request.js",
    "start": 1626943475024,
    "end": 1626943475027,
    "duration": 3,
    "pid": 1360,
    "index": 34
  },
  {
    "name": "Load extend/response.js",
    "start": 1626943475032,
    "end": 1626943475044,
    "duration": 12,
    "pid": 1360,
    "index": 35
  },
  {
    "name": "Require(29) node_modules/egg/app/extend/response.js",
    "start": 1626943475037,
    "end": 1626943475040,
    "duration": 3,
    "pid": 1360,
    "index": 36
  },
  {
    "name": "Load extend/context.js",
    "start": 1626943475044,
    "end": 1626943475152,
    "duration": 108,
    "pid": 1360,
    "index": 37
  },
  {
    "name": "Require(30) node_modules/egg-security/app/extend/context.js",
    "start": 1626943475045,
    "end": 1626943475067,
    "duration": 22,
    "pid": 1360,
    "index": 38
  },
  {
    "name": "Require(31) node_modules/egg-jsonp/app/extend/context.js",
    "start": 1626943475067,
    "end": 1626943475069,
    "duration": 2,
    "pid": 1360,
    "index": 39
  },
  {
    "name": "Require(32) node_modules/egg-i18n/app/extend/context.js",
    "start": 1626943475071,
    "end": 1626943475071,
    "duration": 0,
    "pid": 1360,
    "index": 40
  },
  {
    "name": "Require(33) node_modules/egg-multipart/app/extend/context.js",
    "start": 1626943475072,
    "end": 1626943475141,
    "duration": 69,
    "pid": 1360,
    "index": 41
  },
  {
    "name": "Require(34) node_modules/egg-view/app/extend/context.js",
    "start": 1626943475142,
    "end": 1626943475143,
    "duration": 1,
    "pid": 1360,
    "index": 42
  },
  {
    "name": "Require(35) node_modules/egg/app/extend/context.js",
    "start": 1626943475144,
    "end": 1626943475146,
    "duration": 2,
    "pid": 1360,
    "index": 43
  },
  {
    "name": "Load extend/helper.js",
    "start": 1626943475152,
    "end": 1626943475269,
    "duration": 117,
    "pid": 1360,
    "index": 44
  },
  {
    "name": "Require(36) node_modules/egg-security/app/extend/helper.js",
    "start": 1626943475153,
    "end": 1626943475259,
    "duration": 106,
    "pid": 1360,
    "index": 45
  },
  {
    "name": "Require(37) node_modules/egg/app/extend/helper.js",
    "start": 1626943475263,
    "end": 1626943475264,
    "duration": 1,
    "pid": 1360,
    "index": 46
  },
  {
    "name": "Load app.js",
    "start": 1626943475269,
    "end": 1626943475333,
    "duration": 64,
    "pid": 1360,
    "index": 47
  },
  {
    "name": "Require(38) node_modules/egg-session/app.js",
    "start": 1626943475269,
    "end": 1626943475270,
    "duration": 1,
    "pid": 1360,
    "index": 48
  },
  {
    "name": "Require(39) node_modules/egg-security/app.js",
    "start": 1626943475270,
    "end": 1626943475275,
    "duration": 5,
    "pid": 1360,
    "index": 49
  },
  {
    "name": "Require(40) node_modules/egg-onerror/app.js",
    "start": 1626943475276,
    "end": 1626943475287,
    "duration": 11,
    "pid": 1360,
    "index": 50
  },
  {
    "name": "Require(41) node_modules/egg-i18n/app.js",
    "start": 1626943475288,
    "end": 1626943475300,
    "duration": 12,
    "pid": 1360,
    "index": 51
  },
  {
    "name": "Require(42) node_modules/egg-watcher/app.js",
    "start": 1626943475300,
    "end": 1626943475305,
    "duration": 5,
    "pid": 1360,
    "index": 52
  },
  {
    "name": "Require(43) node_modules/egg-schedule/app.js",
    "start": 1626943475306,
    "end": 1626943475308,
    "duration": 2,
    "pid": 1360,
    "index": 53
  },
  {
    "name": "Require(44) node_modules/egg-multipart/app.js",
    "start": 1626943475308,
    "end": 1626943475309,
    "duration": 1,
    "pid": 1360,
    "index": 54
  },
  {
    "name": "Require(45) node_modules/egg-development/app.js",
    "start": 1626943475310,
    "end": 1626943475310,
    "duration": 0,
    "pid": 1360,
    "index": 55
  },
  {
    "name": "Require(46) node_modules/egg-logrotator/app.js",
    "start": 1626943475310,
    "end": 1626943475311,
    "duration": 1,
    "pid": 1360,
    "index": 56
  },
  {
    "name": "Require(47) node_modules/egg-static/app.js",
    "start": 1626943475311,
    "end": 1626943475312,
    "duration": 1,
    "pid": 1360,
    "index": 57
  },
  {
    "name": "Require(48) node_modules/egg-mysql/app.js",
    "start": 1626943475313,
    "end": 1626943475329,
    "duration": 16,
    "pid": 1360,
    "index": 58
  },
  {
    "name": "Require(49) node_modules/egg-cors/app.js",
    "start": 1626943475329,
    "end": 1626943475330,
    "duration": 1,
    "pid": 1360,
    "index": 59
  },
  {
    "name": "Require(50) node_modules/egg-jwt/app.js",
    "start": 1626943475330,
    "end": 1626943475330,
    "duration": 0,
    "pid": 1360,
    "index": 60
  },
  {
    "name": "Before Start in node_modules/egg-watcher/lib/init.js:15:14",
    "start": 1626943475343,
    "end": 1626943475687,
    "duration": 344,
    "pid": 1360,
    "index": 61
  },
  {
    "name": "Before Start in node_modules/egg-mysql/lib/mysql.js:20:7",
    "start": 1626943475464,
    "end": 1626943475836,
    "duration": 372,
    "pid": 1360,
    "index": 62
  },
  {
    "name": "Load Service",
    "start": 1626943475464,
    "end": 1626943475475,
    "duration": 11,
    "pid": 1360,
    "index": 63
  },
  {
    "name": "Load \"service\" to Context",
    "start": 1626943475464,
    "end": 1626943475475,
    "duration": 11,
    "pid": 1360,
    "index": 64
  },
  {
    "name": "Load Middleware",
    "start": 1626943475475,
    "end": 1626943475631,
    "duration": 156,
    "pid": 1360,
    "index": 65
  },
  {
    "name": "Load \"middlewares\" to Application",
    "start": 1626943475475,
    "end": 1626943475615,
    "duration": 140,
    "pid": 1360,
    "index": 66
  },
  {
    "name": "Load Controller",
    "start": 1626943475631,
    "end": 1626943475636,
    "duration": 5,
    "pid": 1360,
    "index": 67
  },
  {
    "name": "Load \"controller\" to Application",
    "start": 1626943475631,
    "end": 1626943475636,
    "duration": 5,
    "pid": 1360,
    "index": 68
  },
  {
    "name": "Load Router",
    "start": 1626943475636,
    "end": 1626943475641,
    "duration": 5,
    "pid": 1360,
    "index": 69
  },
  {
    "name": "Require(51) app/router.js",
    "start": 1626943475637,
    "end": 1626943475637,
    "duration": 0,
    "pid": 1360,
    "index": 70
  },
  {
    "name": "Before Start in node_modules/egg-core/lib/egg.js:303:10",
    "start": 1626943475638,
    "end": 1626943475652,
    "duration": 14,
    "pid": 1360,
    "index": 71
  }
]