[
  {
    "name": "Process Start",
    "start": 1613015260627,
    "end": 1613015262047,
    "duration": 1420,
    "pid": 19012,
    "index": 0
  },
  {
    "name": "Application Start",
    "start": 1613015262047,
    "end": 1613015262789,
    "duration": 742,
    "pid": 19012,
    "index": 1
  },
  {
    "name": "Load Plugin",
    "start": 1613015262053,
    "end": 1613015262074,
    "duration": 21,
    "pid": 19012,
    "index": 2
  },
  {
    "name": "Load Config",
    "start": 1613015262075,
    "end": 1613015262102,
    "duration": 27,
    "pid": 19012,
    "index": 3
  },
  {
    "name": "Require(0) config/config.default.js",
    "start": 1613015262075,
    "end": 1613015262076,
    "duration": 1,
    "pid": 19012,
    "index": 4
  },
  {
    "name": "Require(1) node_modules/egg-session/config/config.default.js",
    "start": 1613015262077,
    "end": 1613015262078,
    "duration": 1,
    "pid": 19012,
    "index": 5
  },
  {
    "name": "Require(2) node_modules/egg-security/config/config.default.js",
    "start": 1613015262078,
    "end": 1613015262079,
    "duration": 1,
    "pid": 19012,
    "index": 6
  },
  {
    "name": "Require(3) node_modules/egg-jsonp/config/config.default.js",
    "start": 1613015262080,
    "end": 1613015262080,
    "duration": 0,
    "pid": 19012,
    "index": 7
  },
  {
    "name": "Require(4) node_modules/egg-onerror/config/config.default.js",
    "start": 1613015262081,
    "end": 1613015262081,
    "duration": 0,
    "pid": 19012,
    "index": 8
  },
  {
    "name": "Require(5) node_modules/egg-i18n/config/config.default.js",
    "start": 1613015262082,
    "end": 1613015262082,
    "duration": 0,
    "pid": 19012,
    "index": 9
  },
  {
    "name": "Require(6) node_modules/egg-watcher/config/config.default.js",
    "start": 1613015262083,
    "end": 1613015262083,
    "duration": 0,
    "pid": 19012,
    "index": 10
  },
  {
    "name": "Require(7) node_modules/egg-schedule/config/config.default.js",
    "start": 1613015262084,
    "end": 1613015262084,
    "duration": 0,
    "pid": 19012,
    "index": 11
  },
  {
    "name": "Require(8) node_modules/egg-multipart/config/config.default.js",
    "start": 1613015262085,
    "end": 1613015262085,
    "duration": 0,
    "pid": 19012,
    "index": 12
  },
  {
    "name": "Require(9) node_modules/egg-development/config/config.default.js",
    "start": 1613015262086,
    "end": 1613015262087,
    "duration": 1,
    "pid": 19012,
    "index": 13
  },
  {
    "name": "Require(10) node_modules/egg-logrotator/config/config.default.js",
    "start": 1613015262087,
    "end": 1613015262088,
    "duration": 1,
    "pid": 19012,
    "index": 14
  },
  {
    "name": "Require(11) node_modules/egg-static/config/config.default.js",
    "start": 1613015262088,
    "end": 1613015262089,
    "duration": 1,
    "pid": 19012,
    "index": 15
  },
  {
    "name": "Require(12) node_modules/egg-view/config/config.default.js",
    "start": 1613015262089,
    "end": 1613015262090,
    "duration": 1,
    "pid": 19012,
    "index": 16
  },
  {
    "name": "Require(13) node_modules/egg-mysql/config/config.default.js",
    "start": 1613015262090,
    "end": 1613015262091,
    "duration": 1,
    "pid": 19012,
    "index": 17
  },
  {
    "name": "Require(14) node_modules/egg-cors/config/config.default.js",
    "start": 1613015262091,
    "end": 1613015262092,
    "duration": 1,
    "pid": 19012,
    "index": 18
  },
  {
    "name": "Require(15) node_modules/egg/config/config.default.js",
    "start": 1613015262092,
    "end": 1613015262093,
    "duration": 1,
    "pid": 19012,
    "index": 19
  },
  {
    "name": "Require(16) config/config.default.js",
    "start": 1613015262095,
    "end": 1613015262095,
    "duration": 0,
    "pid": 19012,
    "index": 20
  },
  {
    "name": "Require(17) node_modules/egg-security/config/config.local.js",
    "start": 1613015262096,
    "end": 1613015262097,
    "duration": 1,
    "pid": 19012,
    "index": 21
  },
  {
    "name": "Require(18) node_modules/egg-watcher/config/config.local.js",
    "start": 1613015262098,
    "end": 1613015262098,
    "duration": 0,
    "pid": 19012,
    "index": 22
  },
  {
    "name": "Require(19) node_modules/egg-view/config/config.local.js",
    "start": 1613015262100,
    "end": 1613015262101,
    "duration": 1,
    "pid": 19012,
    "index": 23
  },
  {
    "name": "Require(20) node_modules/egg/config/config.local.js",
    "start": 1613015262101,
    "end": 1613015262102,
    "duration": 1,
    "pid": 19012,
    "index": 24
  },
  {
    "name": "Load extend/application.js",
    "start": 1613015262104,
    "end": 1613015262129,
    "duration": 25,
    "pid": 19012,
    "index": 25
  },
  {
    "name": "Require(21) node_modules/egg-session/app/extend/application.js",
    "start": 1613015262105,
    "end": 1613015262106,
    "duration": 1,
    "pid": 19012,
    "index": 26
  },
  {
    "name": "Require(22) node_modules/egg-security/app/extend/application.js",
    "start": 1613015262106,
    "end": 1613015262108,
    "duration": 2,
    "pid": 19012,
    "index": 27
  },
  {
    "name": "Require(23) node_modules/egg-jsonp/app/extend/application.js",
    "start": 1613015262108,
    "end": 1613015262110,
    "duration": 2,
    "pid": 19012,
    "index": 28
  },
  {
    "name": "Require(24) node_modules/egg-logrotator/app/extend/application.js",
    "start": 1613015262114,
    "end": 1613015262121,
    "duration": 7,
    "pid": 19012,
    "index": 29
  },
  {
    "name": "Require(25) node_modules/egg-view/app/extend/application.js",
    "start": 1613015262123,
    "end": 1613015262125,
    "duration": 2,
    "pid": 19012,
    "index": 30
  },
  {
    "name": "Load extend/request.js",
    "start": 1613015262129,
    "end": 1613015262139,
    "duration": 10,
    "pid": 19012,
    "index": 31
  },
  {
    "name": "Require(26) node_modules/egg/app/extend/request.js",
    "start": 1613015262132,
    "end": 1613015262133,
    "duration": 1,
    "pid": 19012,
    "index": 32
  },
  {
    "name": "Load extend/response.js",
    "start": 1613015262139,
    "end": 1613015262147,
    "duration": 8,
    "pid": 19012,
    "index": 33
  },
  {
    "name": "Require(27) node_modules/egg/app/extend/response.js",
    "start": 1613015262142,
    "end": 1613015262144,
    "duration": 2,
    "pid": 19012,
    "index": 34
  },
  {
    "name": "Load extend/context.js",
    "start": 1613015262147,
    "end": 1613015262221,
    "duration": 74,
    "pid": 19012,
    "index": 35
  },
  {
    "name": "Require(28) node_modules/egg-security/app/extend/context.js",
    "start": 1613015262148,
    "end": 1613015262163,
    "duration": 15,
    "pid": 19012,
    "index": 36
  },
  {
    "name": "Require(29) node_modules/egg-jsonp/app/extend/context.js",
    "start": 1613015262163,
    "end": 1613015262164,
    "duration": 1,
    "pid": 19012,
    "index": 37
  },
  {
    "name": "Require(30) node_modules/egg-i18n/app/extend/context.js",
    "start": 1613015262165,
    "end": 1613015262166,
    "duration": 1,
    "pid": 19012,
    "index": 38
  },
  {
    "name": "Require(31) node_modules/egg-multipart/app/extend/context.js",
    "start": 1613015262167,
    "end": 1613015262213,
    "duration": 46,
    "pid": 19012,
    "index": 39
  },
  {
    "name": "Require(32) node_modules/egg-view/app/extend/context.js",
    "start": 1613015262214,
    "end": 1613015262215,
    "duration": 1,
    "pid": 19012,
    "index": 40
  },
  {
    "name": "Require(33) node_modules/egg/app/extend/context.js",
    "start": 1613015262216,
    "end": 1613015262217,
    "duration": 1,
    "pid": 19012,
    "index": 41
  },
  {
    "name": "Load extend/helper.js",
    "start": 1613015262221,
    "end": 1613015262250,
    "duration": 29,
    "pid": 19012,
    "index": 42
  },
  {
    "name": "Require(34) node_modules/egg-security/app/extend/helper.js",
    "start": 1613015262222,
    "end": 1613015262241,
    "duration": 19,
    "pid": 19012,
    "index": 43
  },
  {
    "name": "Require(35) node_modules/egg/app/extend/helper.js",
    "start": 1613015262245,
    "end": 1613015262246,
    "duration": 1,
    "pid": 19012,
    "index": 44
  },
  {
    "name": "Load app.js",
    "start": 1613015262250,
    "end": 1613015262307,
    "duration": 57,
    "pid": 19012,
    "index": 45
  },
  {
    "name": "Require(36) node_modules/egg-session/app.js",
    "start": 1613015262250,
    "end": 1613015262251,
    "duration": 1,
    "pid": 19012,
    "index": 46
  },
  {
    "name": "Require(37) node_modules/egg-security/app.js",
    "start": 1613015262255,
    "end": 1613015262259,
    "duration": 4,
    "pid": 19012,
    "index": 47
  },
  {
    "name": "Require(38) node_modules/egg-onerror/app.js",
    "start": 1613015262260,
    "end": 1613015262269,
    "duration": 9,
    "pid": 19012,
    "index": 48
  },
  {
    "name": "Require(39) node_modules/egg-i18n/app.js",
    "start": 1613015262270,
    "end": 1613015262281,
    "duration": 11,
    "pid": 19012,
    "index": 49
  },
  {
    "name": "Require(40) node_modules/egg-watcher/app.js",
    "start": 1613015262281,
    "end": 1613015262285,
    "duration": 4,
    "pid": 19012,
    "index": 50
  },
  {
    "name": "Require(41) node_modules/egg-schedule/app.js",
    "start": 1613015262285,
    "end": 1613015262287,
    "duration": 2,
    "pid": 19012,
    "index": 51
  },
  {
    "name": "Require(42) node_modules/egg-multipart/app.js",
    "start": 1613015262287,
    "end": 1613015262288,
    "duration": 1,
    "pid": 19012,
    "index": 52
  },
  {
    "name": "Require(43) node_modules/egg-development/app.js",
    "start": 1613015262289,
    "end": 1613015262289,
    "duration": 0,
    "pid": 19012,
    "index": 53
  },
  {
    "name": "Require(44) node_modules/egg-logrotator/app.js",
    "start": 1613015262290,
    "end": 1613015262290,
    "duration": 0,
    "pid": 19012,
    "index": 54
  },
  {
    "name": "Require(45) node_modules/egg-static/app.js",
    "start": 1613015262290,
    "end": 1613015262291,
    "duration": 1,
    "pid": 19012,
    "index": 55
  },
  {
    "name": "Require(46) node_modules/egg-mysql/app.js",
    "start": 1613015262291,
    "end": 1613015262305,
    "duration": 14,
    "pid": 19012,
    "index": 56
  },
  {
    "name": "Require(47) node_modules/egg-cors/app.js",
    "start": 1613015262305,
    "end": 1613015262306,
    "duration": 1,
    "pid": 19012,
    "index": 57
  },
  {
    "name": "Before Start in node_modules/egg-watcher/lib/init.js:15:14",
    "start": 1613015262320,
    "end": 1613015262619,
    "duration": 299,
    "pid": 19012,
    "index": 58
  },
  {
    "name": "Before Start in node_modules/egg-mysql/lib/mysql.js:20:7",
    "start": 1613015262417,
    "end": 1613015262789,
    "duration": 372,
    "pid": 19012,
    "index": 59
  },
  {
    "name": "Load Service",
    "start": 1613015262417,
    "end": 1613015262423,
    "duration": 6,
    "pid": 19012,
    "index": 60
  },
  {
    "name": "Load \"service\" to Context",
    "start": 1613015262417,
    "end": 1613015262423,
    "duration": 6,
    "pid": 19012,
    "index": 61
  },
  {
    "name": "Load Middleware",
    "start": 1613015262424,
    "end": 1613015262590,
    "duration": 166,
    "pid": 19012,
    "index": 62
  },
  {
    "name": "Load \"middlewares\" to Application",
    "start": 1613015262424,
    "end": 1613015262575,
    "duration": 151,
    "pid": 19012,
    "index": 63
  },
  {
    "name": "Load Controller",
    "start": 1613015262590,
    "end": 1613015262595,
    "duration": 5,
    "pid": 19012,
    "index": 64
  },
  {
    "name": "Load \"controller\" to Application",
    "start": 1613015262590,
    "end": 1613015262595,
    "duration": 5,
    "pid": 19012,
    "index": 65
  },
  {
    "name": "Load Router",
    "start": 1613015262595,
    "end": 1613015262599,
    "duration": 4,
    "pid": 19012,
    "index": 66
  },
  {
    "name": "Require(48) app/router.js",
    "start": 1613015262595,
    "end": 1613015262595,
    "duration": 0,
    "pid": 19012,
    "index": 67
  },
  {
    "name": "Before Start in node_modules/egg-core/lib/egg.js:303:10",
    "start": 1613015262596,
    "end": 1613015262611,
    "duration": 15,
    "pid": 19012,
    "index": 68
  }
]