[
  {
    "name": "Process Start",
    "start": 1613114391420,
    "end": 1613114392635,
    "duration": 1215,
    "pid": 6016,
    "index": 0
  },
  {
    "name": "Application Start",
    "start": 1613114392636,
    "end": 1613114393303,
    "duration": 667,
    "pid": 6016,
    "index": 1
  },
  {
    "name": "Load Plugin",
    "start": 1613114392642,
    "end": 1613114392663,
    "duration": 21,
    "pid": 6016,
    "index": 2
  },
  {
    "name": "Load Config",
    "start": 1613114392663,
    "end": 1613114392690,
    "duration": 27,
    "pid": 6016,
    "index": 3
  },
  {
    "name": "Require(0) config/config.default.js",
    "start": 1613114392664,
    "end": 1613114392664,
    "duration": 0,
    "pid": 6016,
    "index": 4
  },
  {
    "name": "Require(1) node_modules/egg-session/config/config.default.js",
    "start": 1613114392666,
    "end": 1613114392666,
    "duration": 0,
    "pid": 6016,
    "index": 5
  },
  {
    "name": "Require(2) node_modules/egg-security/config/config.default.js",
    "start": 1613114392667,
    "end": 1613114392667,
    "duration": 0,
    "pid": 6016,
    "index": 6
  },
  {
    "name": "Require(3) node_modules/egg-jsonp/config/config.default.js",
    "start": 1613114392668,
    "end": 1613114392669,
    "duration": 1,
    "pid": 6016,
    "index": 7
  },
  {
    "name": "Require(4) node_modules/egg-onerror/config/config.default.js",
    "start": 1613114392669,
    "end": 1613114392670,
    "duration": 1,
    "pid": 6016,
    "index": 8
  },
  {
    "name": "Require(5) node_modules/egg-i18n/config/config.default.js",
    "start": 1613114392670,
    "end": 1613114392671,
    "duration": 1,
    "pid": 6016,
    "index": 9
  },
  {
    "name": "Require(6) node_modules/egg-watcher/config/config.default.js",
    "start": 1613114392671,
    "end": 1613114392672,
    "duration": 1,
    "pid": 6016,
    "index": 10
  },
  {
    "name": "Require(7) node_modules/egg-schedule/config/config.default.js",
    "start": 1613114392672,
    "end": 1613114392673,
    "duration": 1,
    "pid": 6016,
    "index": 11
  },
  {
    "name": "Require(8) node_modules/egg-multipart/config/config.default.js",
    "start": 1613114392673,
    "end": 1613114392674,
    "duration": 1,
    "pid": 6016,
    "index": 12
  },
  {
    "name": "Require(9) node_modules/egg-development/config/config.default.js",
    "start": 1613114392675,
    "end": 1613114392675,
    "duration": 0,
    "pid": 6016,
    "index": 13
  },
  {
    "name": "Require(10) node_modules/egg-logrotator/config/config.default.js",
    "start": 1613114392676,
    "end": 1613114392676,
    "duration": 0,
    "pid": 6016,
    "index": 14
  },
  {
    "name": "Require(11) node_modules/egg-static/config/config.default.js",
    "start": 1613114392677,
    "end": 1613114392677,
    "duration": 0,
    "pid": 6016,
    "index": 15
  },
  {
    "name": "Require(12) node_modules/egg-view/config/config.default.js",
    "start": 1613114392678,
    "end": 1613114392678,
    "duration": 0,
    "pid": 6016,
    "index": 16
  },
  {
    "name": "Require(13) node_modules/egg-mysql/config/config.default.js",
    "start": 1613114392679,
    "end": 1613114392679,
    "duration": 0,
    "pid": 6016,
    "index": 17
  },
  {
    "name": "Require(14) node_modules/egg-cors/config/config.default.js",
    "start": 1613114392680,
    "end": 1613114392680,
    "duration": 0,
    "pid": 6016,
    "index": 18
  },
  {
    "name": "Require(15) node_modules/egg/config/config.default.js",
    "start": 1613114392680,
    "end": 1613114392681,
    "duration": 1,
    "pid": 6016,
    "index": 19
  },
  {
    "name": "Require(16) config/config.default.js",
    "start": 1613114392682,
    "end": 1613114392682,
    "duration": 0,
    "pid": 6016,
    "index": 20
  },
  {
    "name": "Require(17) node_modules/egg-security/config/config.local.js",
    "start": 1613114392683,
    "end": 1613114392684,
    "duration": 1,
    "pid": 6016,
    "index": 21
  },
  {
    "name": "Require(18) node_modules/egg-watcher/config/config.local.js",
    "start": 1613114392685,
    "end": 1613114392685,
    "duration": 0,
    "pid": 6016,
    "index": 22
  },
  {
    "name": "Require(19) node_modules/egg-view/config/config.local.js",
    "start": 1613114392688,
    "end": 1613114392688,
    "duration": 0,
    "pid": 6016,
    "index": 23
  },
  {
    "name": "Require(20) node_modules/egg/config/config.local.js",
    "start": 1613114392689,
    "end": 1613114392689,
    "duration": 0,
    "pid": 6016,
    "index": 24
  },
  {
    "name": "Load extend/application.js",
    "start": 1613114392691,
    "end": 1613114392716,
    "duration": 25,
    "pid": 6016,
    "index": 25
  },
  {
    "name": "Require(21) node_modules/egg-session/app/extend/application.js",
    "start": 1613114392691,
    "end": 1613114392692,
    "duration": 1,
    "pid": 6016,
    "index": 26
  },
  {
    "name": "Require(22) node_modules/egg-security/app/extend/application.js",
    "start": 1613114392692,
    "end": 1613114392694,
    "duration": 2,
    "pid": 6016,
    "index": 27
  },
  {
    "name": "Require(23) node_modules/egg-jsonp/app/extend/application.js",
    "start": 1613114392694,
    "end": 1613114392696,
    "duration": 2,
    "pid": 6016,
    "index": 28
  },
  {
    "name": "Require(24) node_modules/egg-logrotator/app/extend/application.js",
    "start": 1613114392700,
    "end": 1613114392708,
    "duration": 8,
    "pid": 6016,
    "index": 29
  },
  {
    "name": "Require(25) node_modules/egg-view/app/extend/application.js",
    "start": 1613114392709,
    "end": 1613114392711,
    "duration": 2,
    "pid": 6016,
    "index": 30
  },
  {
    "name": "Load extend/request.js",
    "start": 1613114392716,
    "end": 1613114392725,
    "duration": 9,
    "pid": 6016,
    "index": 31
  },
  {
    "name": "Require(26) node_modules/egg/app/extend/request.js",
    "start": 1613114392720,
    "end": 1613114392721,
    "duration": 1,
    "pid": 6016,
    "index": 32
  },
  {
    "name": "Load extend/response.js",
    "start": 1613114392725,
    "end": 1613114392738,
    "duration": 13,
    "pid": 6016,
    "index": 33
  },
  {
    "name": "Require(27) node_modules/egg/app/extend/response.js",
    "start": 1613114392732,
    "end": 1613114392734,
    "duration": 2,
    "pid": 6016,
    "index": 34
  },
  {
    "name": "Load extend/context.js",
    "start": 1613114392738,
    "end": 1613114392832,
    "duration": 94,
    "pid": 6016,
    "index": 35
  },
  {
    "name": "Require(28) node_modules/egg-security/app/extend/context.js",
    "start": 1613114392738,
    "end": 1613114392755,
    "duration": 17,
    "pid": 6016,
    "index": 36
  },
  {
    "name": "Require(29) node_modules/egg-jsonp/app/extend/context.js",
    "start": 1613114392755,
    "end": 1613114392756,
    "duration": 1,
    "pid": 6016,
    "index": 37
  },
  {
    "name": "Require(30) node_modules/egg-i18n/app/extend/context.js",
    "start": 1613114392757,
    "end": 1613114392757,
    "duration": 0,
    "pid": 6016,
    "index": 38
  },
  {
    "name": "Require(31) node_modules/egg-multipart/app/extend/context.js",
    "start": 1613114392759,
    "end": 1613114392825,
    "duration": 66,
    "pid": 6016,
    "index": 39
  },
  {
    "name": "Require(32) node_modules/egg-view/app/extend/context.js",
    "start": 1613114392826,
    "end": 1613114392827,
    "duration": 1,
    "pid": 6016,
    "index": 40
  },
  {
    "name": "Require(33) node_modules/egg/app/extend/context.js",
    "start": 1613114392827,
    "end": 1613114392828,
    "duration": 1,
    "pid": 6016,
    "index": 41
  },
  {
    "name": "Load extend/helper.js",
    "start": 1613114392832,
    "end": 1613114392858,
    "duration": 26,
    "pid": 6016,
    "index": 42
  },
  {
    "name": "Require(34) node_modules/egg-security/app/extend/helper.js",
    "start": 1613114392833,
    "end": 1613114392850,
    "duration": 17,
    "pid": 6016,
    "index": 43
  },
  {
    "name": "Require(35) node_modules/egg/app/extend/helper.js",
    "start": 1613114392854,
    "end": 1613114392855,
    "duration": 1,
    "pid": 6016,
    "index": 44
  },
  {
    "name": "Load app.js",
    "start": 1613114392859,
    "end": 1613114392905,
    "duration": 46,
    "pid": 6016,
    "index": 45
  },
  {
    "name": "Require(36) node_modules/egg-session/app.js",
    "start": 1613114392859,
    "end": 1613114392859,
    "duration": 0,
    "pid": 6016,
    "index": 46
  },
  {
    "name": "Require(37) node_modules/egg-security/app.js",
    "start": 1613114392860,
    "end": 1613114392861,
    "duration": 1,
    "pid": 6016,
    "index": 47
  },
  {
    "name": "Require(38) node_modules/egg-onerror/app.js",
    "start": 1613114392862,
    "end": 1613114392871,
    "duration": 9,
    "pid": 6016,
    "index": 48
  },
  {
    "name": "Require(39) node_modules/egg-i18n/app.js",
    "start": 1613114392871,
    "end": 1613114392880,
    "duration": 9,
    "pid": 6016,
    "index": 49
  },
  {
    "name": "Require(40) node_modules/egg-watcher/app.js",
    "start": 1613114392880,
    "end": 1613114392883,
    "duration": 3,
    "pid": 6016,
    "index": 50
  },
  {
    "name": "Require(41) node_modules/egg-schedule/app.js",
    "start": 1613114392884,
    "end": 1613114392885,
    "duration": 1,
    "pid": 6016,
    "index": 51
  },
  {
    "name": "Require(42) node_modules/egg-multipart/app.js",
    "start": 1613114392885,
    "end": 1613114392886,
    "duration": 1,
    "pid": 6016,
    "index": 52
  },
  {
    "name": "Require(43) node_modules/egg-development/app.js",
    "start": 1613114392886,
    "end": 1613114392887,
    "duration": 1,
    "pid": 6016,
    "index": 53
  },
  {
    "name": "Require(44) node_modules/egg-logrotator/app.js",
    "start": 1613114392887,
    "end": 1613114392887,
    "duration": 0,
    "pid": 6016,
    "index": 54
  },
  {
    "name": "Require(45) node_modules/egg-static/app.js",
    "start": 1613114392888,
    "end": 1613114392888,
    "duration": 0,
    "pid": 6016,
    "index": 55
  },
  {
    "name": "Require(46) node_modules/egg-mysql/app.js",
    "start": 1613114392888,
    "end": 1613114392904,
    "duration": 16,
    "pid": 6016,
    "index": 56
  },
  {
    "name": "Require(47) node_modules/egg-cors/app.js",
    "start": 1613114392904,
    "end": 1613114392904,
    "duration": 0,
    "pid": 6016,
    "index": 57
  },
  {
    "name": "Before Start in node_modules/egg-watcher/lib/init.js:15:14",
    "start": 1613114392915,
    "end": 1613114393178,
    "duration": 263,
    "pid": 6016,
    "index": 58
  },
  {
    "name": "Before Start in node_modules/egg-mysql/lib/mysql.js:20:7",
    "start": 1613114393014,
    "end": 1613114393303,
    "duration": 289,
    "pid": 6016,
    "index": 59
  },
  {
    "name": "Load Service",
    "start": 1613114393015,
    "end": 1613114393020,
    "duration": 5,
    "pid": 6016,
    "index": 60
  },
  {
    "name": "Load \"service\" to Context",
    "start": 1613114393015,
    "end": 1613114393020,
    "duration": 5,
    "pid": 6016,
    "index": 61
  },
  {
    "name": "Load Middleware",
    "start": 1613114393021,
    "end": 1613114393149,
    "duration": 128,
    "pid": 6016,
    "index": 62
  },
  {
    "name": "Load \"middlewares\" to Application",
    "start": 1613114393021,
    "end": 1613114393135,
    "duration": 114,
    "pid": 6016,
    "index": 63
  },
  {
    "name": "Load Controller",
    "start": 1613114393149,
    "end": 1613114393153,
    "duration": 4,
    "pid": 6016,
    "index": 64
  },
  {
    "name": "Load \"controller\" to Application",
    "start": 1613114393149,
    "end": 1613114393153,
    "duration": 4,
    "pid": 6016,
    "index": 65
  },
  {
    "name": "Load Router",
    "start": 1613114393153,
    "end": 1613114393158,
    "duration": 5,
    "pid": 6016,
    "index": 66
  },
  {
    "name": "Require(48) app/router.js",
    "start": 1613114393153,
    "end": 1613114393153,
    "duration": 0,
    "pid": 6016,
    "index": 67
  },
  {
    "name": "Before Start in node_modules/egg-core/lib/egg.js:303:10",
    "start": 1613114393155,
    "end": 1613114393171,
    "duration": 16,
    "pid": 6016,
    "index": 68
  }
]