[
  {
    "name": "Process Start",
    "start": 1613113990216,
    "end": 1613113991380,
    "duration": 1164,
    "pid": 21764,
    "index": 0
  },
  {
    "name": "Application Start",
    "start": 1613113991381,
    "end": 1613113992108,
    "duration": 727,
    "pid": 21764,
    "index": 1
  },
  {
    "name": "Load Plugin",
    "start": 1613113991391,
    "end": 1613113991428,
    "duration": 37,
    "pid": 21764,
    "index": 2
  },
  {
    "name": "Load Config",
    "start": 1613113991428,
    "end": 1613113991454,
    "duration": 26,
    "pid": 21764,
    "index": 3
  },
  {
    "name": "Require(0) config/config.default.js",
    "start": 1613113991428,
    "end": 1613113991429,
    "duration": 1,
    "pid": 21764,
    "index": 4
  },
  {
    "name": "Require(1) node_modules/egg-session/config/config.default.js",
    "start": 1613113991430,
    "end": 1613113991431,
    "duration": 1,
    "pid": 21764,
    "index": 5
  },
  {
    "name": "Require(2) node_modules/egg-security/config/config.default.js",
    "start": 1613113991431,
    "end": 1613113991432,
    "duration": 1,
    "pid": 21764,
    "index": 6
  },
  {
    "name": "Require(3) node_modules/egg-jsonp/config/config.default.js",
    "start": 1613113991433,
    "end": 1613113991433,
    "duration": 0,
    "pid": 21764,
    "index": 7
  },
  {
    "name": "Require(4) node_modules/egg-onerror/config/config.default.js",
    "start": 1613113991434,
    "end": 1613113991435,
    "duration": 1,
    "pid": 21764,
    "index": 8
  },
  {
    "name": "Require(5) node_modules/egg-i18n/config/config.default.js",
    "start": 1613113991436,
    "end": 1613113991436,
    "duration": 0,
    "pid": 21764,
    "index": 9
  },
  {
    "name": "Require(6) node_modules/egg-watcher/config/config.default.js",
    "start": 1613113991437,
    "end": 1613113991437,
    "duration": 0,
    "pid": 21764,
    "index": 10
  },
  {
    "name": "Require(7) node_modules/egg-schedule/config/config.default.js",
    "start": 1613113991438,
    "end": 1613113991438,
    "duration": 0,
    "pid": 21764,
    "index": 11
  },
  {
    "name": "Require(8) node_modules/egg-multipart/config/config.default.js",
    "start": 1613113991439,
    "end": 1613113991439,
    "duration": 0,
    "pid": 21764,
    "index": 12
  },
  {
    "name": "Require(9) node_modules/egg-development/config/config.default.js",
    "start": 1613113991440,
    "end": 1613113991441,
    "duration": 1,
    "pid": 21764,
    "index": 13
  },
  {
    "name": "Require(10) node_modules/egg-logrotator/config/config.default.js",
    "start": 1613113991441,
    "end": 1613113991441,
    "duration": 0,
    "pid": 21764,
    "index": 14
  },
  {
    "name": "Require(11) node_modules/egg-static/config/config.default.js",
    "start": 1613113991442,
    "end": 1613113991442,
    "duration": 0,
    "pid": 21764,
    "index": 15
  },
  {
    "name": "Require(12) node_modules/egg-view/config/config.default.js",
    "start": 1613113991443,
    "end": 1613113991443,
    "duration": 0,
    "pid": 21764,
    "index": 16
  },
  {
    "name": "Require(13) node_modules/egg-mysql/config/config.default.js",
    "start": 1613113991444,
    "end": 1613113991444,
    "duration": 0,
    "pid": 21764,
    "index": 17
  },
  {
    "name": "Require(14) node_modules/egg-cors/config/config.default.js",
    "start": 1613113991445,
    "end": 1613113991445,
    "duration": 0,
    "pid": 21764,
    "index": 18
  },
  {
    "name": "Require(15) node_modules/egg/config/config.default.js",
    "start": 1613113991445,
    "end": 1613113991446,
    "duration": 1,
    "pid": 21764,
    "index": 19
  },
  {
    "name": "Require(16) config/config.default.js",
    "start": 1613113991447,
    "end": 1613113991447,
    "duration": 0,
    "pid": 21764,
    "index": 20
  },
  {
    "name": "Require(17) node_modules/egg-security/config/config.local.js",
    "start": 1613113991448,
    "end": 1613113991448,
    "duration": 0,
    "pid": 21764,
    "index": 21
  },
  {
    "name": "Require(18) node_modules/egg-watcher/config/config.local.js",
    "start": 1613113991449,
    "end": 1613113991449,
    "duration": 0,
    "pid": 21764,
    "index": 22
  },
  {
    "name": "Require(19) node_modules/egg-view/config/config.local.js",
    "start": 1613113991451,
    "end": 1613113991452,
    "duration": 1,
    "pid": 21764,
    "index": 23
  },
  {
    "name": "Require(20) node_modules/egg/config/config.local.js",
    "start": 1613113991453,
    "end": 1613113991453,
    "duration": 0,
    "pid": 21764,
    "index": 24
  },
  {
    "name": "Load extend/application.js",
    "start": 1613113991454,
    "end": 1613113991476,
    "duration": 22,
    "pid": 21764,
    "index": 25
  },
  {
    "name": "Require(21) node_modules/egg-session/app/extend/application.js",
    "start": 1613113991455,
    "end": 1613113991455,
    "duration": 0,
    "pid": 21764,
    "index": 26
  },
  {
    "name": "Require(22) node_modules/egg-security/app/extend/application.js",
    "start": 1613113991456,
    "end": 1613113991457,
    "duration": 1,
    "pid": 21764,
    "index": 27
  },
  {
    "name": "Require(23) node_modules/egg-jsonp/app/extend/application.js",
    "start": 1613113991458,
    "end": 1613113991459,
    "duration": 1,
    "pid": 21764,
    "index": 28
  },
  {
    "name": "Require(24) node_modules/egg-logrotator/app/extend/application.js",
    "start": 1613113991461,
    "end": 1613113991470,
    "duration": 9,
    "pid": 21764,
    "index": 29
  },
  {
    "name": "Require(25) node_modules/egg-view/app/extend/application.js",
    "start": 1613113991471,
    "end": 1613113991472,
    "duration": 1,
    "pid": 21764,
    "index": 30
  },
  {
    "name": "Load extend/request.js",
    "start": 1613113991476,
    "end": 1613113991485,
    "duration": 9,
    "pid": 21764,
    "index": 31
  },
  {
    "name": "Require(26) node_modules/egg/app/extend/request.js",
    "start": 1613113991479,
    "end": 1613113991481,
    "duration": 2,
    "pid": 21764,
    "index": 32
  },
  {
    "name": "Load extend/response.js",
    "start": 1613113991485,
    "end": 1613113991493,
    "duration": 8,
    "pid": 21764,
    "index": 33
  },
  {
    "name": "Require(27) node_modules/egg/app/extend/response.js",
    "start": 1613113991488,
    "end": 1613113991490,
    "duration": 2,
    "pid": 21764,
    "index": 34
  },
  {
    "name": "Load extend/context.js",
    "start": 1613113991493,
    "end": 1613113991566,
    "duration": 73,
    "pid": 21764,
    "index": 35
  },
  {
    "name": "Require(28) node_modules/egg-security/app/extend/context.js",
    "start": 1613113991494,
    "end": 1613113991509,
    "duration": 15,
    "pid": 21764,
    "index": 36
  },
  {
    "name": "Require(29) node_modules/egg-jsonp/app/extend/context.js",
    "start": 1613113991510,
    "end": 1613113991511,
    "duration": 1,
    "pid": 21764,
    "index": 37
  },
  {
    "name": "Require(30) node_modules/egg-i18n/app/extend/context.js",
    "start": 1613113991512,
    "end": 1613113991512,
    "duration": 0,
    "pid": 21764,
    "index": 38
  },
  {
    "name": "Require(31) node_modules/egg-multipart/app/extend/context.js",
    "start": 1613113991513,
    "end": 1613113991558,
    "duration": 45,
    "pid": 21764,
    "index": 39
  },
  {
    "name": "Require(32) node_modules/egg-view/app/extend/context.js",
    "start": 1613113991558,
    "end": 1613113991559,
    "duration": 1,
    "pid": 21764,
    "index": 40
  },
  {
    "name": "Require(33) node_modules/egg/app/extend/context.js",
    "start": 1613113991560,
    "end": 1613113991561,
    "duration": 1,
    "pid": 21764,
    "index": 41
  },
  {
    "name": "Load extend/helper.js",
    "start": 1613113991566,
    "end": 1613113991591,
    "duration": 25,
    "pid": 21764,
    "index": 42
  },
  {
    "name": "Require(34) node_modules/egg-security/app/extend/helper.js",
    "start": 1613113991566,
    "end": 1613113991583,
    "duration": 17,
    "pid": 21764,
    "index": 43
  },
  {
    "name": "Require(35) node_modules/egg/app/extend/helper.js",
    "start": 1613113991587,
    "end": 1613113991588,
    "duration": 1,
    "pid": 21764,
    "index": 44
  },
  {
    "name": "Load app.js",
    "start": 1613113991591,
    "end": 1613113991666,
    "duration": 75,
    "pid": 21764,
    "index": 45
  },
  {
    "name": "Require(36) node_modules/egg-session/app.js",
    "start": 1613113991592,
    "end": 1613113991592,
    "duration": 0,
    "pid": 21764,
    "index": 46
  },
  {
    "name": "Require(37) node_modules/egg-security/app.js",
    "start": 1613113991593,
    "end": 1613113991594,
    "duration": 1,
    "pid": 21764,
    "index": 47
  },
  {
    "name": "Require(38) node_modules/egg-onerror/app.js",
    "start": 1613113991595,
    "end": 1613113991605,
    "duration": 10,
    "pid": 21764,
    "index": 48
  },
  {
    "name": "Require(39) node_modules/egg-i18n/app.js",
    "start": 1613113991605,
    "end": 1613113991614,
    "duration": 9,
    "pid": 21764,
    "index": 49
  },
  {
    "name": "Require(40) node_modules/egg-watcher/app.js",
    "start": 1613113991614,
    "end": 1613113991617,
    "duration": 3,
    "pid": 21764,
    "index": 50
  },
  {
    "name": "Require(41) node_modules/egg-schedule/app.js",
    "start": 1613113991618,
    "end": 1613113991620,
    "duration": 2,
    "pid": 21764,
    "index": 51
  },
  {
    "name": "Require(42) node_modules/egg-multipart/app.js",
    "start": 1613113991620,
    "end": 1613113991621,
    "duration": 1,
    "pid": 21764,
    "index": 52
  },
  {
    "name": "Require(43) node_modules/egg-development/app.js",
    "start": 1613113991622,
    "end": 1613113991622,
    "duration": 0,
    "pid": 21764,
    "index": 53
  },
  {
    "name": "Require(44) node_modules/egg-logrotator/app.js",
    "start": 1613113991622,
    "end": 1613113991622,
    "duration": 0,
    "pid": 21764,
    "index": 54
  },
  {
    "name": "Require(45) node_modules/egg-static/app.js",
    "start": 1613113991623,
    "end": 1613113991623,
    "duration": 0,
    "pid": 21764,
    "index": 55
  },
  {
    "name": "Require(46) node_modules/egg-mysql/app.js",
    "start": 1613113991624,
    "end": 1613113991662,
    "duration": 38,
    "pid": 21764,
    "index": 56
  },
  {
    "name": "Require(47) node_modules/egg-cors/app.js",
    "start": 1613113991663,
    "end": 1613113991663,
    "duration": 0,
    "pid": 21764,
    "index": 57
  },
  {
    "name": "Before Start in node_modules/egg-watcher/lib/init.js:15:14",
    "start": 1613113991680,
    "end": 1613113991951,
    "duration": 271,
    "pid": 21764,
    "index": 58
  },
  {
    "name": "Before Start in node_modules/egg-mysql/lib/mysql.js:20:7",
    "start": 1613113991774,
    "end": 1613113992107,
    "duration": 333,
    "pid": 21764,
    "index": 59
  },
  {
    "name": "Load Service",
    "start": 1613113991774,
    "end": 1613113991780,
    "duration": 6,
    "pid": 21764,
    "index": 60
  },
  {
    "name": "Load \"service\" to Context",
    "start": 1613113991775,
    "end": 1613113991780,
    "duration": 5,
    "pid": 21764,
    "index": 61
  },
  {
    "name": "Load Middleware",
    "start": 1613113991780,
    "end": 1613113991923,
    "duration": 143,
    "pid": 21764,
    "index": 62
  },
  {
    "name": "Load \"middlewares\" to Application",
    "start": 1613113991780,
    "end": 1613113991890,
    "duration": 110,
    "pid": 21764,
    "index": 63
  },
  {
    "name": "Load Controller",
    "start": 1613113991923,
    "end": 1613113991927,
    "duration": 4,
    "pid": 21764,
    "index": 64
  },
  {
    "name": "Load \"controller\" to Application",
    "start": 1613113991923,
    "end": 1613113991927,
    "duration": 4,
    "pid": 21764,
    "index": 65
  },
  {
    "name": "Load Router",
    "start": 1613113991927,
    "end": 1613113991931,
    "duration": 4,
    "pid": 21764,
    "index": 66
  },
  {
    "name": "Require(48) app/router.js",
    "start": 1613113991927,
    "end": 1613113991928,
    "duration": 1,
    "pid": 21764,
    "index": 67
  },
  {
    "name": "Before Start in node_modules/egg-core/lib/egg.js:303:10",
    "start": 1613113991929,
    "end": 1613113991942,
    "duration": 13,
    "pid": 21764,
    "index": 68
  }
]