[
  {
    "name": "Process Start",
    "start": 1613108039093,
    "end": 1613108042157,
    "duration": 3064,
    "pid": 22464,
    "index": 0
  },
  {
    "name": "Application Start",
    "start": 1613108042158,
    "end": 1613108043115,
    "duration": 957,
    "pid": 22464,
    "index": 1
  },
  {
    "name": "Load Plugin",
    "start": 1613108042164,
    "end": 1613108042190,
    "duration": 26,
    "pid": 22464,
    "index": 2
  },
  {
    "name": "Load Config",
    "start": 1613108042190,
    "end": 1613108042223,
    "duration": 33,
    "pid": 22464,
    "index": 3
  },
  {
    "name": "Require(0) config/config.default.js",
    "start": 1613108042191,
    "end": 1613108042192,
    "duration": 1,
    "pid": 22464,
    "index": 4
  },
  {
    "name": "Require(1) node_modules/egg-session/config/config.default.js",
    "start": 1613108042193,
    "end": 1613108042194,
    "duration": 1,
    "pid": 22464,
    "index": 5
  },
  {
    "name": "Require(2) node_modules/egg-security/config/config.default.js",
    "start": 1613108042195,
    "end": 1613108042195,
    "duration": 0,
    "pid": 22464,
    "index": 6
  },
  {
    "name": "Require(3) node_modules/egg-jsonp/config/config.default.js",
    "start": 1613108042197,
    "end": 1613108042197,
    "duration": 0,
    "pid": 22464,
    "index": 7
  },
  {
    "name": "Require(4) node_modules/egg-onerror/config/config.default.js",
    "start": 1613108042198,
    "end": 1613108042199,
    "duration": 1,
    "pid": 22464,
    "index": 8
  },
  {
    "name": "Require(5) node_modules/egg-i18n/config/config.default.js",
    "start": 1613108042200,
    "end": 1613108042200,
    "duration": 0,
    "pid": 22464,
    "index": 9
  },
  {
    "name": "Require(6) node_modules/egg-watcher/config/config.default.js",
    "start": 1613108042201,
    "end": 1613108042201,
    "duration": 0,
    "pid": 22464,
    "index": 10
  },
  {
    "name": "Require(7) node_modules/egg-schedule/config/config.default.js",
    "start": 1613108042202,
    "end": 1613108042202,
    "duration": 0,
    "pid": 22464,
    "index": 11
  },
  {
    "name": "Require(8) node_modules/egg-multipart/config/config.default.js",
    "start": 1613108042203,
    "end": 1613108042204,
    "duration": 1,
    "pid": 22464,
    "index": 12
  },
  {
    "name": "Require(9) node_modules/egg-development/config/config.default.js",
    "start": 1613108042204,
    "end": 1613108042205,
    "duration": 1,
    "pid": 22464,
    "index": 13
  },
  {
    "name": "Require(10) node_modules/egg-logrotator/config/config.default.js",
    "start": 1613108042206,
    "end": 1613108042206,
    "duration": 0,
    "pid": 22464,
    "index": 14
  },
  {
    "name": "Require(11) node_modules/egg-static/config/config.default.js",
    "start": 1613108042207,
    "end": 1613108042207,
    "duration": 0,
    "pid": 22464,
    "index": 15
  },
  {
    "name": "Require(12) node_modules/egg-view/config/config.default.js",
    "start": 1613108042211,
    "end": 1613108042211,
    "duration": 0,
    "pid": 22464,
    "index": 16
  },
  {
    "name": "Require(13) node_modules/egg-mysql/config/config.default.js",
    "start": 1613108042212,
    "end": 1613108042213,
    "duration": 1,
    "pid": 22464,
    "index": 17
  },
  {
    "name": "Require(14) node_modules/egg-cors/config/config.default.js",
    "start": 1613108042213,
    "end": 1613108042214,
    "duration": 1,
    "pid": 22464,
    "index": 18
  },
  {
    "name": "Require(15) node_modules/egg/config/config.default.js",
    "start": 1613108042214,
    "end": 1613108042215,
    "duration": 1,
    "pid": 22464,
    "index": 19
  },
  {
    "name": "Require(16) config/config.default.js",
    "start": 1613108042216,
    "end": 1613108042216,
    "duration": 0,
    "pid": 22464,
    "index": 20
  },
  {
    "name": "Require(17) node_modules/egg-security/config/config.local.js",
    "start": 1613108042217,
    "end": 1613108042217,
    "duration": 0,
    "pid": 22464,
    "index": 21
  },
  {
    "name": "Require(18) node_modules/egg-watcher/config/config.local.js",
    "start": 1613108042219,
    "end": 1613108042219,
    "duration": 0,
    "pid": 22464,
    "index": 22
  },
  {
    "name": "Require(19) node_modules/egg-view/config/config.local.js",
    "start": 1613108042221,
    "end": 1613108042221,
    "duration": 0,
    "pid": 22464,
    "index": 23
  },
  {
    "name": "Require(20) node_modules/egg/config/config.local.js",
    "start": 1613108042222,
    "end": 1613108042222,
    "duration": 0,
    "pid": 22464,
    "index": 24
  },
  {
    "name": "Load extend/application.js",
    "start": 1613108042224,
    "end": 1613108042250,
    "duration": 26,
    "pid": 22464,
    "index": 25
  },
  {
    "name": "Require(21) node_modules/egg-session/app/extend/application.js",
    "start": 1613108042224,
    "end": 1613108042225,
    "duration": 1,
    "pid": 22464,
    "index": 26
  },
  {
    "name": "Require(22) node_modules/egg-security/app/extend/application.js",
    "start": 1613108042225,
    "end": 1613108042227,
    "duration": 2,
    "pid": 22464,
    "index": 27
  },
  {
    "name": "Require(23) node_modules/egg-jsonp/app/extend/application.js",
    "start": 1613108042228,
    "end": 1613108042229,
    "duration": 1,
    "pid": 22464,
    "index": 28
  },
  {
    "name": "Require(24) node_modules/egg-logrotator/app/extend/application.js",
    "start": 1613108042232,
    "end": 1613108042242,
    "duration": 10,
    "pid": 22464,
    "index": 29
  },
  {
    "name": "Require(25) node_modules/egg-view/app/extend/application.js",
    "start": 1613108042243,
    "end": 1613108042244,
    "duration": 1,
    "pid": 22464,
    "index": 30
  },
  {
    "name": "Load extend/request.js",
    "start": 1613108042250,
    "end": 1613108042259,
    "duration": 9,
    "pid": 22464,
    "index": 31
  },
  {
    "name": "Require(26) node_modules/egg/app/extend/request.js",
    "start": 1613108042253,
    "end": 1613108042255,
    "duration": 2,
    "pid": 22464,
    "index": 32
  },
  {
    "name": "Load extend/response.js",
    "start": 1613108042259,
    "end": 1613108042269,
    "duration": 10,
    "pid": 22464,
    "index": 33
  },
  {
    "name": "Require(27) node_modules/egg/app/extend/response.js",
    "start": 1613108042263,
    "end": 1613108042265,
    "duration": 2,
    "pid": 22464,
    "index": 34
  },
  {
    "name": "Load extend/context.js",
    "start": 1613108042269,
    "end": 1613108042387,
    "duration": 118,
    "pid": 22464,
    "index": 35
  },
  {
    "name": "Require(28) node_modules/egg-security/app/extend/context.js",
    "start": 1613108042270,
    "end": 1613108042293,
    "duration": 23,
    "pid": 22464,
    "index": 36
  },
  {
    "name": "Require(29) node_modules/egg-jsonp/app/extend/context.js",
    "start": 1613108042293,
    "end": 1613108042296,
    "duration": 3,
    "pid": 22464,
    "index": 37
  },
  {
    "name": "Require(30) node_modules/egg-i18n/app/extend/context.js",
    "start": 1613108042298,
    "end": 1613108042298,
    "duration": 0,
    "pid": 22464,
    "index": 38
  },
  {
    "name": "Require(31) node_modules/egg-multipart/app/extend/context.js",
    "start": 1613108042299,
    "end": 1613108042371,
    "duration": 72,
    "pid": 22464,
    "index": 39
  },
  {
    "name": "Require(32) node_modules/egg-view/app/extend/context.js",
    "start": 1613108042373,
    "end": 1613108042377,
    "duration": 4,
    "pid": 22464,
    "index": 40
  },
  {
    "name": "Require(33) node_modules/egg/app/extend/context.js",
    "start": 1613108042379,
    "end": 1613108042381,
    "duration": 2,
    "pid": 22464,
    "index": 41
  },
  {
    "name": "Load extend/helper.js",
    "start": 1613108042387,
    "end": 1613108042472,
    "duration": 85,
    "pid": 22464,
    "index": 42
  },
  {
    "name": "Require(34) node_modules/egg-security/app/extend/helper.js",
    "start": 1613108042388,
    "end": 1613108042436,
    "duration": 48,
    "pid": 22464,
    "index": 43
  },
  {
    "name": "Require(35) node_modules/egg/app/extend/helper.js",
    "start": 1613108042467,
    "end": 1613108042467,
    "duration": 0,
    "pid": 22464,
    "index": 44
  },
  {
    "name": "Load app.js",
    "start": 1613108042473,
    "end": 1613108042548,
    "duration": 75,
    "pid": 22464,
    "index": 45
  },
  {
    "name": "Require(36) node_modules/egg-session/app.js",
    "start": 1613108042474,
    "end": 1613108042475,
    "duration": 1,
    "pid": 22464,
    "index": 46
  },
  {
    "name": "Require(37) node_modules/egg-security/app.js",
    "start": 1613108042475,
    "end": 1613108042477,
    "duration": 2,
    "pid": 22464,
    "index": 47
  },
  {
    "name": "Require(38) node_modules/egg-onerror/app.js",
    "start": 1613108042478,
    "end": 1613108042493,
    "duration": 15,
    "pid": 22464,
    "index": 48
  },
  {
    "name": "Require(39) node_modules/egg-i18n/app.js",
    "start": 1613108042493,
    "end": 1613108042505,
    "duration": 12,
    "pid": 22464,
    "index": 49
  },
  {
    "name": "Require(40) node_modules/egg-watcher/app.js",
    "start": 1613108042506,
    "end": 1613108042512,
    "duration": 6,
    "pid": 22464,
    "index": 50
  },
  {
    "name": "Require(41) node_modules/egg-schedule/app.js",
    "start": 1613108042512,
    "end": 1613108042514,
    "duration": 2,
    "pid": 22464,
    "index": 51
  },
  {
    "name": "Require(42) node_modules/egg-multipart/app.js",
    "start": 1613108042515,
    "end": 1613108042515,
    "duration": 0,
    "pid": 22464,
    "index": 52
  },
  {
    "name": "Require(43) node_modules/egg-development/app.js",
    "start": 1613108042516,
    "end": 1613108042516,
    "duration": 0,
    "pid": 22464,
    "index": 53
  },
  {
    "name": "Require(44) node_modules/egg-logrotator/app.js",
    "start": 1613108042516,
    "end": 1613108042517,
    "duration": 1,
    "pid": 22464,
    "index": 54
  },
  {
    "name": "Require(45) node_modules/egg-static/app.js",
    "start": 1613108042517,
    "end": 1613108042517,
    "duration": 0,
    "pid": 22464,
    "index": 55
  },
  {
    "name": "Require(46) node_modules/egg-mysql/app.js",
    "start": 1613108042518,
    "end": 1613108042542,
    "duration": 24,
    "pid": 22464,
    "index": 56
  },
  {
    "name": "Require(47) node_modules/egg-cors/app.js",
    "start": 1613108042542,
    "end": 1613108042546,
    "duration": 4,
    "pid": 22464,
    "index": 57
  },
  {
    "name": "Before Start in node_modules/egg-watcher/lib/init.js:15:14",
    "start": 1613108042563,
    "end": 1613108043018,
    "duration": 455,
    "pid": 22464,
    "index": 58
  },
  {
    "name": "Before Start in node_modules/egg-mysql/lib/mysql.js:20:7",
    "start": 1613108042692,
    "end": 1613108043114,
    "duration": 422,
    "pid": 22464,
    "index": 59
  },
  {
    "name": "Load Service",
    "start": 1613108042698,
    "end": 1613108042719,
    "duration": 21,
    "pid": 22464,
    "index": 60
  },
  {
    "name": "Load \"service\" to Context",
    "start": 1613108042698,
    "end": 1613108042719,
    "duration": 21,
    "pid": 22464,
    "index": 61
  },
  {
    "name": "Load Middleware",
    "start": 1613108042720,
    "end": 1613108042946,
    "duration": 226,
    "pid": 22464,
    "index": 62
  },
  {
    "name": "Load \"middlewares\" to Application",
    "start": 1613108042720,
    "end": 1613108042917,
    "duration": 197,
    "pid": 22464,
    "index": 63
  },
  {
    "name": "Load Controller",
    "start": 1613108042946,
    "end": 1613108042965,
    "duration": 19,
    "pid": 22464,
    "index": 64
  },
  {
    "name": "Load \"controller\" to Application",
    "start": 1613108042946,
    "end": 1613108042965,
    "duration": 19,
    "pid": 22464,
    "index": 65
  },
  {
    "name": "Load Router",
    "start": 1613108042965,
    "end": 1613108042970,
    "duration": 5,
    "pid": 22464,
    "index": 66
  },
  {
    "name": "Require(48) app/router.js",
    "start": 1613108042965,
    "end": 1613108042966,
    "duration": 1,
    "pid": 22464,
    "index": 67
  },
  {
    "name": "Before Start in node_modules/egg-core/lib/egg.js:303:10",
    "start": 1613108042967,
    "end": 1613108042982,
    "duration": 15,
    "pid": 22464,
    "index": 68
  }
]