[
  {
    "name": "Process Start",
    "start": 1613111370841,
    "end": 1613111372288,
    "duration": 1447,
    "pid": 19132,
    "index": 0
  },
  {
    "name": "Application Start",
    "start": 1613111372289,
    "end": 1613111373054,
    "duration": 765,
    "pid": 19132,
    "index": 1
  },
  {
    "name": "Load Plugin",
    "start": 1613111372296,
    "end": 1613111372339,
    "duration": 43,
    "pid": 19132,
    "index": 2
  },
  {
    "name": "Load Config",
    "start": 1613111372339,
    "end": 1613111372376,
    "duration": 37,
    "pid": 19132,
    "index": 3
  },
  {
    "name": "Require(0) config/config.default.js",
    "start": 1613111372340,
    "end": 1613111372341,
    "duration": 1,
    "pid": 19132,
    "index": 4
  },
  {
    "name": "Require(1) node_modules/egg-session/config/config.default.js",
    "start": 1613111372343,
    "end": 1613111372344,
    "duration": 1,
    "pid": 19132,
    "index": 5
  },
  {
    "name": "Require(2) node_modules/egg-security/config/config.default.js",
    "start": 1613111372345,
    "end": 1613111372345,
    "duration": 0,
    "pid": 19132,
    "index": 6
  },
  {
    "name": "Require(3) node_modules/egg-jsonp/config/config.default.js",
    "start": 1613111372348,
    "end": 1613111372348,
    "duration": 0,
    "pid": 19132,
    "index": 7
  },
  {
    "name": "Require(4) node_modules/egg-onerror/config/config.default.js",
    "start": 1613111372349,
    "end": 1613111372351,
    "duration": 2,
    "pid": 19132,
    "index": 8
  },
  {
    "name": "Require(5) node_modules/egg-i18n/config/config.default.js",
    "start": 1613111372352,
    "end": 1613111372352,
    "duration": 0,
    "pid": 19132,
    "index": 9
  },
  {
    "name": "Require(6) node_modules/egg-watcher/config/config.default.js",
    "start": 1613111372353,
    "end": 1613111372354,
    "duration": 1,
    "pid": 19132,
    "index": 10
  },
  {
    "name": "Require(7) node_modules/egg-schedule/config/config.default.js",
    "start": 1613111372355,
    "end": 1613111372356,
    "duration": 1,
    "pid": 19132,
    "index": 11
  },
  {
    "name": "Require(8) node_modules/egg-multipart/config/config.default.js",
    "start": 1613111372356,
    "end": 1613111372357,
    "duration": 1,
    "pid": 19132,
    "index": 12
  },
  {
    "name": "Require(9) node_modules/egg-development/config/config.default.js",
    "start": 1613111372358,
    "end": 1613111372359,
    "duration": 1,
    "pid": 19132,
    "index": 13
  },
  {
    "name": "Require(10) node_modules/egg-logrotator/config/config.default.js",
    "start": 1613111372360,
    "end": 1613111372361,
    "duration": 1,
    "pid": 19132,
    "index": 14
  },
  {
    "name": "Require(11) node_modules/egg-static/config/config.default.js",
    "start": 1613111372362,
    "end": 1613111372363,
    "duration": 1,
    "pid": 19132,
    "index": 15
  },
  {
    "name": "Require(12) node_modules/egg-view/config/config.default.js",
    "start": 1613111372363,
    "end": 1613111372364,
    "duration": 1,
    "pid": 19132,
    "index": 16
  },
  {
    "name": "Require(13) node_modules/egg-mysql/config/config.default.js",
    "start": 1613111372364,
    "end": 1613111372365,
    "duration": 1,
    "pid": 19132,
    "index": 17
  },
  {
    "name": "Require(14) node_modules/egg-cors/config/config.default.js",
    "start": 1613111372366,
    "end": 1613111372366,
    "duration": 0,
    "pid": 19132,
    "index": 18
  },
  {
    "name": "Require(15) node_modules/egg/config/config.default.js",
    "start": 1613111372367,
    "end": 1613111372367,
    "duration": 0,
    "pid": 19132,
    "index": 19
  },
  {
    "name": "Require(16) config/config.default.js",
    "start": 1613111372370,
    "end": 1613111372370,
    "duration": 0,
    "pid": 19132,
    "index": 20
  },
  {
    "name": "Require(17) node_modules/egg-security/config/config.local.js",
    "start": 1613111372371,
    "end": 1613111372371,
    "duration": 0,
    "pid": 19132,
    "index": 21
  },
  {
    "name": "Require(18) node_modules/egg-watcher/config/config.local.js",
    "start": 1613111372372,
    "end": 1613111372373,
    "duration": 1,
    "pid": 19132,
    "index": 22
  },
  {
    "name": "Require(19) node_modules/egg-view/config/config.local.js",
    "start": 1613111372374,
    "end": 1613111372375,
    "duration": 1,
    "pid": 19132,
    "index": 23
  },
  {
    "name": "Require(20) node_modules/egg/config/config.local.js",
    "start": 1613111372375,
    "end": 1613111372376,
    "duration": 1,
    "pid": 19132,
    "index": 24
  },
  {
    "name": "Load extend/application.js",
    "start": 1613111372377,
    "end": 1613111372404,
    "duration": 27,
    "pid": 19132,
    "index": 25
  },
  {
    "name": "Require(21) node_modules/egg-session/app/extend/application.js",
    "start": 1613111372378,
    "end": 1613111372378,
    "duration": 0,
    "pid": 19132,
    "index": 26
  },
  {
    "name": "Require(22) node_modules/egg-security/app/extend/application.js",
    "start": 1613111372379,
    "end": 1613111372380,
    "duration": 1,
    "pid": 19132,
    "index": 27
  },
  {
    "name": "Require(23) node_modules/egg-jsonp/app/extend/application.js",
    "start": 1613111372381,
    "end": 1613111372383,
    "duration": 2,
    "pid": 19132,
    "index": 28
  },
  {
    "name": "Require(24) node_modules/egg-logrotator/app/extend/application.js",
    "start": 1613111372387,
    "end": 1613111372396,
    "duration": 9,
    "pid": 19132,
    "index": 29
  },
  {
    "name": "Require(25) node_modules/egg-view/app/extend/application.js",
    "start": 1613111372397,
    "end": 1613111372399,
    "duration": 2,
    "pid": 19132,
    "index": 30
  },
  {
    "name": "Load extend/request.js",
    "start": 1613111372404,
    "end": 1613111372413,
    "duration": 9,
    "pid": 19132,
    "index": 31
  },
  {
    "name": "Require(26) node_modules/egg/app/extend/request.js",
    "start": 1613111372408,
    "end": 1613111372409,
    "duration": 1,
    "pid": 19132,
    "index": 32
  },
  {
    "name": "Load extend/response.js",
    "start": 1613111372413,
    "end": 1613111372423,
    "duration": 10,
    "pid": 19132,
    "index": 33
  },
  {
    "name": "Require(27) node_modules/egg/app/extend/response.js",
    "start": 1613111372416,
    "end": 1613111372419,
    "duration": 3,
    "pid": 19132,
    "index": 34
  },
  {
    "name": "Load extend/context.js",
    "start": 1613111372423,
    "end": 1613111372509,
    "duration": 86,
    "pid": 19132,
    "index": 35
  },
  {
    "name": "Require(28) node_modules/egg-security/app/extend/context.js",
    "start": 1613111372423,
    "end": 1613111372442,
    "duration": 19,
    "pid": 19132,
    "index": 36
  },
  {
    "name": "Require(29) node_modules/egg-jsonp/app/extend/context.js",
    "start": 1613111372442,
    "end": 1613111372444,
    "duration": 2,
    "pid": 19132,
    "index": 37
  },
  {
    "name": "Require(30) node_modules/egg-i18n/app/extend/context.js",
    "start": 1613111372444,
    "end": 1613111372445,
    "duration": 1,
    "pid": 19132,
    "index": 38
  },
  {
    "name": "Require(31) node_modules/egg-multipart/app/extend/context.js",
    "start": 1613111372446,
    "end": 1613111372499,
    "duration": 53,
    "pid": 19132,
    "index": 39
  },
  {
    "name": "Require(32) node_modules/egg-view/app/extend/context.js",
    "start": 1613111372501,
    "end": 1613111372503,
    "duration": 2,
    "pid": 19132,
    "index": 40
  },
  {
    "name": "Require(33) node_modules/egg/app/extend/context.js",
    "start": 1613111372504,
    "end": 1613111372505,
    "duration": 1,
    "pid": 19132,
    "index": 41
  },
  {
    "name": "Load extend/helper.js",
    "start": 1613111372509,
    "end": 1613111372537,
    "duration": 28,
    "pid": 19132,
    "index": 42
  },
  {
    "name": "Require(34) node_modules/egg-security/app/extend/helper.js",
    "start": 1613111372510,
    "end": 1613111372527,
    "duration": 17,
    "pid": 19132,
    "index": 43
  },
  {
    "name": "Require(35) node_modules/egg/app/extend/helper.js",
    "start": 1613111372532,
    "end": 1613111372532,
    "duration": 0,
    "pid": 19132,
    "index": 44
  },
  {
    "name": "Load app.js",
    "start": 1613111372538,
    "end": 1613111372601,
    "duration": 63,
    "pid": 19132,
    "index": 45
  },
  {
    "name": "Require(36) node_modules/egg-session/app.js",
    "start": 1613111372539,
    "end": 1613111372540,
    "duration": 1,
    "pid": 19132,
    "index": 46
  },
  {
    "name": "Require(37) node_modules/egg-security/app.js",
    "start": 1613111372541,
    "end": 1613111372542,
    "duration": 1,
    "pid": 19132,
    "index": 47
  },
  {
    "name": "Require(38) node_modules/egg-onerror/app.js",
    "start": 1613111372543,
    "end": 1613111372564,
    "duration": 21,
    "pid": 19132,
    "index": 48
  },
  {
    "name": "Require(39) node_modules/egg-i18n/app.js",
    "start": 1613111372565,
    "end": 1613111372575,
    "duration": 10,
    "pid": 19132,
    "index": 49
  },
  {
    "name": "Require(40) node_modules/egg-watcher/app.js",
    "start": 1613111372576,
    "end": 1613111372579,
    "duration": 3,
    "pid": 19132,
    "index": 50
  },
  {
    "name": "Require(41) node_modules/egg-schedule/app.js",
    "start": 1613111372580,
    "end": 1613111372581,
    "duration": 1,
    "pid": 19132,
    "index": 51
  },
  {
    "name": "Require(42) node_modules/egg-multipart/app.js",
    "start": 1613111372582,
    "end": 1613111372582,
    "duration": 0,
    "pid": 19132,
    "index": 52
  },
  {
    "name": "Require(43) node_modules/egg-development/app.js",
    "start": 1613111372583,
    "end": 1613111372583,
    "duration": 0,
    "pid": 19132,
    "index": 53
  },
  {
    "name": "Require(44) node_modules/egg-logrotator/app.js",
    "start": 1613111372583,
    "end": 1613111372584,
    "duration": 1,
    "pid": 19132,
    "index": 54
  },
  {
    "name": "Require(45) node_modules/egg-static/app.js",
    "start": 1613111372584,
    "end": 1613111372584,
    "duration": 0,
    "pid": 19132,
    "index": 55
  },
  {
    "name": "Require(46) node_modules/egg-mysql/app.js",
    "start": 1613111372585,
    "end": 1613111372598,
    "duration": 13,
    "pid": 19132,
    "index": 56
  },
  {
    "name": "Require(47) node_modules/egg-cors/app.js",
    "start": 1613111372598,
    "end": 1613111372600,
    "duration": 2,
    "pid": 19132,
    "index": 57
  },
  {
    "name": "Before Start in node_modules/egg-watcher/lib/init.js:15:14",
    "start": 1613111372610,
    "end": 1613111372889,
    "duration": 279,
    "pid": 19132,
    "index": 58
  },
  {
    "name": "Before Start in node_modules/egg-mysql/lib/mysql.js:20:7",
    "start": 1613111372706,
    "end": 1613111373054,
    "duration": 348,
    "pid": 19132,
    "index": 59
  },
  {
    "name": "Load Service",
    "start": 1613111372706,
    "end": 1613111372711,
    "duration": 5,
    "pid": 19132,
    "index": 60
  },
  {
    "name": "Load \"service\" to Context",
    "start": 1613111372706,
    "end": 1613111372711,
    "duration": 5,
    "pid": 19132,
    "index": 61
  },
  {
    "name": "Load Middleware",
    "start": 1613111372712,
    "end": 1613111372860,
    "duration": 148,
    "pid": 19132,
    "index": 62
  },
  {
    "name": "Load \"middlewares\" to Application",
    "start": 1613111372712,
    "end": 1613111372843,
    "duration": 131,
    "pid": 19132,
    "index": 63
  },
  {
    "name": "Load Controller",
    "start": 1613111372860,
    "end": 1613111372865,
    "duration": 5,
    "pid": 19132,
    "index": 64
  },
  {
    "name": "Load \"controller\" to Application",
    "start": 1613111372860,
    "end": 1613111372865,
    "duration": 5,
    "pid": 19132,
    "index": 65
  },
  {
    "name": "Load Router",
    "start": 1613111372865,
    "end": 1613111372870,
    "duration": 5,
    "pid": 19132,
    "index": 66
  },
  {
    "name": "Require(48) app/router.js",
    "start": 1613111372865,
    "end": 1613111372866,
    "duration": 1,
    "pid": 19132,
    "index": 67
  },
  {
    "name": "Before Start in node_modules/egg-core/lib/egg.js:303:10",
    "start": 1613111372867,
    "end": 1613111372881,
    "duration": 14,
    "pid": 19132,
    "index": 68
  }
]