[
  {
    "name": "Process Start",
    "start": 1613031494647,
    "end": 1613031495882,
    "duration": 1235,
    "pid": 2840,
    "index": 0
  },
  {
    "name": "Application Start",
    "start": 1613031495883,
    "end": 1613031496926,
    "duration": 1043,
    "pid": 2840,
    "index": 1
  },
  {
    "name": "Load Plugin",
    "start": 1613031495890,
    "end": 1613031495912,
    "duration": 22,
    "pid": 2840,
    "index": 2
  },
  {
    "name": "Load Config",
    "start": 1613031495912,
    "end": 1613031495940,
    "duration": 28,
    "pid": 2840,
    "index": 3
  },
  {
    "name": "Require(0) config/config.default.js",
    "start": 1613031495913,
    "end": 1613031495913,
    "duration": 0,
    "pid": 2840,
    "index": 4
  },
  {
    "name": "Require(1) node_modules/egg-session/config/config.default.js",
    "start": 1613031495915,
    "end": 1613031495916,
    "duration": 1,
    "pid": 2840,
    "index": 5
  },
  {
    "name": "Require(2) node_modules/egg-security/config/config.default.js",
    "start": 1613031495916,
    "end": 1613031495916,
    "duration": 0,
    "pid": 2840,
    "index": 6
  },
  {
    "name": "Require(3) node_modules/egg-jsonp/config/config.default.js",
    "start": 1613031495918,
    "end": 1613031495918,
    "duration": 0,
    "pid": 2840,
    "index": 7
  },
  {
    "name": "Require(4) node_modules/egg-onerror/config/config.default.js",
    "start": 1613031495919,
    "end": 1613031495919,
    "duration": 0,
    "pid": 2840,
    "index": 8
  },
  {
    "name": "Require(5) node_modules/egg-i18n/config/config.default.js",
    "start": 1613031495920,
    "end": 1613031495920,
    "duration": 0,
    "pid": 2840,
    "index": 9
  },
  {
    "name": "Require(6) node_modules/egg-watcher/config/config.default.js",
    "start": 1613031495920,
    "end": 1613031495921,
    "duration": 1,
    "pid": 2840,
    "index": 10
  },
  {
    "name": "Require(7) node_modules/egg-schedule/config/config.default.js",
    "start": 1613031495921,
    "end": 1613031495922,
    "duration": 1,
    "pid": 2840,
    "index": 11
  },
  {
    "name": "Require(8) node_modules/egg-multipart/config/config.default.js",
    "start": 1613031495922,
    "end": 1613031495923,
    "duration": 1,
    "pid": 2840,
    "index": 12
  },
  {
    "name": "Require(9) node_modules/egg-development/config/config.default.js",
    "start": 1613031495923,
    "end": 1613031495924,
    "duration": 1,
    "pid": 2840,
    "index": 13
  },
  {
    "name": "Require(10) node_modules/egg-logrotator/config/config.default.js",
    "start": 1613031495925,
    "end": 1613031495926,
    "duration": 1,
    "pid": 2840,
    "index": 14
  },
  {
    "name": "Require(11) node_modules/egg-static/config/config.default.js",
    "start": 1613031495926,
    "end": 1613031495927,
    "duration": 1,
    "pid": 2840,
    "index": 15
  },
  {
    "name": "Require(12) node_modules/egg-view/config/config.default.js",
    "start": 1613031495927,
    "end": 1613031495928,
    "duration": 1,
    "pid": 2840,
    "index": 16
  },
  {
    "name": "Require(13) node_modules/egg-mysql/config/config.default.js",
    "start": 1613031495928,
    "end": 1613031495929,
    "duration": 1,
    "pid": 2840,
    "index": 17
  },
  {
    "name": "Require(14) node_modules/egg-cors/config/config.default.js",
    "start": 1613031495929,
    "end": 1613031495930,
    "duration": 1,
    "pid": 2840,
    "index": 18
  },
  {
    "name": "Require(15) node_modules/egg/config/config.default.js",
    "start": 1613031495930,
    "end": 1613031495931,
    "duration": 1,
    "pid": 2840,
    "index": 19
  },
  {
    "name": "Require(16) config/config.default.js",
    "start": 1613031495932,
    "end": 1613031495933,
    "duration": 1,
    "pid": 2840,
    "index": 20
  },
  {
    "name": "Require(17) node_modules/egg-security/config/config.local.js",
    "start": 1613031495934,
    "end": 1613031495935,
    "duration": 1,
    "pid": 2840,
    "index": 21
  },
  {
    "name": "Require(18) node_modules/egg-watcher/config/config.local.js",
    "start": 1613031495936,
    "end": 1613031495936,
    "duration": 0,
    "pid": 2840,
    "index": 22
  },
  {
    "name": "Require(19) node_modules/egg-view/config/config.local.js",
    "start": 1613031495939,
    "end": 1613031495939,
    "duration": 0,
    "pid": 2840,
    "index": 23
  },
  {
    "name": "Require(20) node_modules/egg/config/config.local.js",
    "start": 1613031495940,
    "end": 1613031495940,
    "duration": 0,
    "pid": 2840,
    "index": 24
  },
  {
    "name": "Load extend/application.js",
    "start": 1613031495941,
    "end": 1613031495965,
    "duration": 24,
    "pid": 2840,
    "index": 25
  },
  {
    "name": "Require(21) node_modules/egg-session/app/extend/application.js",
    "start": 1613031495942,
    "end": 1613031495942,
    "duration": 0,
    "pid": 2840,
    "index": 26
  },
  {
    "name": "Require(22) node_modules/egg-security/app/extend/application.js",
    "start": 1613031495943,
    "end": 1613031495944,
    "duration": 1,
    "pid": 2840,
    "index": 27
  },
  {
    "name": "Require(23) node_modules/egg-jsonp/app/extend/application.js",
    "start": 1613031495944,
    "end": 1613031495946,
    "duration": 2,
    "pid": 2840,
    "index": 28
  },
  {
    "name": "Require(24) node_modules/egg-logrotator/app/extend/application.js",
    "start": 1613031495950,
    "end": 1613031495957,
    "duration": 7,
    "pid": 2840,
    "index": 29
  },
  {
    "name": "Require(25) node_modules/egg-view/app/extend/application.js",
    "start": 1613031495958,
    "end": 1613031495960,
    "duration": 2,
    "pid": 2840,
    "index": 30
  },
  {
    "name": "Load extend/request.js",
    "start": 1613031495965,
    "end": 1613031495973,
    "duration": 8,
    "pid": 2840,
    "index": 31
  },
  {
    "name": "Require(26) node_modules/egg/app/extend/request.js",
    "start": 1613031495968,
    "end": 1613031495969,
    "duration": 1,
    "pid": 2840,
    "index": 32
  },
  {
    "name": "Load extend/response.js",
    "start": 1613031495973,
    "end": 1613031495983,
    "duration": 10,
    "pid": 2840,
    "index": 33
  },
  {
    "name": "Require(27) node_modules/egg/app/extend/response.js",
    "start": 1613031495976,
    "end": 1613031495979,
    "duration": 3,
    "pid": 2840,
    "index": 34
  },
  {
    "name": "Load extend/context.js",
    "start": 1613031495983,
    "end": 1613031496094,
    "duration": 111,
    "pid": 2840,
    "index": 35
  },
  {
    "name": "Require(28) node_modules/egg-security/app/extend/context.js",
    "start": 1613031495984,
    "end": 1613031496001,
    "duration": 17,
    "pid": 2840,
    "index": 36
  },
  {
    "name": "Require(29) node_modules/egg-jsonp/app/extend/context.js",
    "start": 1613031496001,
    "end": 1613031496002,
    "duration": 1,
    "pid": 2840,
    "index": 37
  },
  {
    "name": "Require(30) node_modules/egg-i18n/app/extend/context.js",
    "start": 1613031496003,
    "end": 1613031496004,
    "duration": 1,
    "pid": 2840,
    "index": 38
  },
  {
    "name": "Require(31) node_modules/egg-multipart/app/extend/context.js",
    "start": 1613031496005,
    "end": 1613031496081,
    "duration": 76,
    "pid": 2840,
    "index": 39
  },
  {
    "name": "Require(32) node_modules/egg-view/app/extend/context.js",
    "start": 1613031496086,
    "end": 1613031496088,
    "duration": 2,
    "pid": 2840,
    "index": 40
  },
  {
    "name": "Require(33) node_modules/egg/app/extend/context.js",
    "start": 1613031496089,
    "end": 1613031496090,
    "duration": 1,
    "pid": 2840,
    "index": 41
  },
  {
    "name": "Load extend/helper.js",
    "start": 1613031496094,
    "end": 1613031496122,
    "duration": 28,
    "pid": 2840,
    "index": 42
  },
  {
    "name": "Require(34) node_modules/egg-security/app/extend/helper.js",
    "start": 1613031496095,
    "end": 1613031496113,
    "duration": 18,
    "pid": 2840,
    "index": 43
  },
  {
    "name": "Require(35) node_modules/egg/app/extend/helper.js",
    "start": 1613031496118,
    "end": 1613031496119,
    "duration": 1,
    "pid": 2840,
    "index": 44
  },
  {
    "name": "Load app.js",
    "start": 1613031496123,
    "end": 1613031496184,
    "duration": 61,
    "pid": 2840,
    "index": 45
  },
  {
    "name": "Require(36) node_modules/egg-session/app.js",
    "start": 1613031496123,
    "end": 1613031496124,
    "duration": 1,
    "pid": 2840,
    "index": 46
  },
  {
    "name": "Require(37) node_modules/egg-security/app.js",
    "start": 1613031496124,
    "end": 1613031496125,
    "duration": 1,
    "pid": 2840,
    "index": 47
  },
  {
    "name": "Require(38) node_modules/egg-onerror/app.js",
    "start": 1613031496126,
    "end": 1613031496138,
    "duration": 12,
    "pid": 2840,
    "index": 48
  },
  {
    "name": "Require(39) node_modules/egg-i18n/app.js",
    "start": 1613031496138,
    "end": 1613031496150,
    "duration": 12,
    "pid": 2840,
    "index": 49
  },
  {
    "name": "Require(40) node_modules/egg-watcher/app.js",
    "start": 1613031496150,
    "end": 1613031496155,
    "duration": 5,
    "pid": 2840,
    "index": 50
  },
  {
    "name": "Require(41) node_modules/egg-schedule/app.js",
    "start": 1613031496155,
    "end": 1613031496157,
    "duration": 2,
    "pid": 2840,
    "index": 51
  },
  {
    "name": "Require(42) node_modules/egg-multipart/app.js",
    "start": 1613031496158,
    "end": 1613031496158,
    "duration": 0,
    "pid": 2840,
    "index": 52
  },
  {
    "name": "Require(43) node_modules/egg-development/app.js",
    "start": 1613031496159,
    "end": 1613031496159,
    "duration": 0,
    "pid": 2840,
    "index": 53
  },
  {
    "name": "Require(44) node_modules/egg-logrotator/app.js",
    "start": 1613031496159,
    "end": 1613031496160,
    "duration": 1,
    "pid": 2840,
    "index": 54
  },
  {
    "name": "Require(45) node_modules/egg-static/app.js",
    "start": 1613031496160,
    "end": 1613031496160,
    "duration": 0,
    "pid": 2840,
    "index": 55
  },
  {
    "name": "Require(46) node_modules/egg-mysql/app.js",
    "start": 1613031496161,
    "end": 1613031496179,
    "duration": 18,
    "pid": 2840,
    "index": 56
  },
  {
    "name": "Require(47) node_modules/egg-cors/app.js",
    "start": 1613031496179,
    "end": 1613031496183,
    "duration": 4,
    "pid": 2840,
    "index": 57
  },
  {
    "name": "Before Start in node_modules/egg-watcher/lib/init.js:15:14",
    "start": 1613031496194,
    "end": 1613031496490,
    "duration": 296,
    "pid": 2840,
    "index": 58
  },
  {
    "name": "Before Start in node_modules/egg-mysql/lib/mysql.js:20:7",
    "start": 1613031496303,
    "end": 1613031496926,
    "duration": 623,
    "pid": 2840,
    "index": 59
  },
  {
    "name": "Load Service",
    "start": 1613031496303,
    "end": 1613031496332,
    "duration": 29,
    "pid": 2840,
    "index": 60
  },
  {
    "name": "Load \"service\" to Context",
    "start": 1613031496303,
    "end": 1613031496332,
    "duration": 29,
    "pid": 2840,
    "index": 61
  },
  {
    "name": "Load Middleware",
    "start": 1613031496332,
    "end": 1613031496460,
    "duration": 128,
    "pid": 2840,
    "index": 62
  },
  {
    "name": "Load \"middlewares\" to Application",
    "start": 1613031496332,
    "end": 1613031496444,
    "duration": 112,
    "pid": 2840,
    "index": 63
  },
  {
    "name": "Load Controller",
    "start": 1613031496460,
    "end": 1613031496465,
    "duration": 5,
    "pid": 2840,
    "index": 64
  },
  {
    "name": "Load \"controller\" to Application",
    "start": 1613031496460,
    "end": 1613031496465,
    "duration": 5,
    "pid": 2840,
    "index": 65
  },
  {
    "name": "Load Router",
    "start": 1613031496465,
    "end": 1613031496470,
    "duration": 5,
    "pid": 2840,
    "index": 66
  },
  {
    "name": "Require(48) app/router.js",
    "start": 1613031496466,
    "end": 1613031496466,
    "duration": 0,
    "pid": 2840,
    "index": 67
  },
  {
    "name": "Before Start in node_modules/egg-core/lib/egg.js:303:10",
    "start": 1613031496467,
    "end": 1613031496481,
    "duration": 14,
    "pid": 2840,
    "index": 68
  }
]