[
  {
    "name": "Process Start",
    "start": 1613111692302,
    "end": 1613111693832,
    "duration": 1530,
    "pid": 21648,
    "index": 0
  },
  {
    "name": "Application Start",
    "start": 1613111693833,
    "end": 1613111694642,
    "duration": 809,
    "pid": 21648,
    "index": 1
  },
  {
    "name": "Load Plugin",
    "start": 1613111693840,
    "end": 1613111693863,
    "duration": 23,
    "pid": 21648,
    "index": 2
  },
  {
    "name": "Load Config",
    "start": 1613111693863,
    "end": 1613111693891,
    "duration": 28,
    "pid": 21648,
    "index": 3
  },
  {
    "name": "Require(0) config/config.default.js",
    "start": 1613111693864,
    "end": 1613111693864,
    "duration": 0,
    "pid": 21648,
    "index": 4
  },
  {
    "name": "Require(1) node_modules/egg-session/config/config.default.js",
    "start": 1613111693866,
    "end": 1613111693867,
    "duration": 1,
    "pid": 21648,
    "index": 5
  },
  {
    "name": "Require(2) node_modules/egg-security/config/config.default.js",
    "start": 1613111693867,
    "end": 1613111693868,
    "duration": 1,
    "pid": 21648,
    "index": 6
  },
  {
    "name": "Require(3) node_modules/egg-jsonp/config/config.default.js",
    "start": 1613111693869,
    "end": 1613111693870,
    "duration": 1,
    "pid": 21648,
    "index": 7
  },
  {
    "name": "Require(4) node_modules/egg-onerror/config/config.default.js",
    "start": 1613111693871,
    "end": 1613111693871,
    "duration": 0,
    "pid": 21648,
    "index": 8
  },
  {
    "name": "Require(5) node_modules/egg-i18n/config/config.default.js",
    "start": 1613111693872,
    "end": 1613111693872,
    "duration": 0,
    "pid": 21648,
    "index": 9
  },
  {
    "name": "Require(6) node_modules/egg-watcher/config/config.default.js",
    "start": 1613111693873,
    "end": 1613111693874,
    "duration": 1,
    "pid": 21648,
    "index": 10
  },
  {
    "name": "Require(7) node_modules/egg-schedule/config/config.default.js",
    "start": 1613111693874,
    "end": 1613111693875,
    "duration": 1,
    "pid": 21648,
    "index": 11
  },
  {
    "name": "Require(8) node_modules/egg-multipart/config/config.default.js",
    "start": 1613111693875,
    "end": 1613111693876,
    "duration": 1,
    "pid": 21648,
    "index": 12
  },
  {
    "name": "Require(9) node_modules/egg-development/config/config.default.js",
    "start": 1613111693877,
    "end": 1613111693877,
    "duration": 0,
    "pid": 21648,
    "index": 13
  },
  {
    "name": "Require(10) node_modules/egg-logrotator/config/config.default.js",
    "start": 1613111693878,
    "end": 1613111693878,
    "duration": 0,
    "pid": 21648,
    "index": 14
  },
  {
    "name": "Require(11) node_modules/egg-static/config/config.default.js",
    "start": 1613111693879,
    "end": 1613111693879,
    "duration": 0,
    "pid": 21648,
    "index": 15
  },
  {
    "name": "Require(12) node_modules/egg-view/config/config.default.js",
    "start": 1613111693880,
    "end": 1613111693881,
    "duration": 1,
    "pid": 21648,
    "index": 16
  },
  {
    "name": "Require(13) node_modules/egg-mysql/config/config.default.js",
    "start": 1613111693881,
    "end": 1613111693882,
    "duration": 1,
    "pid": 21648,
    "index": 17
  },
  {
    "name": "Require(14) node_modules/egg-cors/config/config.default.js",
    "start": 1613111693882,
    "end": 1613111693883,
    "duration": 1,
    "pid": 21648,
    "index": 18
  },
  {
    "name": "Require(15) node_modules/egg/config/config.default.js",
    "start": 1613111693883,
    "end": 1613111693883,
    "duration": 0,
    "pid": 21648,
    "index": 19
  },
  {
    "name": "Require(16) config/config.default.js",
    "start": 1613111693885,
    "end": 1613111693885,
    "duration": 0,
    "pid": 21648,
    "index": 20
  },
  {
    "name": "Require(17) node_modules/egg-security/config/config.local.js",
    "start": 1613111693885,
    "end": 1613111693886,
    "duration": 1,
    "pid": 21648,
    "index": 21
  },
  {
    "name": "Require(18) node_modules/egg-watcher/config/config.local.js",
    "start": 1613111693887,
    "end": 1613111693887,
    "duration": 0,
    "pid": 21648,
    "index": 22
  },
  {
    "name": "Require(19) node_modules/egg-view/config/config.local.js",
    "start": 1613111693889,
    "end": 1613111693889,
    "duration": 0,
    "pid": 21648,
    "index": 23
  },
  {
    "name": "Require(20) node_modules/egg/config/config.local.js",
    "start": 1613111693890,
    "end": 1613111693891,
    "duration": 1,
    "pid": 21648,
    "index": 24
  },
  {
    "name": "Load extend/application.js",
    "start": 1613111693892,
    "end": 1613111693946,
    "duration": 54,
    "pid": 21648,
    "index": 25
  },
  {
    "name": "Require(21) node_modules/egg-session/app/extend/application.js",
    "start": 1613111693893,
    "end": 1613111693893,
    "duration": 0,
    "pid": 21648,
    "index": 26
  },
  {
    "name": "Require(22) node_modules/egg-security/app/extend/application.js",
    "start": 1613111693902,
    "end": 1613111693919,
    "duration": 17,
    "pid": 21648,
    "index": 27
  },
  {
    "name": "Require(23) node_modules/egg-jsonp/app/extend/application.js",
    "start": 1613111693925,
    "end": 1613111693927,
    "duration": 2,
    "pid": 21648,
    "index": 28
  },
  {
    "name": "Require(24) node_modules/egg-logrotator/app/extend/application.js",
    "start": 1613111693931,
    "end": 1613111693939,
    "duration": 8,
    "pid": 21648,
    "index": 29
  },
  {
    "name": "Require(25) node_modules/egg-view/app/extend/application.js",
    "start": 1613111693940,
    "end": 1613111693941,
    "duration": 1,
    "pid": 21648,
    "index": 30
  },
  {
    "name": "Load extend/request.js",
    "start": 1613111693946,
    "end": 1613111693955,
    "duration": 9,
    "pid": 21648,
    "index": 31
  },
  {
    "name": "Require(26) node_modules/egg/app/extend/request.js",
    "start": 1613111693950,
    "end": 1613111693951,
    "duration": 1,
    "pid": 21648,
    "index": 32
  },
  {
    "name": "Load extend/response.js",
    "start": 1613111693955,
    "end": 1613111693964,
    "duration": 9,
    "pid": 21648,
    "index": 33
  },
  {
    "name": "Require(27) node_modules/egg/app/extend/response.js",
    "start": 1613111693958,
    "end": 1613111693961,
    "duration": 3,
    "pid": 21648,
    "index": 34
  },
  {
    "name": "Load extend/context.js",
    "start": 1613111693964,
    "end": 1613111694045,
    "duration": 81,
    "pid": 21648,
    "index": 35
  },
  {
    "name": "Require(28) node_modules/egg-security/app/extend/context.js",
    "start": 1613111693965,
    "end": 1613111693983,
    "duration": 18,
    "pid": 21648,
    "index": 36
  },
  {
    "name": "Require(29) node_modules/egg-jsonp/app/extend/context.js",
    "start": 1613111693984,
    "end": 1613111693985,
    "duration": 1,
    "pid": 21648,
    "index": 37
  },
  {
    "name": "Require(30) node_modules/egg-i18n/app/extend/context.js",
    "start": 1613111693986,
    "end": 1613111693986,
    "duration": 0,
    "pid": 21648,
    "index": 38
  },
  {
    "name": "Require(31) node_modules/egg-multipart/app/extend/context.js",
    "start": 1613111693987,
    "end": 1613111694036,
    "duration": 49,
    "pid": 21648,
    "index": 39
  },
  {
    "name": "Require(32) node_modules/egg-view/app/extend/context.js",
    "start": 1613111694037,
    "end": 1613111694039,
    "duration": 2,
    "pid": 21648,
    "index": 40
  },
  {
    "name": "Require(33) node_modules/egg/app/extend/context.js",
    "start": 1613111694040,
    "end": 1613111694041,
    "duration": 1,
    "pid": 21648,
    "index": 41
  },
  {
    "name": "Load extend/helper.js",
    "start": 1613111694046,
    "end": 1613111694076,
    "duration": 30,
    "pid": 21648,
    "index": 42
  },
  {
    "name": "Require(34) node_modules/egg-security/app/extend/helper.js",
    "start": 1613111694046,
    "end": 1613111694066,
    "duration": 20,
    "pid": 21648,
    "index": 43
  },
  {
    "name": "Require(35) node_modules/egg/app/extend/helper.js",
    "start": 1613111694070,
    "end": 1613111694071,
    "duration": 1,
    "pid": 21648,
    "index": 44
  },
  {
    "name": "Load app.js",
    "start": 1613111694076,
    "end": 1613111694133,
    "duration": 57,
    "pid": 21648,
    "index": 45
  },
  {
    "name": "Require(36) node_modules/egg-session/app.js",
    "start": 1613111694077,
    "end": 1613111694077,
    "duration": 0,
    "pid": 21648,
    "index": 46
  },
  {
    "name": "Require(37) node_modules/egg-security/app.js",
    "start": 1613111694078,
    "end": 1613111694079,
    "duration": 1,
    "pid": 21648,
    "index": 47
  },
  {
    "name": "Require(38) node_modules/egg-onerror/app.js",
    "start": 1613111694080,
    "end": 1613111694091,
    "duration": 11,
    "pid": 21648,
    "index": 48
  },
  {
    "name": "Require(39) node_modules/egg-i18n/app.js",
    "start": 1613111694092,
    "end": 1613111694101,
    "duration": 9,
    "pid": 21648,
    "index": 49
  },
  {
    "name": "Require(40) node_modules/egg-watcher/app.js",
    "start": 1613111694102,
    "end": 1613111694106,
    "duration": 4,
    "pid": 21648,
    "index": 50
  },
  {
    "name": "Require(41) node_modules/egg-schedule/app.js",
    "start": 1613111694107,
    "end": 1613111694108,
    "duration": 1,
    "pid": 21648,
    "index": 51
  },
  {
    "name": "Require(42) node_modules/egg-multipart/app.js",
    "start": 1613111694109,
    "end": 1613111694109,
    "duration": 0,
    "pid": 21648,
    "index": 52
  },
  {
    "name": "Require(43) node_modules/egg-development/app.js",
    "start": 1613111694110,
    "end": 1613111694110,
    "duration": 0,
    "pid": 21648,
    "index": 53
  },
  {
    "name": "Require(44) node_modules/egg-logrotator/app.js",
    "start": 1613111694111,
    "end": 1613111694111,
    "duration": 0,
    "pid": 21648,
    "index": 54
  },
  {
    "name": "Require(45) node_modules/egg-static/app.js",
    "start": 1613111694111,
    "end": 1613111694112,
    "duration": 1,
    "pid": 21648,
    "index": 55
  },
  {
    "name": "Require(46) node_modules/egg-mysql/app.js",
    "start": 1613111694112,
    "end": 1613111694129,
    "duration": 17,
    "pid": 21648,
    "index": 56
  },
  {
    "name": "Require(47) node_modules/egg-cors/app.js",
    "start": 1613111694129,
    "end": 1613111694132,
    "duration": 3,
    "pid": 21648,
    "index": 57
  },
  {
    "name": "Before Start in node_modules/egg-watcher/lib/init.js:15:14",
    "start": 1613111694143,
    "end": 1613111694467,
    "duration": 324,
    "pid": 21648,
    "index": 58
  },
  {
    "name": "Before Start in node_modules/egg-mysql/lib/mysql.js:20:7",
    "start": 1613111694269,
    "end": 1613111694642,
    "duration": 373,
    "pid": 21648,
    "index": 59
  },
  {
    "name": "Load Service",
    "start": 1613111694269,
    "end": 1613111694275,
    "duration": 6,
    "pid": 21648,
    "index": 60
  },
  {
    "name": "Load \"service\" to Context",
    "start": 1613111694269,
    "end": 1613111694275,
    "duration": 6,
    "pid": 21648,
    "index": 61
  },
  {
    "name": "Load Middleware",
    "start": 1613111694275,
    "end": 1613111694436,
    "duration": 161,
    "pid": 21648,
    "index": 62
  },
  {
    "name": "Load \"middlewares\" to Application",
    "start": 1613111694275,
    "end": 1613111694393,
    "duration": 118,
    "pid": 21648,
    "index": 63
  },
  {
    "name": "Load Controller",
    "start": 1613111694436,
    "end": 1613111694440,
    "duration": 4,
    "pid": 21648,
    "index": 64
  },
  {
    "name": "Load \"controller\" to Application",
    "start": 1613111694436,
    "end": 1613111694440,
    "duration": 4,
    "pid": 21648,
    "index": 65
  },
  {
    "name": "Load Router",
    "start": 1613111694440,
    "end": 1613111694448,
    "duration": 8,
    "pid": 21648,
    "index": 66
  },
  {
    "name": "Require(48) app/router.js",
    "start": 1613111694441,
    "end": 1613111694441,
    "duration": 0,
    "pid": 21648,
    "index": 67
  },
  {
    "name": "Before Start in node_modules/egg-core/lib/egg.js:303:10",
    "start": 1613111694443,
    "end": 1613111694460,
    "duration": 17,
    "pid": 21648,
    "index": 68
  }
]