[
  {
    "name": "Process Start",
    "start": 1613020460970,
    "end": 1613020462217,
    "duration": 1247,
    "pid": 3100,
    "index": 0
  },
  {
    "name": "Application Start",
    "start": 1613020462218,
    "end": 1613020462921,
    "duration": 703,
    "pid": 3100,
    "index": 1
  },
  {
    "name": "Load Plugin",
    "start": 1613020462224,
    "end": 1613020462244,
    "duration": 20,
    "pid": 3100,
    "index": 2
  },
  {
    "name": "Load Config",
    "start": 1613020462245,
    "end": 1613020462272,
    "duration": 27,
    "pid": 3100,
    "index": 3
  },
  {
    "name": "Require(0) config/config.default.js",
    "start": 1613020462245,
    "end": 1613020462246,
    "duration": 1,
    "pid": 3100,
    "index": 4
  },
  {
    "name": "Require(1) node_modules/egg-session/config/config.default.js",
    "start": 1613020462247,
    "end": 1613020462248,
    "duration": 1,
    "pid": 3100,
    "index": 5
  },
  {
    "name": "Require(2) node_modules/egg-security/config/config.default.js",
    "start": 1613020462248,
    "end": 1613020462249,
    "duration": 1,
    "pid": 3100,
    "index": 6
  },
  {
    "name": "Require(3) node_modules/egg-jsonp/config/config.default.js",
    "start": 1613020462250,
    "end": 1613020462250,
    "duration": 0,
    "pid": 3100,
    "index": 7
  },
  {
    "name": "Require(4) node_modules/egg-onerror/config/config.default.js",
    "start": 1613020462251,
    "end": 1613020462252,
    "duration": 1,
    "pid": 3100,
    "index": 8
  },
  {
    "name": "Require(5) node_modules/egg-i18n/config/config.default.js",
    "start": 1613020462252,
    "end": 1613020462253,
    "duration": 1,
    "pid": 3100,
    "index": 9
  },
  {
    "name": "Require(6) node_modules/egg-watcher/config/config.default.js",
    "start": 1613020462253,
    "end": 1613020462254,
    "duration": 1,
    "pid": 3100,
    "index": 10
  },
  {
    "name": "Require(7) node_modules/egg-schedule/config/config.default.js",
    "start": 1613020462254,
    "end": 1613020462255,
    "duration": 1,
    "pid": 3100,
    "index": 11
  },
  {
    "name": "Require(8) node_modules/egg-multipart/config/config.default.js",
    "start": 1613020462255,
    "end": 1613020462256,
    "duration": 1,
    "pid": 3100,
    "index": 12
  },
  {
    "name": "Require(9) node_modules/egg-development/config/config.default.js",
    "start": 1613020462257,
    "end": 1613020462257,
    "duration": 0,
    "pid": 3100,
    "index": 13
  },
  {
    "name": "Require(10) node_modules/egg-logrotator/config/config.default.js",
    "start": 1613020462258,
    "end": 1613020462258,
    "duration": 0,
    "pid": 3100,
    "index": 14
  },
  {
    "name": "Require(11) node_modules/egg-static/config/config.default.js",
    "start": 1613020462259,
    "end": 1613020462259,
    "duration": 0,
    "pid": 3100,
    "index": 15
  },
  {
    "name": "Require(12) node_modules/egg-view/config/config.default.js",
    "start": 1613020462260,
    "end": 1613020462261,
    "duration": 1,
    "pid": 3100,
    "index": 16
  },
  {
    "name": "Require(13) node_modules/egg-mysql/config/config.default.js",
    "start": 1613020462262,
    "end": 1613020462262,
    "duration": 0,
    "pid": 3100,
    "index": 17
  },
  {
    "name": "Require(14) node_modules/egg-cors/config/config.default.js",
    "start": 1613020462263,
    "end": 1613020462263,
    "duration": 0,
    "pid": 3100,
    "index": 18
  },
  {
    "name": "Require(15) node_modules/egg/config/config.default.js",
    "start": 1613020462263,
    "end": 1613020462264,
    "duration": 1,
    "pid": 3100,
    "index": 19
  },
  {
    "name": "Require(16) config/config.default.js",
    "start": 1613020462265,
    "end": 1613020462265,
    "duration": 0,
    "pid": 3100,
    "index": 20
  },
  {
    "name": "Require(17) node_modules/egg-security/config/config.local.js",
    "start": 1613020462266,
    "end": 1613020462266,
    "duration": 0,
    "pid": 3100,
    "index": 21
  },
  {
    "name": "Require(18) node_modules/egg-watcher/config/config.local.js",
    "start": 1613020462268,
    "end": 1613020462268,
    "duration": 0,
    "pid": 3100,
    "index": 22
  },
  {
    "name": "Require(19) node_modules/egg-view/config/config.local.js",
    "start": 1613020462270,
    "end": 1613020462270,
    "duration": 0,
    "pid": 3100,
    "index": 23
  },
  {
    "name": "Require(20) node_modules/egg/config/config.local.js",
    "start": 1613020462271,
    "end": 1613020462271,
    "duration": 0,
    "pid": 3100,
    "index": 24
  },
  {
    "name": "Load extend/application.js",
    "start": 1613020462273,
    "end": 1613020462295,
    "duration": 22,
    "pid": 3100,
    "index": 25
  },
  {
    "name": "Require(21) node_modules/egg-session/app/extend/application.js",
    "start": 1613020462273,
    "end": 1613020462274,
    "duration": 1,
    "pid": 3100,
    "index": 26
  },
  {
    "name": "Require(22) node_modules/egg-security/app/extend/application.js",
    "start": 1613020462274,
    "end": 1613020462276,
    "duration": 2,
    "pid": 3100,
    "index": 27
  },
  {
    "name": "Require(23) node_modules/egg-jsonp/app/extend/application.js",
    "start": 1613020462276,
    "end": 1613020462278,
    "duration": 2,
    "pid": 3100,
    "index": 28
  },
  {
    "name": "Require(24) node_modules/egg-logrotator/app/extend/application.js",
    "start": 1613020462280,
    "end": 1613020462288,
    "duration": 8,
    "pid": 3100,
    "index": 29
  },
  {
    "name": "Require(25) node_modules/egg-view/app/extend/application.js",
    "start": 1613020462289,
    "end": 1613020462290,
    "duration": 1,
    "pid": 3100,
    "index": 30
  },
  {
    "name": "Load extend/request.js",
    "start": 1613020462295,
    "end": 1613020462303,
    "duration": 8,
    "pid": 3100,
    "index": 31
  },
  {
    "name": "Require(26) node_modules/egg/app/extend/request.js",
    "start": 1613020462298,
    "end": 1613020462299,
    "duration": 1,
    "pid": 3100,
    "index": 32
  },
  {
    "name": "Load extend/response.js",
    "start": 1613020462303,
    "end": 1613020462312,
    "duration": 9,
    "pid": 3100,
    "index": 33
  },
  {
    "name": "Require(27) node_modules/egg/app/extend/response.js",
    "start": 1613020462306,
    "end": 1613020462308,
    "duration": 2,
    "pid": 3100,
    "index": 34
  },
  {
    "name": "Load extend/context.js",
    "start": 1613020462312,
    "end": 1613020462383,
    "duration": 71,
    "pid": 3100,
    "index": 35
  },
  {
    "name": "Require(28) node_modules/egg-security/app/extend/context.js",
    "start": 1613020462313,
    "end": 1613020462327,
    "duration": 14,
    "pid": 3100,
    "index": 36
  },
  {
    "name": "Require(29) node_modules/egg-jsonp/app/extend/context.js",
    "start": 1613020462328,
    "end": 1613020462329,
    "duration": 1,
    "pid": 3100,
    "index": 37
  },
  {
    "name": "Require(30) node_modules/egg-i18n/app/extend/context.js",
    "start": 1613020462330,
    "end": 1613020462330,
    "duration": 0,
    "pid": 3100,
    "index": 38
  },
  {
    "name": "Require(31) node_modules/egg-multipart/app/extend/context.js",
    "start": 1613020462331,
    "end": 1613020462376,
    "duration": 45,
    "pid": 3100,
    "index": 39
  },
  {
    "name": "Require(32) node_modules/egg-view/app/extend/context.js",
    "start": 1613020462377,
    "end": 1613020462378,
    "duration": 1,
    "pid": 3100,
    "index": 40
  },
  {
    "name": "Require(33) node_modules/egg/app/extend/context.js",
    "start": 1613020462379,
    "end": 1613020462380,
    "duration": 1,
    "pid": 3100,
    "index": 41
  },
  {
    "name": "Load extend/helper.js",
    "start": 1613020462384,
    "end": 1613020462410,
    "duration": 26,
    "pid": 3100,
    "index": 42
  },
  {
    "name": "Require(34) node_modules/egg-security/app/extend/helper.js",
    "start": 1613020462384,
    "end": 1613020462401,
    "duration": 17,
    "pid": 3100,
    "index": 43
  },
  {
    "name": "Require(35) node_modules/egg/app/extend/helper.js",
    "start": 1613020462406,
    "end": 1613020462407,
    "duration": 1,
    "pid": 3100,
    "index": 44
  },
  {
    "name": "Load app.js",
    "start": 1613020462411,
    "end": 1613020462473,
    "duration": 62,
    "pid": 3100,
    "index": 45
  },
  {
    "name": "Require(36) node_modules/egg-session/app.js",
    "start": 1613020462411,
    "end": 1613020462412,
    "duration": 1,
    "pid": 3100,
    "index": 46
  },
  {
    "name": "Require(37) node_modules/egg-security/app.js",
    "start": 1613020462412,
    "end": 1613020462414,
    "duration": 2,
    "pid": 3100,
    "index": 47
  },
  {
    "name": "Require(38) node_modules/egg-onerror/app.js",
    "start": 1613020462416,
    "end": 1613020462440,
    "duration": 24,
    "pid": 3100,
    "index": 48
  },
  {
    "name": "Require(39) node_modules/egg-i18n/app.js",
    "start": 1613020462441,
    "end": 1613020462450,
    "duration": 9,
    "pid": 3100,
    "index": 49
  },
  {
    "name": "Require(40) node_modules/egg-watcher/app.js",
    "start": 1613020462450,
    "end": 1613020462453,
    "duration": 3,
    "pid": 3100,
    "index": 50
  },
  {
    "name": "Require(41) node_modules/egg-schedule/app.js",
    "start": 1613020462454,
    "end": 1613020462455,
    "duration": 1,
    "pid": 3100,
    "index": 51
  },
  {
    "name": "Require(42) node_modules/egg-multipart/app.js",
    "start": 1613020462456,
    "end": 1613020462456,
    "duration": 0,
    "pid": 3100,
    "index": 52
  },
  {
    "name": "Require(43) node_modules/egg-development/app.js",
    "start": 1613020462457,
    "end": 1613020462457,
    "duration": 0,
    "pid": 3100,
    "index": 53
  },
  {
    "name": "Require(44) node_modules/egg-logrotator/app.js",
    "start": 1613020462457,
    "end": 1613020462457,
    "duration": 0,
    "pid": 3100,
    "index": 54
  },
  {
    "name": "Require(45) node_modules/egg-static/app.js",
    "start": 1613020462458,
    "end": 1613020462458,
    "duration": 0,
    "pid": 3100,
    "index": 55
  },
  {
    "name": "Require(46) node_modules/egg-mysql/app.js",
    "start": 1613020462459,
    "end": 1613020462472,
    "duration": 13,
    "pid": 3100,
    "index": 56
  },
  {
    "name": "Require(47) node_modules/egg-cors/app.js",
    "start": 1613020462472,
    "end": 1613020462472,
    "duration": 0,
    "pid": 3100,
    "index": 57
  },
  {
    "name": "Before Start in node_modules/egg-watcher/lib/init.js:15:14",
    "start": 1613020462485,
    "end": 1613020462764,
    "duration": 279,
    "pid": 3100,
    "index": 58
  },
  {
    "name": "Before Start in node_modules/egg-mysql/lib/mysql.js:20:7",
    "start": 1613020462578,
    "end": 1613020462920,
    "duration": 342,
    "pid": 3100,
    "index": 59
  },
  {
    "name": "Load Service",
    "start": 1613020462578,
    "end": 1613020462583,
    "duration": 5,
    "pid": 3100,
    "index": 60
  },
  {
    "name": "Load \"service\" to Context",
    "start": 1613020462578,
    "end": 1613020462583,
    "duration": 5,
    "pid": 3100,
    "index": 61
  },
  {
    "name": "Load Middleware",
    "start": 1613020462584,
    "end": 1613020462736,
    "duration": 152,
    "pid": 3100,
    "index": 62
  },
  {
    "name": "Load \"middlewares\" to Application",
    "start": 1613020462584,
    "end": 1613020462721,
    "duration": 137,
    "pid": 3100,
    "index": 63
  },
  {
    "name": "Load Controller",
    "start": 1613020462736,
    "end": 1613020462739,
    "duration": 3,
    "pid": 3100,
    "index": 64
  },
  {
    "name": "Load \"controller\" to Application",
    "start": 1613020462736,
    "end": 1613020462739,
    "duration": 3,
    "pid": 3100,
    "index": 65
  },
  {
    "name": "Load Router",
    "start": 1613020462740,
    "end": 1613020462744,
    "duration": 4,
    "pid": 3100,
    "index": 66
  },
  {
    "name": "Require(48) app/router.js",
    "start": 1613020462740,
    "end": 1613020462740,
    "duration": 0,
    "pid": 3100,
    "index": 67
  },
  {
    "name": "Before Start in node_modules/egg-core/lib/egg.js:303:10",
    "start": 1613020462741,
    "end": 1613020462755,
    "duration": 14,
    "pid": 3100,
    "index": 68
  }
]