[
  {
    "name": "Process Start",
    "start": 1613020439930,
    "end": 1613020441096,
    "duration": 1166,
    "pid": 20016,
    "index": 0
  },
  {
    "name": "Application Start",
    "start": 1613020441097,
    "end": 1613020441846,
    "duration": 749,
    "pid": 20016,
    "index": 1
  },
  {
    "name": "Load Plugin",
    "start": 1613020441120,
    "end": 1613020441142,
    "duration": 22,
    "pid": 20016,
    "index": 2
  },
  {
    "name": "Load Config",
    "start": 1613020441142,
    "end": 1613020441170,
    "duration": 28,
    "pid": 20016,
    "index": 3
  },
  {
    "name": "Require(0) config/config.default.js",
    "start": 1613020441143,
    "end": 1613020441143,
    "duration": 0,
    "pid": 20016,
    "index": 4
  },
  {
    "name": "Require(1) node_modules/egg-session/config/config.default.js",
    "start": 1613020441145,
    "end": 1613020441146,
    "duration": 1,
    "pid": 20016,
    "index": 5
  },
  {
    "name": "Require(2) node_modules/egg-security/config/config.default.js",
    "start": 1613020441146,
    "end": 1613020441147,
    "duration": 1,
    "pid": 20016,
    "index": 6
  },
  {
    "name": "Require(3) node_modules/egg-jsonp/config/config.default.js",
    "start": 1613020441148,
    "end": 1613020441148,
    "duration": 0,
    "pid": 20016,
    "index": 7
  },
  {
    "name": "Require(4) node_modules/egg-onerror/config/config.default.js",
    "start": 1613020441149,
    "end": 1613020441149,
    "duration": 0,
    "pid": 20016,
    "index": 8
  },
  {
    "name": "Require(5) node_modules/egg-i18n/config/config.default.js",
    "start": 1613020441150,
    "end": 1613020441150,
    "duration": 0,
    "pid": 20016,
    "index": 9
  },
  {
    "name": "Require(6) node_modules/egg-watcher/config/config.default.js",
    "start": 1613020441151,
    "end": 1613020441151,
    "duration": 0,
    "pid": 20016,
    "index": 10
  },
  {
    "name": "Require(7) node_modules/egg-schedule/config/config.default.js",
    "start": 1613020441152,
    "end": 1613020441152,
    "duration": 0,
    "pid": 20016,
    "index": 11
  },
  {
    "name": "Require(8) node_modules/egg-multipart/config/config.default.js",
    "start": 1613020441153,
    "end": 1613020441154,
    "duration": 1,
    "pid": 20016,
    "index": 12
  },
  {
    "name": "Require(9) node_modules/egg-development/config/config.default.js",
    "start": 1613020441155,
    "end": 1613020441155,
    "duration": 0,
    "pid": 20016,
    "index": 13
  },
  {
    "name": "Require(10) node_modules/egg-logrotator/config/config.default.js",
    "start": 1613020441156,
    "end": 1613020441156,
    "duration": 0,
    "pid": 20016,
    "index": 14
  },
  {
    "name": "Require(11) node_modules/egg-static/config/config.default.js",
    "start": 1613020441158,
    "end": 1613020441158,
    "duration": 0,
    "pid": 20016,
    "index": 15
  },
  {
    "name": "Require(12) node_modules/egg-view/config/config.default.js",
    "start": 1613020441159,
    "end": 1613020441159,
    "duration": 0,
    "pid": 20016,
    "index": 16
  },
  {
    "name": "Require(13) node_modules/egg-mysql/config/config.default.js",
    "start": 1613020441160,
    "end": 1613020441161,
    "duration": 1,
    "pid": 20016,
    "index": 17
  },
  {
    "name": "Require(14) node_modules/egg-cors/config/config.default.js",
    "start": 1613020441161,
    "end": 1613020441162,
    "duration": 1,
    "pid": 20016,
    "index": 18
  },
  {
    "name": "Require(15) node_modules/egg/config/config.default.js",
    "start": 1613020441162,
    "end": 1613020441163,
    "duration": 1,
    "pid": 20016,
    "index": 19
  },
  {
    "name": "Require(16) config/config.default.js",
    "start": 1613020441164,
    "end": 1613020441164,
    "duration": 0,
    "pid": 20016,
    "index": 20
  },
  {
    "name": "Require(17) node_modules/egg-security/config/config.local.js",
    "start": 1613020441165,
    "end": 1613020441165,
    "duration": 0,
    "pid": 20016,
    "index": 21
  },
  {
    "name": "Require(18) node_modules/egg-watcher/config/config.local.js",
    "start": 1613020441167,
    "end": 1613020441167,
    "duration": 0,
    "pid": 20016,
    "index": 22
  },
  {
    "name": "Require(19) node_modules/egg-view/config/config.local.js",
    "start": 1613020441168,
    "end": 1613020441169,
    "duration": 1,
    "pid": 20016,
    "index": 23
  },
  {
    "name": "Require(20) node_modules/egg/config/config.local.js",
    "start": 1613020441170,
    "end": 1613020441170,
    "duration": 0,
    "pid": 20016,
    "index": 24
  },
  {
    "name": "Load extend/application.js",
    "start": 1613020441171,
    "end": 1613020441196,
    "duration": 25,
    "pid": 20016,
    "index": 25
  },
  {
    "name": "Require(21) node_modules/egg-session/app/extend/application.js",
    "start": 1613020441172,
    "end": 1613020441172,
    "duration": 0,
    "pid": 20016,
    "index": 26
  },
  {
    "name": "Require(22) node_modules/egg-security/app/extend/application.js",
    "start": 1613020441173,
    "end": 1613020441175,
    "duration": 2,
    "pid": 20016,
    "index": 27
  },
  {
    "name": "Require(23) node_modules/egg-jsonp/app/extend/application.js",
    "start": 1613020441175,
    "end": 1613020441177,
    "duration": 2,
    "pid": 20016,
    "index": 28
  },
  {
    "name": "Require(24) node_modules/egg-logrotator/app/extend/application.js",
    "start": 1613020441180,
    "end": 1613020441189,
    "duration": 9,
    "pid": 20016,
    "index": 29
  },
  {
    "name": "Require(25) node_modules/egg-view/app/extend/application.js",
    "start": 1613020441190,
    "end": 1613020441191,
    "duration": 1,
    "pid": 20016,
    "index": 30
  },
  {
    "name": "Load extend/request.js",
    "start": 1613020441196,
    "end": 1613020441204,
    "duration": 8,
    "pid": 20016,
    "index": 31
  },
  {
    "name": "Require(26) node_modules/egg/app/extend/request.js",
    "start": 1613020441200,
    "end": 1613020441201,
    "duration": 1,
    "pid": 20016,
    "index": 32
  },
  {
    "name": "Load extend/response.js",
    "start": 1613020441204,
    "end": 1613020441214,
    "duration": 10,
    "pid": 20016,
    "index": 33
  },
  {
    "name": "Require(27) node_modules/egg/app/extend/response.js",
    "start": 1613020441208,
    "end": 1613020441210,
    "duration": 2,
    "pid": 20016,
    "index": 34
  },
  {
    "name": "Load extend/context.js",
    "start": 1613020441214,
    "end": 1613020441284,
    "duration": 70,
    "pid": 20016,
    "index": 35
  },
  {
    "name": "Require(28) node_modules/egg-security/app/extend/context.js",
    "start": 1613020441215,
    "end": 1613020441229,
    "duration": 14,
    "pid": 20016,
    "index": 36
  },
  {
    "name": "Require(29) node_modules/egg-jsonp/app/extend/context.js",
    "start": 1613020441230,
    "end": 1613020441231,
    "duration": 1,
    "pid": 20016,
    "index": 37
  },
  {
    "name": "Require(30) node_modules/egg-i18n/app/extend/context.js",
    "start": 1613020441232,
    "end": 1613020441232,
    "duration": 0,
    "pid": 20016,
    "index": 38
  },
  {
    "name": "Require(31) node_modules/egg-multipart/app/extend/context.js",
    "start": 1613020441233,
    "end": 1613020441276,
    "duration": 43,
    "pid": 20016,
    "index": 39
  },
  {
    "name": "Require(32) node_modules/egg-view/app/extend/context.js",
    "start": 1613020441277,
    "end": 1613020441278,
    "duration": 1,
    "pid": 20016,
    "index": 40
  },
  {
    "name": "Require(33) node_modules/egg/app/extend/context.js",
    "start": 1613020441279,
    "end": 1613020441280,
    "duration": 1,
    "pid": 20016,
    "index": 41
  },
  {
    "name": "Load extend/helper.js",
    "start": 1613020441284,
    "end": 1613020441310,
    "duration": 26,
    "pid": 20016,
    "index": 42
  },
  {
    "name": "Require(34) node_modules/egg-security/app/extend/helper.js",
    "start": 1613020441284,
    "end": 1613020441301,
    "duration": 17,
    "pid": 20016,
    "index": 43
  },
  {
    "name": "Require(35) node_modules/egg/app/extend/helper.js",
    "start": 1613020441305,
    "end": 1613020441306,
    "duration": 1,
    "pid": 20016,
    "index": 44
  },
  {
    "name": "Load app.js",
    "start": 1613020441310,
    "end": 1613020441381,
    "duration": 71,
    "pid": 20016,
    "index": 45
  },
  {
    "name": "Require(36) node_modules/egg-session/app.js",
    "start": 1613020441310,
    "end": 1613020441311,
    "duration": 1,
    "pid": 20016,
    "index": 46
  },
  {
    "name": "Require(37) node_modules/egg-security/app.js",
    "start": 1613020441312,
    "end": 1613020441313,
    "duration": 1,
    "pid": 20016,
    "index": 47
  },
  {
    "name": "Require(38) node_modules/egg-onerror/app.js",
    "start": 1613020441314,
    "end": 1613020441323,
    "duration": 9,
    "pid": 20016,
    "index": 48
  },
  {
    "name": "Require(39) node_modules/egg-i18n/app.js",
    "start": 1613020441323,
    "end": 1613020441332,
    "duration": 9,
    "pid": 20016,
    "index": 49
  },
  {
    "name": "Require(40) node_modules/egg-watcher/app.js",
    "start": 1613020441332,
    "end": 1613020441339,
    "duration": 7,
    "pid": 20016,
    "index": 50
  },
  {
    "name": "Require(41) node_modules/egg-schedule/app.js",
    "start": 1613020441340,
    "end": 1613020441342,
    "duration": 2,
    "pid": 20016,
    "index": 51
  },
  {
    "name": "Require(42) node_modules/egg-multipart/app.js",
    "start": 1613020441342,
    "end": 1613020441343,
    "duration": 1,
    "pid": 20016,
    "index": 52
  },
  {
    "name": "Require(43) node_modules/egg-development/app.js",
    "start": 1613020441344,
    "end": 1613020441346,
    "duration": 2,
    "pid": 20016,
    "index": 53
  },
  {
    "name": "Require(44) node_modules/egg-logrotator/app.js",
    "start": 1613020441347,
    "end": 1613020441348,
    "duration": 1,
    "pid": 20016,
    "index": 54
  },
  {
    "name": "Require(45) node_modules/egg-static/app.js",
    "start": 1613020441349,
    "end": 1613020441350,
    "duration": 1,
    "pid": 20016,
    "index": 55
  },
  {
    "name": "Require(46) node_modules/egg-mysql/app.js",
    "start": 1613020441352,
    "end": 1613020441379,
    "duration": 27,
    "pid": 20016,
    "index": 56
  },
  {
    "name": "Require(47) node_modules/egg-cors/app.js",
    "start": 1613020441379,
    "end": 1613020441380,
    "duration": 1,
    "pid": 20016,
    "index": 57
  },
  {
    "name": "Before Start in node_modules/egg-watcher/lib/init.js:15:14",
    "start": 1613020441392,
    "end": 1613020441684,
    "duration": 292,
    "pid": 20016,
    "index": 58
  },
  {
    "name": "Before Start in node_modules/egg-mysql/lib/mysql.js:20:7",
    "start": 1613020441489,
    "end": 1613020441846,
    "duration": 357,
    "pid": 20016,
    "index": 59
  },
  {
    "name": "Load Service",
    "start": 1613020441490,
    "end": 1613020441496,
    "duration": 6,
    "pid": 20016,
    "index": 60
  },
  {
    "name": "Load \"service\" to Context",
    "start": 1613020441490,
    "end": 1613020441496,
    "duration": 6,
    "pid": 20016,
    "index": 61
  },
  {
    "name": "Load Middleware",
    "start": 1613020441497,
    "end": 1613020441657,
    "duration": 160,
    "pid": 20016,
    "index": 62
  },
  {
    "name": "Load \"middlewares\" to Application",
    "start": 1613020441497,
    "end": 1613020441639,
    "duration": 142,
    "pid": 20016,
    "index": 63
  },
  {
    "name": "Load Controller",
    "start": 1613020441657,
    "end": 1613020441661,
    "duration": 4,
    "pid": 20016,
    "index": 64
  },
  {
    "name": "Load \"controller\" to Application",
    "start": 1613020441657,
    "end": 1613020441661,
    "duration": 4,
    "pid": 20016,
    "index": 65
  },
  {
    "name": "Load Router",
    "start": 1613020441661,
    "end": 1613020441665,
    "duration": 4,
    "pid": 20016,
    "index": 66
  },
  {
    "name": "Require(48) app/router.js",
    "start": 1613020441661,
    "end": 1613020441662,
    "duration": 1,
    "pid": 20016,
    "index": 67
  },
  {
    "name": "Before Start in node_modules/egg-core/lib/egg.js:303:10",
    "start": 1613020441663,
    "end": 1613020441677,
    "duration": 14,
    "pid": 20016,
    "index": 68
  }
]