[
  {
    "name": "Process Start",
    "start": 1613114252732,
    "end": 1613114254039,
    "duration": 1307,
    "pid": 24296,
    "index": 0
  },
  {
    "name": "Application Start",
    "start": 1613114254040,
    "end": 1613114254758,
    "duration": 718,
    "pid": 24296,
    "index": 1
  },
  {
    "name": "Load Plugin",
    "start": 1613114254048,
    "end": 1613114254068,
    "duration": 20,
    "pid": 24296,
    "index": 2
  },
  {
    "name": "Load Config",
    "start": 1613114254068,
    "end": 1613114254095,
    "duration": 27,
    "pid": 24296,
    "index": 3
  },
  {
    "name": "Require(0) config/config.default.js",
    "start": 1613114254069,
    "end": 1613114254070,
    "duration": 1,
    "pid": 24296,
    "index": 4
  },
  {
    "name": "Require(1) node_modules/egg-session/config/config.default.js",
    "start": 1613114254071,
    "end": 1613114254071,
    "duration": 0,
    "pid": 24296,
    "index": 5
  },
  {
    "name": "Require(2) node_modules/egg-security/config/config.default.js",
    "start": 1613114254072,
    "end": 1613114254072,
    "duration": 0,
    "pid": 24296,
    "index": 6
  },
  {
    "name": "Require(3) node_modules/egg-jsonp/config/config.default.js",
    "start": 1613114254073,
    "end": 1613114254074,
    "duration": 1,
    "pid": 24296,
    "index": 7
  },
  {
    "name": "Require(4) node_modules/egg-onerror/config/config.default.js",
    "start": 1613114254074,
    "end": 1613114254075,
    "duration": 1,
    "pid": 24296,
    "index": 8
  },
  {
    "name": "Require(5) node_modules/egg-i18n/config/config.default.js",
    "start": 1613114254075,
    "end": 1613114254076,
    "duration": 1,
    "pid": 24296,
    "index": 9
  },
  {
    "name": "Require(6) node_modules/egg-watcher/config/config.default.js",
    "start": 1613114254076,
    "end": 1613114254077,
    "duration": 1,
    "pid": 24296,
    "index": 10
  },
  {
    "name": "Require(7) node_modules/egg-schedule/config/config.default.js",
    "start": 1613114254077,
    "end": 1613114254078,
    "duration": 1,
    "pid": 24296,
    "index": 11
  },
  {
    "name": "Require(8) node_modules/egg-multipart/config/config.default.js",
    "start": 1613114254078,
    "end": 1613114254079,
    "duration": 1,
    "pid": 24296,
    "index": 12
  },
  {
    "name": "Require(9) node_modules/egg-development/config/config.default.js",
    "start": 1613114254079,
    "end": 1613114254080,
    "duration": 1,
    "pid": 24296,
    "index": 13
  },
  {
    "name": "Require(10) node_modules/egg-logrotator/config/config.default.js",
    "start": 1613114254081,
    "end": 1613114254082,
    "duration": 1,
    "pid": 24296,
    "index": 14
  },
  {
    "name": "Require(11) node_modules/egg-static/config/config.default.js",
    "start": 1613114254082,
    "end": 1613114254083,
    "duration": 1,
    "pid": 24296,
    "index": 15
  },
  {
    "name": "Require(12) node_modules/egg-view/config/config.default.js",
    "start": 1613114254084,
    "end": 1613114254084,
    "duration": 0,
    "pid": 24296,
    "index": 16
  },
  {
    "name": "Require(13) node_modules/egg-mysql/config/config.default.js",
    "start": 1613114254085,
    "end": 1613114254085,
    "duration": 0,
    "pid": 24296,
    "index": 17
  },
  {
    "name": "Require(14) node_modules/egg-cors/config/config.default.js",
    "start": 1613114254085,
    "end": 1613114254086,
    "duration": 1,
    "pid": 24296,
    "index": 18
  },
  {
    "name": "Require(15) node_modules/egg/config/config.default.js",
    "start": 1613114254086,
    "end": 1613114254087,
    "duration": 1,
    "pid": 24296,
    "index": 19
  },
  {
    "name": "Require(16) config/config.default.js",
    "start": 1613114254088,
    "end": 1613114254088,
    "duration": 0,
    "pid": 24296,
    "index": 20
  },
  {
    "name": "Require(17) node_modules/egg-security/config/config.local.js",
    "start": 1613114254089,
    "end": 1613114254089,
    "duration": 0,
    "pid": 24296,
    "index": 21
  },
  {
    "name": "Require(18) node_modules/egg-watcher/config/config.local.js",
    "start": 1613114254090,
    "end": 1613114254091,
    "duration": 1,
    "pid": 24296,
    "index": 22
  },
  {
    "name": "Require(19) node_modules/egg-view/config/config.local.js",
    "start": 1613114254093,
    "end": 1613114254093,
    "duration": 0,
    "pid": 24296,
    "index": 23
  },
  {
    "name": "Require(20) node_modules/egg/config/config.local.js",
    "start": 1613114254094,
    "end": 1613114254095,
    "duration": 1,
    "pid": 24296,
    "index": 24
  },
  {
    "name": "Load extend/application.js",
    "start": 1613114254096,
    "end": 1613114254125,
    "duration": 29,
    "pid": 24296,
    "index": 25
  },
  {
    "name": "Require(21) node_modules/egg-session/app/extend/application.js",
    "start": 1613114254097,
    "end": 1613114254097,
    "duration": 0,
    "pid": 24296,
    "index": 26
  },
  {
    "name": "Require(22) node_modules/egg-security/app/extend/application.js",
    "start": 1613114254098,
    "end": 1613114254099,
    "duration": 1,
    "pid": 24296,
    "index": 27
  },
  {
    "name": "Require(23) node_modules/egg-jsonp/app/extend/application.js",
    "start": 1613114254100,
    "end": 1613114254101,
    "duration": 1,
    "pid": 24296,
    "index": 28
  },
  {
    "name": "Require(24) node_modules/egg-logrotator/app/extend/application.js",
    "start": 1613114254105,
    "end": 1613114254113,
    "duration": 8,
    "pid": 24296,
    "index": 29
  },
  {
    "name": "Require(25) node_modules/egg-view/app/extend/application.js",
    "start": 1613114254114,
    "end": 1613114254117,
    "duration": 3,
    "pid": 24296,
    "index": 30
  },
  {
    "name": "Load extend/request.js",
    "start": 1613114254125,
    "end": 1613114254133,
    "duration": 8,
    "pid": 24296,
    "index": 31
  },
  {
    "name": "Require(26) node_modules/egg/app/extend/request.js",
    "start": 1613114254128,
    "end": 1613114254130,
    "duration": 2,
    "pid": 24296,
    "index": 32
  },
  {
    "name": "Load extend/response.js",
    "start": 1613114254133,
    "end": 1613114254142,
    "duration": 9,
    "pid": 24296,
    "index": 33
  },
  {
    "name": "Require(27) node_modules/egg/app/extend/response.js",
    "start": 1613114254136,
    "end": 1613114254138,
    "duration": 2,
    "pid": 24296,
    "index": 34
  },
  {
    "name": "Load extend/context.js",
    "start": 1613114254142,
    "end": 1613114254213,
    "duration": 71,
    "pid": 24296,
    "index": 35
  },
  {
    "name": "Require(28) node_modules/egg-security/app/extend/context.js",
    "start": 1613114254143,
    "end": 1613114254157,
    "duration": 14,
    "pid": 24296,
    "index": 36
  },
  {
    "name": "Require(29) node_modules/egg-jsonp/app/extend/context.js",
    "start": 1613114254157,
    "end": 1613114254159,
    "duration": 2,
    "pid": 24296,
    "index": 37
  },
  {
    "name": "Require(30) node_modules/egg-i18n/app/extend/context.js",
    "start": 1613114254160,
    "end": 1613114254160,
    "duration": 0,
    "pid": 24296,
    "index": 38
  },
  {
    "name": "Require(31) node_modules/egg-multipart/app/extend/context.js",
    "start": 1613114254161,
    "end": 1613114254205,
    "duration": 44,
    "pid": 24296,
    "index": 39
  },
  {
    "name": "Require(32) node_modules/egg-view/app/extend/context.js",
    "start": 1613114254206,
    "end": 1613114254207,
    "duration": 1,
    "pid": 24296,
    "index": 40
  },
  {
    "name": "Require(33) node_modules/egg/app/extend/context.js",
    "start": 1613114254208,
    "end": 1613114254209,
    "duration": 1,
    "pid": 24296,
    "index": 41
  },
  {
    "name": "Load extend/helper.js",
    "start": 1613114254213,
    "end": 1613114254241,
    "duration": 28,
    "pid": 24296,
    "index": 42
  },
  {
    "name": "Require(34) node_modules/egg-security/app/extend/helper.js",
    "start": 1613114254214,
    "end": 1613114254233,
    "duration": 19,
    "pid": 24296,
    "index": 43
  },
  {
    "name": "Require(35) node_modules/egg/app/extend/helper.js",
    "start": 1613114254237,
    "end": 1613114254237,
    "duration": 0,
    "pid": 24296,
    "index": 44
  },
  {
    "name": "Load app.js",
    "start": 1613114254241,
    "end": 1613114254294,
    "duration": 53,
    "pid": 24296,
    "index": 45
  },
  {
    "name": "Require(36) node_modules/egg-session/app.js",
    "start": 1613114254241,
    "end": 1613114254242,
    "duration": 1,
    "pid": 24296,
    "index": 46
  },
  {
    "name": "Require(37) node_modules/egg-security/app.js",
    "start": 1613114254242,
    "end": 1613114254244,
    "duration": 2,
    "pid": 24296,
    "index": 47
  },
  {
    "name": "Require(38) node_modules/egg-onerror/app.js",
    "start": 1613114254245,
    "end": 1613114254256,
    "duration": 11,
    "pid": 24296,
    "index": 48
  },
  {
    "name": "Require(39) node_modules/egg-i18n/app.js",
    "start": 1613114254256,
    "end": 1613114254267,
    "duration": 11,
    "pid": 24296,
    "index": 49
  },
  {
    "name": "Require(40) node_modules/egg-watcher/app.js",
    "start": 1613114254267,
    "end": 1613114254270,
    "duration": 3,
    "pid": 24296,
    "index": 50
  },
  {
    "name": "Require(41) node_modules/egg-schedule/app.js",
    "start": 1613114254271,
    "end": 1613114254272,
    "duration": 1,
    "pid": 24296,
    "index": 51
  },
  {
    "name": "Require(42) node_modules/egg-multipart/app.js",
    "start": 1613114254273,
    "end": 1613114254273,
    "duration": 0,
    "pid": 24296,
    "index": 52
  },
  {
    "name": "Require(43) node_modules/egg-development/app.js",
    "start": 1613114254273,
    "end": 1613114254274,
    "duration": 1,
    "pid": 24296,
    "index": 53
  },
  {
    "name": "Require(44) node_modules/egg-logrotator/app.js",
    "start": 1613114254274,
    "end": 1613114254274,
    "duration": 0,
    "pid": 24296,
    "index": 54
  },
  {
    "name": "Require(45) node_modules/egg-static/app.js",
    "start": 1613114254275,
    "end": 1613114254275,
    "duration": 0,
    "pid": 24296,
    "index": 55
  },
  {
    "name": "Require(46) node_modules/egg-mysql/app.js",
    "start": 1613114254276,
    "end": 1613114254290,
    "duration": 14,
    "pid": 24296,
    "index": 56
  },
  {
    "name": "Require(47) node_modules/egg-cors/app.js",
    "start": 1613114254291,
    "end": 1613114254293,
    "duration": 2,
    "pid": 24296,
    "index": 57
  },
  {
    "name": "Before Start in node_modules/egg-watcher/lib/init.js:15:14",
    "start": 1613114254304,
    "end": 1613114254630,
    "duration": 326,
    "pid": 24296,
    "index": 58
  },
  {
    "name": "Before Start in node_modules/egg-mysql/lib/mysql.js:20:7",
    "start": 1613114254437,
    "end": 1613114254758,
    "duration": 321,
    "pid": 24296,
    "index": 59
  },
  {
    "name": "Load Service",
    "start": 1613114254438,
    "end": 1613114254443,
    "duration": 5,
    "pid": 24296,
    "index": 60
  },
  {
    "name": "Load \"service\" to Context",
    "start": 1613114254438,
    "end": 1613114254443,
    "duration": 5,
    "pid": 24296,
    "index": 61
  },
  {
    "name": "Load Middleware",
    "start": 1613114254444,
    "end": 1613114254584,
    "duration": 140,
    "pid": 24296,
    "index": 62
  },
  {
    "name": "Load \"middlewares\" to Application",
    "start": 1613114254444,
    "end": 1613114254567,
    "duration": 123,
    "pid": 24296,
    "index": 63
  },
  {
    "name": "Load Controller",
    "start": 1613114254584,
    "end": 1613114254589,
    "duration": 5,
    "pid": 24296,
    "index": 64
  },
  {
    "name": "Load \"controller\" to Application",
    "start": 1613114254584,
    "end": 1613114254589,
    "duration": 5,
    "pid": 24296,
    "index": 65
  },
  {
    "name": "Load Router",
    "start": 1613114254589,
    "end": 1613114254593,
    "duration": 4,
    "pid": 24296,
    "index": 66
  },
  {
    "name": "Require(48) app/router.js",
    "start": 1613114254589,
    "end": 1613114254589,
    "duration": 0,
    "pid": 24296,
    "index": 67
  },
  {
    "name": "Before Start in node_modules/egg-core/lib/egg.js:303:10",
    "start": 1613114254590,
    "end": 1613114254620,
    "duration": 30,
    "pid": 24296,
    "index": 68
  }
]