[
  {
    "name": "Process Start",
    "start": 1613010365648,
    "end": 1613010366749,
    "duration": 1101,
    "pid": 2828,
    "index": 0
  },
  {
    "name": "Application Start",
    "start": 1613010366750,
    "end": 1613010367425,
    "duration": 675,
    "pid": 2828,
    "index": 1
  },
  {
    "name": "Load Plugin",
    "start": 1613010366756,
    "end": 1613010366776,
    "duration": 20,
    "pid": 2828,
    "index": 2
  },
  {
    "name": "Load Config",
    "start": 1613010366776,
    "end": 1613010366800,
    "duration": 24,
    "pid": 2828,
    "index": 3
  },
  {
    "name": "Require(0) config/config.default.js",
    "start": 1613010366777,
    "end": 1613010366777,
    "duration": 0,
    "pid": 2828,
    "index": 4
  },
  {
    "name": "Require(1) node_modules/egg-session/config/config.default.js",
    "start": 1613010366779,
    "end": 1613010366779,
    "duration": 0,
    "pid": 2828,
    "index": 5
  },
  {
    "name": "Require(2) node_modules/egg-security/config/config.default.js",
    "start": 1613010366779,
    "end": 1613010366780,
    "duration": 1,
    "pid": 2828,
    "index": 6
  },
  {
    "name": "Require(3) node_modules/egg-jsonp/config/config.default.js",
    "start": 1613010366781,
    "end": 1613010366781,
    "duration": 0,
    "pid": 2828,
    "index": 7
  },
  {
    "name": "Require(4) node_modules/egg-onerror/config/config.default.js",
    "start": 1613010366782,
    "end": 1613010366782,
    "duration": 0,
    "pid": 2828,
    "index": 8
  },
  {
    "name": "Require(5) node_modules/egg-i18n/config/config.default.js",
    "start": 1613010366783,
    "end": 1613010366783,
    "duration": 0,
    "pid": 2828,
    "index": 9
  },
  {
    "name": "Require(6) node_modules/egg-watcher/config/config.default.js",
    "start": 1613010366784,
    "end": 1613010366784,
    "duration": 0,
    "pid": 2828,
    "index": 10
  },
  {
    "name": "Require(7) node_modules/egg-schedule/config/config.default.js",
    "start": 1613010366784,
    "end": 1613010366785,
    "duration": 1,
    "pid": 2828,
    "index": 11
  },
  {
    "name": "Require(8) node_modules/egg-multipart/config/config.default.js",
    "start": 1613010366785,
    "end": 1613010366786,
    "duration": 1,
    "pid": 2828,
    "index": 12
  },
  {
    "name": "Require(9) node_modules/egg-development/config/config.default.js",
    "start": 1613010366787,
    "end": 1613010366787,
    "duration": 0,
    "pid": 2828,
    "index": 13
  },
  {
    "name": "Require(10) node_modules/egg-logrotator/config/config.default.js",
    "start": 1613010366788,
    "end": 1613010366788,
    "duration": 0,
    "pid": 2828,
    "index": 14
  },
  {
    "name": "Require(11) node_modules/egg-static/config/config.default.js",
    "start": 1613010366789,
    "end": 1613010366789,
    "duration": 0,
    "pid": 2828,
    "index": 15
  },
  {
    "name": "Require(12) node_modules/egg-view/config/config.default.js",
    "start": 1613010366790,
    "end": 1613010366790,
    "duration": 0,
    "pid": 2828,
    "index": 16
  },
  {
    "name": "Require(13) node_modules/egg-mysql/config/config.default.js",
    "start": 1613010366791,
    "end": 1613010366791,
    "duration": 0,
    "pid": 2828,
    "index": 17
  },
  {
    "name": "Require(14) node_modules/egg-cors/config/config.default.js",
    "start": 1613010366792,
    "end": 1613010366793,
    "duration": 1,
    "pid": 2828,
    "index": 18
  },
  {
    "name": "Require(15) node_modules/egg/config/config.default.js",
    "start": 1613010366793,
    "end": 1613010366793,
    "duration": 0,
    "pid": 2828,
    "index": 19
  },
  {
    "name": "Require(16) config/config.default.js",
    "start": 1613010366795,
    "end": 1613010366795,
    "duration": 0,
    "pid": 2828,
    "index": 20
  },
  {
    "name": "Require(17) node_modules/egg-security/config/config.local.js",
    "start": 1613010366795,
    "end": 1613010366796,
    "duration": 1,
    "pid": 2828,
    "index": 21
  },
  {
    "name": "Require(18) node_modules/egg-watcher/config/config.local.js",
    "start": 1613010366797,
    "end": 1613010366797,
    "duration": 0,
    "pid": 2828,
    "index": 22
  },
  {
    "name": "Require(19) node_modules/egg-view/config/config.local.js",
    "start": 1613010366799,
    "end": 1613010366799,
    "duration": 0,
    "pid": 2828,
    "index": 23
  },
  {
    "name": "Require(20) node_modules/egg/config/config.local.js",
    "start": 1613010366800,
    "end": 1613010366800,
    "duration": 0,
    "pid": 2828,
    "index": 24
  },
  {
    "name": "Load extend/application.js",
    "start": 1613010366801,
    "end": 1613010366824,
    "duration": 23,
    "pid": 2828,
    "index": 25
  },
  {
    "name": "Require(21) node_modules/egg-session/app/extend/application.js",
    "start": 1613010366802,
    "end": 1613010366802,
    "duration": 0,
    "pid": 2828,
    "index": 26
  },
  {
    "name": "Require(22) node_modules/egg-security/app/extend/application.js",
    "start": 1613010366803,
    "end": 1613010366804,
    "duration": 1,
    "pid": 2828,
    "index": 27
  },
  {
    "name": "Require(23) node_modules/egg-jsonp/app/extend/application.js",
    "start": 1613010366805,
    "end": 1613010366806,
    "duration": 1,
    "pid": 2828,
    "index": 28
  },
  {
    "name": "Require(24) node_modules/egg-logrotator/app/extend/application.js",
    "start": 1613010366808,
    "end": 1613010366817,
    "duration": 9,
    "pid": 2828,
    "index": 29
  },
  {
    "name": "Require(25) node_modules/egg-view/app/extend/application.js",
    "start": 1613010366818,
    "end": 1613010366819,
    "duration": 1,
    "pid": 2828,
    "index": 30
  },
  {
    "name": "Load extend/request.js",
    "start": 1613010366824,
    "end": 1613010366832,
    "duration": 8,
    "pid": 2828,
    "index": 31
  },
  {
    "name": "Require(26) node_modules/egg/app/extend/request.js",
    "start": 1613010366828,
    "end": 1613010366829,
    "duration": 1,
    "pid": 2828,
    "index": 32
  },
  {
    "name": "Load extend/response.js",
    "start": 1613010366832,
    "end": 1613010366842,
    "duration": 10,
    "pid": 2828,
    "index": 33
  },
  {
    "name": "Require(27) node_modules/egg/app/extend/response.js",
    "start": 1613010366835,
    "end": 1613010366838,
    "duration": 3,
    "pid": 2828,
    "index": 34
  },
  {
    "name": "Load extend/context.js",
    "start": 1613010366842,
    "end": 1613010366917,
    "duration": 75,
    "pid": 2828,
    "index": 35
  },
  {
    "name": "Require(28) node_modules/egg-security/app/extend/context.js",
    "start": 1613010366843,
    "end": 1613010366859,
    "duration": 16,
    "pid": 2828,
    "index": 36
  },
  {
    "name": "Require(29) node_modules/egg-jsonp/app/extend/context.js",
    "start": 1613010366860,
    "end": 1613010366861,
    "duration": 1,
    "pid": 2828,
    "index": 37
  },
  {
    "name": "Require(30) node_modules/egg-i18n/app/extend/context.js",
    "start": 1613010366862,
    "end": 1613010366862,
    "duration": 0,
    "pid": 2828,
    "index": 38
  },
  {
    "name": "Require(31) node_modules/egg-multipart/app/extend/context.js",
    "start": 1613010366863,
    "end": 1613010366910,
    "duration": 47,
    "pid": 2828,
    "index": 39
  },
  {
    "name": "Require(32) node_modules/egg-view/app/extend/context.js",
    "start": 1613010366911,
    "end": 1613010366912,
    "duration": 1,
    "pid": 2828,
    "index": 40
  },
  {
    "name": "Require(33) node_modules/egg/app/extend/context.js",
    "start": 1613010366912,
    "end": 1613010366913,
    "duration": 1,
    "pid": 2828,
    "index": 41
  },
  {
    "name": "Load extend/helper.js",
    "start": 1613010366917,
    "end": 1613010366942,
    "duration": 25,
    "pid": 2828,
    "index": 42
  },
  {
    "name": "Require(34) node_modules/egg-security/app/extend/helper.js",
    "start": 1613010366917,
    "end": 1613010366934,
    "duration": 17,
    "pid": 2828,
    "index": 43
  },
  {
    "name": "Require(35) node_modules/egg/app/extend/helper.js",
    "start": 1613010366938,
    "end": 1613010366938,
    "duration": 0,
    "pid": 2828,
    "index": 44
  },
  {
    "name": "Load app.js",
    "start": 1613010366943,
    "end": 1613010366992,
    "duration": 49,
    "pid": 2828,
    "index": 45
  },
  {
    "name": "Require(36) node_modules/egg-session/app.js",
    "start": 1613010366943,
    "end": 1613010366943,
    "duration": 0,
    "pid": 2828,
    "index": 46
  },
  {
    "name": "Require(37) node_modules/egg-security/app.js",
    "start": 1613010366944,
    "end": 1613010366945,
    "duration": 1,
    "pid": 2828,
    "index": 47
  },
  {
    "name": "Require(38) node_modules/egg-onerror/app.js",
    "start": 1613010366946,
    "end": 1613010366957,
    "duration": 11,
    "pid": 2828,
    "index": 48
  },
  {
    "name": "Require(39) node_modules/egg-i18n/app.js",
    "start": 1613010366957,
    "end": 1613010366967,
    "duration": 10,
    "pid": 2828,
    "index": 49
  },
  {
    "name": "Require(40) node_modules/egg-watcher/app.js",
    "start": 1613010366967,
    "end": 1613010366971,
    "duration": 4,
    "pid": 2828,
    "index": 50
  },
  {
    "name": "Require(41) node_modules/egg-schedule/app.js",
    "start": 1613010366971,
    "end": 1613010366973,
    "duration": 2,
    "pid": 2828,
    "index": 51
  },
  {
    "name": "Require(42) node_modules/egg-multipart/app.js",
    "start": 1613010366973,
    "end": 1613010366974,
    "duration": 1,
    "pid": 2828,
    "index": 52
  },
  {
    "name": "Require(43) node_modules/egg-development/app.js",
    "start": 1613010366974,
    "end": 1613010366974,
    "duration": 0,
    "pid": 2828,
    "index": 53
  },
  {
    "name": "Require(44) node_modules/egg-logrotator/app.js",
    "start": 1613010366975,
    "end": 1613010366975,
    "duration": 0,
    "pid": 2828,
    "index": 54
  },
  {
    "name": "Require(45) node_modules/egg-static/app.js",
    "start": 1613010366975,
    "end": 1613010366976,
    "duration": 1,
    "pid": 2828,
    "index": 55
  },
  {
    "name": "Require(46) node_modules/egg-mysql/app.js",
    "start": 1613010366976,
    "end": 1613010366990,
    "duration": 14,
    "pid": 2828,
    "index": 56
  },
  {
    "name": "Require(47) node_modules/egg-cors/app.js",
    "start": 1613010366990,
    "end": 1613010366991,
    "duration": 1,
    "pid": 2828,
    "index": 57
  },
  {
    "name": "Before Start in node_modules/egg-watcher/lib/init.js:15:14",
    "start": 1613010367005,
    "end": 1613010367261,
    "duration": 256,
    "pid": 2828,
    "index": 58
  },
  {
    "name": "Before Start in node_modules/egg-mysql/lib/mysql.js:20:7",
    "start": 1613010367100,
    "end": 1613010367424,
    "duration": 324,
    "pid": 2828,
    "index": 59
  },
  {
    "name": "Load Service",
    "start": 1613010367100,
    "end": 1613010367106,
    "duration": 6,
    "pid": 2828,
    "index": 60
  },
  {
    "name": "Load \"service\" to Context",
    "start": 1613010367100,
    "end": 1613010367106,
    "duration": 6,
    "pid": 2828,
    "index": 61
  },
  {
    "name": "Load Middleware",
    "start": 1613010367106,
    "end": 1613010367227,
    "duration": 121,
    "pid": 2828,
    "index": 62
  },
  {
    "name": "Load \"middlewares\" to Application",
    "start": 1613010367106,
    "end": 1613010367213,
    "duration": 107,
    "pid": 2828,
    "index": 63
  },
  {
    "name": "Load Controller",
    "start": 1613010367228,
    "end": 1613010367232,
    "duration": 4,
    "pid": 2828,
    "index": 64
  },
  {
    "name": "Load \"controller\" to Application",
    "start": 1613010367228,
    "end": 1613010367232,
    "duration": 4,
    "pid": 2828,
    "index": 65
  },
  {
    "name": "Load Router",
    "start": 1613010367232,
    "end": 1613010367238,
    "duration": 6,
    "pid": 2828,
    "index": 66
  },
  {
    "name": "Require(48) app/router.js",
    "start": 1613010367233,
    "end": 1613010367233,
    "duration": 0,
    "pid": 2828,
    "index": 67
  },
  {
    "name": "Before Start in node_modules/egg-core/lib/egg.js:303:10",
    "start": 1613010367234,
    "end": 1613010367250,
    "duration": 16,
    "pid": 2828,
    "index": 68
  }
]