[
  {
    "name": "Process Start",
    "start": 1613112555758,
    "end": 1613112557144,
    "duration": 1386,
    "pid": 20356,
    "index": 0
  },
  {
    "name": "Application Start",
    "start": 1613112557145,
    "end": 1613112557942,
    "duration": 797,
    "pid": 20356,
    "index": 1
  },
  {
    "name": "Load Plugin",
    "start": 1613112557154,
    "end": 1613112557180,
    "duration": 26,
    "pid": 20356,
    "index": 2
  },
  {
    "name": "Load Config",
    "start": 1613112557180,
    "end": 1613112557240,
    "duration": 60,
    "pid": 20356,
    "index": 3
  },
  {
    "name": "Require(0) config/config.default.js",
    "start": 1613112557181,
    "end": 1613112557181,
    "duration": 0,
    "pid": 20356,
    "index": 4
  },
  {
    "name": "Require(1) node_modules/egg-session/config/config.default.js",
    "start": 1613112557184,
    "end": 1613112557184,
    "duration": 0,
    "pid": 20356,
    "index": 5
  },
  {
    "name": "Require(2) node_modules/egg-security/config/config.default.js",
    "start": 1613112557185,
    "end": 1613112557186,
    "duration": 1,
    "pid": 20356,
    "index": 6
  },
  {
    "name": "Require(3) node_modules/egg-jsonp/config/config.default.js",
    "start": 1613112557187,
    "end": 1613112557187,
    "duration": 0,
    "pid": 20356,
    "index": 7
  },
  {
    "name": "Require(4) node_modules/egg-onerror/config/config.default.js",
    "start": 1613112557189,
    "end": 1613112557191,
    "duration": 2,
    "pid": 20356,
    "index": 8
  },
  {
    "name": "Require(5) node_modules/egg-i18n/config/config.default.js",
    "start": 1613112557192,
    "end": 1613112557192,
    "duration": 0,
    "pid": 20356,
    "index": 9
  },
  {
    "name": "Require(6) node_modules/egg-watcher/config/config.default.js",
    "start": 1613112557193,
    "end": 1613112557193,
    "duration": 0,
    "pid": 20356,
    "index": 10
  },
  {
    "name": "Require(7) node_modules/egg-schedule/config/config.default.js",
    "start": 1613112557194,
    "end": 1613112557194,
    "duration": 0,
    "pid": 20356,
    "index": 11
  },
  {
    "name": "Require(8) node_modules/egg-multipart/config/config.default.js",
    "start": 1613112557197,
    "end": 1613112557198,
    "duration": 1,
    "pid": 20356,
    "index": 12
  },
  {
    "name": "Require(9) node_modules/egg-development/config/config.default.js",
    "start": 1613112557207,
    "end": 1613112557212,
    "duration": 5,
    "pid": 20356,
    "index": 13
  },
  {
    "name": "Require(10) node_modules/egg-logrotator/config/config.default.js",
    "start": 1613112557222,
    "end": 1613112557225,
    "duration": 3,
    "pid": 20356,
    "index": 14
  },
  {
    "name": "Require(11) node_modules/egg-static/config/config.default.js",
    "start": 1613112557226,
    "end": 1613112557227,
    "duration": 1,
    "pid": 20356,
    "index": 15
  },
  {
    "name": "Require(12) node_modules/egg-view/config/config.default.js",
    "start": 1613112557228,
    "end": 1613112557228,
    "duration": 0,
    "pid": 20356,
    "index": 16
  },
  {
    "name": "Require(13) node_modules/egg-mysql/config/config.default.js",
    "start": 1613112557229,
    "end": 1613112557229,
    "duration": 0,
    "pid": 20356,
    "index": 17
  },
  {
    "name": "Require(14) node_modules/egg-cors/config/config.default.js",
    "start": 1613112557230,
    "end": 1613112557230,
    "duration": 0,
    "pid": 20356,
    "index": 18
  },
  {
    "name": "Require(15) node_modules/egg/config/config.default.js",
    "start": 1613112557231,
    "end": 1613112557231,
    "duration": 0,
    "pid": 20356,
    "index": 19
  },
  {
    "name": "Require(16) config/config.default.js",
    "start": 1613112557233,
    "end": 1613112557233,
    "duration": 0,
    "pid": 20356,
    "index": 20
  },
  {
    "name": "Require(17) node_modules/egg-security/config/config.local.js",
    "start": 1613112557234,
    "end": 1613112557235,
    "duration": 1,
    "pid": 20356,
    "index": 21
  },
  {
    "name": "Require(18) node_modules/egg-watcher/config/config.local.js",
    "start": 1613112557236,
    "end": 1613112557236,
    "duration": 0,
    "pid": 20356,
    "index": 22
  },
  {
    "name": "Require(19) node_modules/egg-view/config/config.local.js",
    "start": 1613112557238,
    "end": 1613112557238,
    "duration": 0,
    "pid": 20356,
    "index": 23
  },
  {
    "name": "Require(20) node_modules/egg/config/config.local.js",
    "start": 1613112557239,
    "end": 1613112557239,
    "duration": 0,
    "pid": 20356,
    "index": 24
  },
  {
    "name": "Load extend/application.js",
    "start": 1613112557241,
    "end": 1613112557265,
    "duration": 24,
    "pid": 20356,
    "index": 25
  },
  {
    "name": "Require(21) node_modules/egg-session/app/extend/application.js",
    "start": 1613112557241,
    "end": 1613112557242,
    "duration": 1,
    "pid": 20356,
    "index": 26
  },
  {
    "name": "Require(22) node_modules/egg-security/app/extend/application.js",
    "start": 1613112557242,
    "end": 1613112557244,
    "duration": 2,
    "pid": 20356,
    "index": 27
  },
  {
    "name": "Require(23) node_modules/egg-jsonp/app/extend/application.js",
    "start": 1613112557244,
    "end": 1613112557245,
    "duration": 1,
    "pid": 20356,
    "index": 28
  },
  {
    "name": "Require(24) node_modules/egg-logrotator/app/extend/application.js",
    "start": 1613112557250,
    "end": 1613112557257,
    "duration": 7,
    "pid": 20356,
    "index": 29
  },
  {
    "name": "Require(25) node_modules/egg-view/app/extend/application.js",
    "start": 1613112557258,
    "end": 1613112557260,
    "duration": 2,
    "pid": 20356,
    "index": 30
  },
  {
    "name": "Load extend/request.js",
    "start": 1613112557265,
    "end": 1613112557273,
    "duration": 8,
    "pid": 20356,
    "index": 31
  },
  {
    "name": "Require(26) node_modules/egg/app/extend/request.js",
    "start": 1613112557269,
    "end": 1613112557270,
    "duration": 1,
    "pid": 20356,
    "index": 32
  },
  {
    "name": "Load extend/response.js",
    "start": 1613112557273,
    "end": 1613112557283,
    "duration": 10,
    "pid": 20356,
    "index": 33
  },
  {
    "name": "Require(27) node_modules/egg/app/extend/response.js",
    "start": 1613112557277,
    "end": 1613112557279,
    "duration": 2,
    "pid": 20356,
    "index": 34
  },
  {
    "name": "Load extend/context.js",
    "start": 1613112557284,
    "end": 1613112557353,
    "duration": 69,
    "pid": 20356,
    "index": 35
  },
  {
    "name": "Require(28) node_modules/egg-security/app/extend/context.js",
    "start": 1613112557284,
    "end": 1613112557299,
    "duration": 15,
    "pid": 20356,
    "index": 36
  },
  {
    "name": "Require(29) node_modules/egg-jsonp/app/extend/context.js",
    "start": 1613112557299,
    "end": 1613112557301,
    "duration": 2,
    "pid": 20356,
    "index": 37
  },
  {
    "name": "Require(30) node_modules/egg-i18n/app/extend/context.js",
    "start": 1613112557301,
    "end": 1613112557302,
    "duration": 1,
    "pid": 20356,
    "index": 38
  },
  {
    "name": "Require(31) node_modules/egg-multipart/app/extend/context.js",
    "start": 1613112557303,
    "end": 1613112557346,
    "duration": 43,
    "pid": 20356,
    "index": 39
  },
  {
    "name": "Require(32) node_modules/egg-view/app/extend/context.js",
    "start": 1613112557347,
    "end": 1613112557348,
    "duration": 1,
    "pid": 20356,
    "index": 40
  },
  {
    "name": "Require(33) node_modules/egg/app/extend/context.js",
    "start": 1613112557349,
    "end": 1613112557350,
    "duration": 1,
    "pid": 20356,
    "index": 41
  },
  {
    "name": "Load extend/helper.js",
    "start": 1613112557353,
    "end": 1613112557380,
    "duration": 27,
    "pid": 20356,
    "index": 42
  },
  {
    "name": "Require(34) node_modules/egg-security/app/extend/helper.js",
    "start": 1613112557354,
    "end": 1613112557370,
    "duration": 16,
    "pid": 20356,
    "index": 43
  },
  {
    "name": "Require(35) node_modules/egg/app/extend/helper.js",
    "start": 1613112557376,
    "end": 1613112557376,
    "duration": 0,
    "pid": 20356,
    "index": 44
  },
  {
    "name": "Load app.js",
    "start": 1613112557381,
    "end": 1613112557441,
    "duration": 60,
    "pid": 20356,
    "index": 45
  },
  {
    "name": "Require(36) node_modules/egg-session/app.js",
    "start": 1613112557381,
    "end": 1613112557382,
    "duration": 1,
    "pid": 20356,
    "index": 46
  },
  {
    "name": "Require(37) node_modules/egg-security/app.js",
    "start": 1613112557382,
    "end": 1613112557384,
    "duration": 2,
    "pid": 20356,
    "index": 47
  },
  {
    "name": "Require(38) node_modules/egg-onerror/app.js",
    "start": 1613112557384,
    "end": 1613112557394,
    "duration": 10,
    "pid": 20356,
    "index": 48
  },
  {
    "name": "Require(39) node_modules/egg-i18n/app.js",
    "start": 1613112557394,
    "end": 1613112557403,
    "duration": 9,
    "pid": 20356,
    "index": 49
  },
  {
    "name": "Require(40) node_modules/egg-watcher/app.js",
    "start": 1613112557403,
    "end": 1613112557407,
    "duration": 4,
    "pid": 20356,
    "index": 50
  },
  {
    "name": "Require(41) node_modules/egg-schedule/app.js",
    "start": 1613112557407,
    "end": 1613112557409,
    "duration": 2,
    "pid": 20356,
    "index": 51
  },
  {
    "name": "Require(42) node_modules/egg-multipart/app.js",
    "start": 1613112557409,
    "end": 1613112557410,
    "duration": 1,
    "pid": 20356,
    "index": 52
  },
  {
    "name": "Require(43) node_modules/egg-development/app.js",
    "start": 1613112557410,
    "end": 1613112557410,
    "duration": 0,
    "pid": 20356,
    "index": 53
  },
  {
    "name": "Require(44) node_modules/egg-logrotator/app.js",
    "start": 1613112557411,
    "end": 1613112557411,
    "duration": 0,
    "pid": 20356,
    "index": 54
  },
  {
    "name": "Require(45) node_modules/egg-static/app.js",
    "start": 1613112557411,
    "end": 1613112557412,
    "duration": 1,
    "pid": 20356,
    "index": 55
  },
  {
    "name": "Require(46) node_modules/egg-mysql/app.js",
    "start": 1613112557412,
    "end": 1613112557432,
    "duration": 20,
    "pid": 20356,
    "index": 56
  },
  {
    "name": "Require(47) node_modules/egg-cors/app.js",
    "start": 1613112557434,
    "end": 1613112557439,
    "duration": 5,
    "pid": 20356,
    "index": 57
  },
  {
    "name": "Before Start in node_modules/egg-watcher/lib/init.js:15:14",
    "start": 1613112557453,
    "end": 1613112557777,
    "duration": 324,
    "pid": 20356,
    "index": 58
  },
  {
    "name": "Before Start in node_modules/egg-mysql/lib/mysql.js:20:7",
    "start": 1613112557559,
    "end": 1613112557941,
    "duration": 382,
    "pid": 20356,
    "index": 59
  },
  {
    "name": "Load Service",
    "start": 1613112557559,
    "end": 1613112557564,
    "duration": 5,
    "pid": 20356,
    "index": 60
  },
  {
    "name": "Load \"service\" to Context",
    "start": 1613112557559,
    "end": 1613112557564,
    "duration": 5,
    "pid": 20356,
    "index": 61
  },
  {
    "name": "Load Middleware",
    "start": 1613112557564,
    "end": 1613112557749,
    "duration": 185,
    "pid": 20356,
    "index": 62
  },
  {
    "name": "Load \"middlewares\" to Application",
    "start": 1613112557564,
    "end": 1613112557723,
    "duration": 159,
    "pid": 20356,
    "index": 63
  },
  {
    "name": "Load Controller",
    "start": 1613112557749,
    "end": 1613112557753,
    "duration": 4,
    "pid": 20356,
    "index": 64
  },
  {
    "name": "Load \"controller\" to Application",
    "start": 1613112557749,
    "end": 1613112557753,
    "duration": 4,
    "pid": 20356,
    "index": 65
  },
  {
    "name": "Load Router",
    "start": 1613112557753,
    "end": 1613112557758,
    "duration": 5,
    "pid": 20356,
    "index": 66
  },
  {
    "name": "Require(48) app/router.js",
    "start": 1613112557754,
    "end": 1613112557754,
    "duration": 0,
    "pid": 20356,
    "index": 67
  },
  {
    "name": "Before Start in node_modules/egg-core/lib/egg.js:303:10",
    "start": 1613112557755,
    "end": 1613112557769,
    "duration": 14,
    "pid": 20356,
    "index": 68
  }
]