[
  {
    "name": "Process Start",
    "start": 1613032115863,
    "end": 1613032117225,
    "duration": 1362,
    "pid": 6904,
    "index": 0
  },
  {
    "name": "Application Start",
    "start": 1613032117227,
    "end": 1613032118538,
    "duration": 1311,
    "pid": 6904,
    "index": 1
  },
  {
    "name": "Load Plugin",
    "start": 1613032117236,
    "end": 1613032117266,
    "duration": 30,
    "pid": 6904,
    "index": 2
  },
  {
    "name": "Load Config",
    "start": 1613032117266,
    "end": 1613032117325,
    "duration": 59,
    "pid": 6904,
    "index": 3
  },
  {
    "name": "Require(0) config/config.default.js",
    "start": 1613032117268,
    "end": 1613032117268,
    "duration": 0,
    "pid": 6904,
    "index": 4
  },
  {
    "name": "Require(1) node_modules/egg-session/config/config.default.js",
    "start": 1613032117274,
    "end": 1613032117275,
    "duration": 1,
    "pid": 6904,
    "index": 5
  },
  {
    "name": "Require(2) node_modules/egg-security/config/config.default.js",
    "start": 1613032117277,
    "end": 1613032117277,
    "duration": 0,
    "pid": 6904,
    "index": 6
  },
  {
    "name": "Require(3) node_modules/egg-jsonp/config/config.default.js",
    "start": 1613032117279,
    "end": 1613032117279,
    "duration": 0,
    "pid": 6904,
    "index": 7
  },
  {
    "name": "Require(4) node_modules/egg-onerror/config/config.default.js",
    "start": 1613032117280,
    "end": 1613032117283,
    "duration": 3,
    "pid": 6904,
    "index": 8
  },
  {
    "name": "Require(5) node_modules/egg-i18n/config/config.default.js",
    "start": 1613032117283,
    "end": 1613032117284,
    "duration": 1,
    "pid": 6904,
    "index": 9
  },
  {
    "name": "Require(6) node_modules/egg-watcher/config/config.default.js",
    "start": 1613032117287,
    "end": 1613032117294,
    "duration": 7,
    "pid": 6904,
    "index": 10
  },
  {
    "name": "Require(7) node_modules/egg-schedule/config/config.default.js",
    "start": 1613032117295,
    "end": 1613032117297,
    "duration": 2,
    "pid": 6904,
    "index": 11
  },
  {
    "name": "Require(8) node_modules/egg-multipart/config/config.default.js",
    "start": 1613032117298,
    "end": 1613032117299,
    "duration": 1,
    "pid": 6904,
    "index": 12
  },
  {
    "name": "Require(9) node_modules/egg-development/config/config.default.js",
    "start": 1613032117301,
    "end": 1613032117302,
    "duration": 1,
    "pid": 6904,
    "index": 13
  },
  {
    "name": "Require(10) node_modules/egg-logrotator/config/config.default.js",
    "start": 1613032117303,
    "end": 1613032117303,
    "duration": 0,
    "pid": 6904,
    "index": 14
  },
  {
    "name": "Require(11) node_modules/egg-static/config/config.default.js",
    "start": 1613032117304,
    "end": 1613032117305,
    "duration": 1,
    "pid": 6904,
    "index": 15
  },
  {
    "name": "Require(12) node_modules/egg-view/config/config.default.js",
    "start": 1613032117306,
    "end": 1613032117307,
    "duration": 1,
    "pid": 6904,
    "index": 16
  },
  {
    "name": "Require(13) node_modules/egg-mysql/config/config.default.js",
    "start": 1613032117307,
    "end": 1613032117309,
    "duration": 2,
    "pid": 6904,
    "index": 17
  },
  {
    "name": "Require(14) node_modules/egg-cors/config/config.default.js",
    "start": 1613032117310,
    "end": 1613032117313,
    "duration": 3,
    "pid": 6904,
    "index": 18
  },
  {
    "name": "Require(15) node_modules/egg/config/config.default.js",
    "start": 1613032117314,
    "end": 1613032117315,
    "duration": 1,
    "pid": 6904,
    "index": 19
  },
  {
    "name": "Require(16) config/config.default.js",
    "start": 1613032117317,
    "end": 1613032117317,
    "duration": 0,
    "pid": 6904,
    "index": 20
  },
  {
    "name": "Require(17) node_modules/egg-security/config/config.local.js",
    "start": 1613032117318,
    "end": 1613032117318,
    "duration": 0,
    "pid": 6904,
    "index": 21
  },
  {
    "name": "Require(18) node_modules/egg-watcher/config/config.local.js",
    "start": 1613032117319,
    "end": 1613032117319,
    "duration": 0,
    "pid": 6904,
    "index": 22
  },
  {
    "name": "Require(19) node_modules/egg-view/config/config.local.js",
    "start": 1613032117322,
    "end": 1613032117322,
    "duration": 0,
    "pid": 6904,
    "index": 23
  },
  {
    "name": "Require(20) node_modules/egg/config/config.local.js",
    "start": 1613032117324,
    "end": 1613032117325,
    "duration": 1,
    "pid": 6904,
    "index": 24
  },
  {
    "name": "Load extend/application.js",
    "start": 1613032117327,
    "end": 1613032117361,
    "duration": 34,
    "pid": 6904,
    "index": 25
  },
  {
    "name": "Require(21) node_modules/egg-session/app/extend/application.js",
    "start": 1613032117327,
    "end": 1613032117328,
    "duration": 1,
    "pid": 6904,
    "index": 26
  },
  {
    "name": "Require(22) node_modules/egg-security/app/extend/application.js",
    "start": 1613032117328,
    "end": 1613032117330,
    "duration": 2,
    "pid": 6904,
    "index": 27
  },
  {
    "name": "Require(23) node_modules/egg-jsonp/app/extend/application.js",
    "start": 1613032117330,
    "end": 1613032117332,
    "duration": 2,
    "pid": 6904,
    "index": 28
  },
  {
    "name": "Require(24) node_modules/egg-logrotator/app/extend/application.js",
    "start": 1613032117334,
    "end": 1613032117350,
    "duration": 16,
    "pid": 6904,
    "index": 29
  },
  {
    "name": "Require(25) node_modules/egg-view/app/extend/application.js",
    "start": 1613032117351,
    "end": 1613032117352,
    "duration": 1,
    "pid": 6904,
    "index": 30
  },
  {
    "name": "Load extend/request.js",
    "start": 1613032117361,
    "end": 1613032117377,
    "duration": 16,
    "pid": 6904,
    "index": 31
  },
  {
    "name": "Require(26) node_modules/egg/app/extend/request.js",
    "start": 1613032117364,
    "end": 1613032117365,
    "duration": 1,
    "pid": 6904,
    "index": 32
  },
  {
    "name": "Load extend/response.js",
    "start": 1613032117377,
    "end": 1613032117392,
    "duration": 15,
    "pid": 6904,
    "index": 33
  },
  {
    "name": "Require(27) node_modules/egg/app/extend/response.js",
    "start": 1613032117383,
    "end": 1613032117386,
    "duration": 3,
    "pid": 6904,
    "index": 34
  },
  {
    "name": "Load extend/context.js",
    "start": 1613032117392,
    "end": 1613032117564,
    "duration": 172,
    "pid": 6904,
    "index": 35
  },
  {
    "name": "Require(28) node_modules/egg-security/app/extend/context.js",
    "start": 1613032117392,
    "end": 1613032117442,
    "duration": 50,
    "pid": 6904,
    "index": 36
  },
  {
    "name": "Require(29) node_modules/egg-jsonp/app/extend/context.js",
    "start": 1613032117442,
    "end": 1613032117446,
    "duration": 4,
    "pid": 6904,
    "index": 37
  },
  {
    "name": "Require(30) node_modules/egg-i18n/app/extend/context.js",
    "start": 1613032117447,
    "end": 1613032117448,
    "duration": 1,
    "pid": 6904,
    "index": 38
  },
  {
    "name": "Require(31) node_modules/egg-multipart/app/extend/context.js",
    "start": 1613032117449,
    "end": 1613032117548,
    "duration": 99,
    "pid": 6904,
    "index": 39
  },
  {
    "name": "Require(32) node_modules/egg-view/app/extend/context.js",
    "start": 1613032117549,
    "end": 1613032117551,
    "duration": 2,
    "pid": 6904,
    "index": 40
  },
  {
    "name": "Require(33) node_modules/egg/app/extend/context.js",
    "start": 1613032117552,
    "end": 1613032117557,
    "duration": 5,
    "pid": 6904,
    "index": 41
  },
  {
    "name": "Load extend/helper.js",
    "start": 1613032117564,
    "end": 1613032117602,
    "duration": 38,
    "pid": 6904,
    "index": 42
  },
  {
    "name": "Require(34) node_modules/egg-security/app/extend/helper.js",
    "start": 1613032117565,
    "end": 1613032117586,
    "duration": 21,
    "pid": 6904,
    "index": 43
  },
  {
    "name": "Require(35) node_modules/egg/app/extend/helper.js",
    "start": 1613032117592,
    "end": 1613032117593,
    "duration": 1,
    "pid": 6904,
    "index": 44
  },
  {
    "name": "Load app.js",
    "start": 1613032117602,
    "end": 1613032117688,
    "duration": 86,
    "pid": 6904,
    "index": 45
  },
  {
    "name": "Require(36) node_modules/egg-session/app.js",
    "start": 1613032117603,
    "end": 1613032117603,
    "duration": 0,
    "pid": 6904,
    "index": 46
  },
  {
    "name": "Require(37) node_modules/egg-security/app.js",
    "start": 1613032117604,
    "end": 1613032117607,
    "duration": 3,
    "pid": 6904,
    "index": 47
  },
  {
    "name": "Require(38) node_modules/egg-onerror/app.js",
    "start": 1613032117609,
    "end": 1613032117619,
    "duration": 10,
    "pid": 6904,
    "index": 48
  },
  {
    "name": "Require(39) node_modules/egg-i18n/app.js",
    "start": 1613032117619,
    "end": 1613032117644,
    "duration": 25,
    "pid": 6904,
    "index": 49
  },
  {
    "name": "Require(40) node_modules/egg-watcher/app.js",
    "start": 1613032117645,
    "end": 1613032117661,
    "duration": 16,
    "pid": 6904,
    "index": 50
  },
  {
    "name": "Require(41) node_modules/egg-schedule/app.js",
    "start": 1613032117662,
    "end": 1613032117664,
    "duration": 2,
    "pid": 6904,
    "index": 51
  },
  {
    "name": "Require(42) node_modules/egg-multipart/app.js",
    "start": 1613032117665,
    "end": 1613032117666,
    "duration": 1,
    "pid": 6904,
    "index": 52
  },
  {
    "name": "Require(43) node_modules/egg-development/app.js",
    "start": 1613032117666,
    "end": 1613032117667,
    "duration": 1,
    "pid": 6904,
    "index": 53
  },
  {
    "name": "Require(44) node_modules/egg-logrotator/app.js",
    "start": 1613032117667,
    "end": 1613032117668,
    "duration": 1,
    "pid": 6904,
    "index": 54
  },
  {
    "name": "Require(45) node_modules/egg-static/app.js",
    "start": 1613032117668,
    "end": 1613032117669,
    "duration": 1,
    "pid": 6904,
    "index": 55
  },
  {
    "name": "Require(46) node_modules/egg-mysql/app.js",
    "start": 1613032117669,
    "end": 1613032117686,
    "duration": 17,
    "pid": 6904,
    "index": 56
  },
  {
    "name": "Require(47) node_modules/egg-cors/app.js",
    "start": 1613032117687,
    "end": 1613032117687,
    "duration": 0,
    "pid": 6904,
    "index": 57
  },
  {
    "name": "Before Start in node_modules/egg-watcher/lib/init.js:15:14",
    "start": 1613032117701,
    "end": 1613032118001,
    "duration": 300,
    "pid": 6904,
    "index": 58
  },
  {
    "name": "Before Start in node_modules/egg-mysql/lib/mysql.js:20:7",
    "start": 1613032117807,
    "end": 1613032118538,
    "duration": 731,
    "pid": 6904,
    "index": 59
  },
  {
    "name": "Load Service",
    "start": 1613032117807,
    "end": 1613032117813,
    "duration": 6,
    "pid": 6904,
    "index": 60
  },
  {
    "name": "Load \"service\" to Context",
    "start": 1613032117807,
    "end": 1613032117813,
    "duration": 6,
    "pid": 6904,
    "index": 61
  },
  {
    "name": "Load Middleware",
    "start": 1613032117813,
    "end": 1613032117974,
    "duration": 161,
    "pid": 6904,
    "index": 62
  },
  {
    "name": "Load \"middlewares\" to Application",
    "start": 1613032117814,
    "end": 1613032117958,
    "duration": 144,
    "pid": 6904,
    "index": 63
  },
  {
    "name": "Load Controller",
    "start": 1613032117974,
    "end": 1613032117978,
    "duration": 4,
    "pid": 6904,
    "index": 64
  },
  {
    "name": "Load \"controller\" to Application",
    "start": 1613032117974,
    "end": 1613032117978,
    "duration": 4,
    "pid": 6904,
    "index": 65
  },
  {
    "name": "Load Router",
    "start": 1613032117978,
    "end": 1613032117982,
    "duration": 4,
    "pid": 6904,
    "index": 66
  },
  {
    "name": "Require(48) app/router.js",
    "start": 1613032117978,
    "end": 1613032117978,
    "duration": 0,
    "pid": 6904,
    "index": 67
  },
  {
    "name": "Before Start in node_modules/egg-core/lib/egg.js:303:10",
    "start": 1613032117979,
    "end": 1613032117994,
    "duration": 15,
    "pid": 6904,
    "index": 68
  }
]