[
  {
    "name": "Process Start",
    "start": 1613114369159,
    "end": 1613114370465,
    "duration": 1306,
    "pid": 7076,
    "index": 0
  },
  {
    "name": "Application Start",
    "start": 1613114370466,
    "end": 1613114371216,
    "duration": 750,
    "pid": 7076,
    "index": 1
  },
  {
    "name": "Load Plugin",
    "start": 1613114370473,
    "end": 1613114370494,
    "duration": 21,
    "pid": 7076,
    "index": 2
  },
  {
    "name": "Load Config",
    "start": 1613114370494,
    "end": 1613114370536,
    "duration": 42,
    "pid": 7076,
    "index": 3
  },
  {
    "name": "Require(0) config/config.default.js",
    "start": 1613114370495,
    "end": 1613114370496,
    "duration": 1,
    "pid": 7076,
    "index": 4
  },
  {
    "name": "Require(1) node_modules/egg-session/config/config.default.js",
    "start": 1613114370498,
    "end": 1613114370498,
    "duration": 0,
    "pid": 7076,
    "index": 5
  },
  {
    "name": "Require(2) node_modules/egg-security/config/config.default.js",
    "start": 1613114370499,
    "end": 1613114370499,
    "duration": 0,
    "pid": 7076,
    "index": 6
  },
  {
    "name": "Require(3) node_modules/egg-jsonp/config/config.default.js",
    "start": 1613114370500,
    "end": 1613114370501,
    "duration": 1,
    "pid": 7076,
    "index": 7
  },
  {
    "name": "Require(4) node_modules/egg-onerror/config/config.default.js",
    "start": 1613114370501,
    "end": 1613114370502,
    "duration": 1,
    "pid": 7076,
    "index": 8
  },
  {
    "name": "Require(5) node_modules/egg-i18n/config/config.default.js",
    "start": 1613114370502,
    "end": 1613114370503,
    "duration": 1,
    "pid": 7076,
    "index": 9
  },
  {
    "name": "Require(6) node_modules/egg-watcher/config/config.default.js",
    "start": 1613114370503,
    "end": 1613114370504,
    "duration": 1,
    "pid": 7076,
    "index": 10
  },
  {
    "name": "Require(7) node_modules/egg-schedule/config/config.default.js",
    "start": 1613114370505,
    "end": 1613114370506,
    "duration": 1,
    "pid": 7076,
    "index": 11
  },
  {
    "name": "Require(8) node_modules/egg-multipart/config/config.default.js",
    "start": 1613114370509,
    "end": 1613114370511,
    "duration": 2,
    "pid": 7076,
    "index": 12
  },
  {
    "name": "Require(9) node_modules/egg-development/config/config.default.js",
    "start": 1613114370514,
    "end": 1613114370517,
    "duration": 3,
    "pid": 7076,
    "index": 13
  },
  {
    "name": "Require(10) node_modules/egg-logrotator/config/config.default.js",
    "start": 1613114370519,
    "end": 1613114370522,
    "duration": 3,
    "pid": 7076,
    "index": 14
  },
  {
    "name": "Require(11) node_modules/egg-static/config/config.default.js",
    "start": 1613114370523,
    "end": 1613114370525,
    "duration": 2,
    "pid": 7076,
    "index": 15
  },
  {
    "name": "Require(12) node_modules/egg-view/config/config.default.js",
    "start": 1613114370525,
    "end": 1613114370526,
    "duration": 1,
    "pid": 7076,
    "index": 16
  },
  {
    "name": "Require(13) node_modules/egg-mysql/config/config.default.js",
    "start": 1613114370527,
    "end": 1613114370528,
    "duration": 1,
    "pid": 7076,
    "index": 17
  },
  {
    "name": "Require(14) node_modules/egg-cors/config/config.default.js",
    "start": 1613114370528,
    "end": 1613114370529,
    "duration": 1,
    "pid": 7076,
    "index": 18
  },
  {
    "name": "Require(15) node_modules/egg/config/config.default.js",
    "start": 1613114370529,
    "end": 1613114370529,
    "duration": 0,
    "pid": 7076,
    "index": 19
  },
  {
    "name": "Require(16) config/config.default.js",
    "start": 1613114370531,
    "end": 1613114370531,
    "duration": 0,
    "pid": 7076,
    "index": 20
  },
  {
    "name": "Require(17) node_modules/egg-security/config/config.local.js",
    "start": 1613114370531,
    "end": 1613114370532,
    "duration": 1,
    "pid": 7076,
    "index": 21
  },
  {
    "name": "Require(18) node_modules/egg-watcher/config/config.local.js",
    "start": 1613114370533,
    "end": 1613114370533,
    "duration": 0,
    "pid": 7076,
    "index": 22
  },
  {
    "name": "Require(19) node_modules/egg-view/config/config.local.js",
    "start": 1613114370535,
    "end": 1613114370535,
    "duration": 0,
    "pid": 7076,
    "index": 23
  },
  {
    "name": "Require(20) node_modules/egg/config/config.local.js",
    "start": 1613114370536,
    "end": 1613114370536,
    "duration": 0,
    "pid": 7076,
    "index": 24
  },
  {
    "name": "Load extend/application.js",
    "start": 1613114370537,
    "end": 1613114370561,
    "duration": 24,
    "pid": 7076,
    "index": 25
  },
  {
    "name": "Require(21) node_modules/egg-session/app/extend/application.js",
    "start": 1613114370538,
    "end": 1613114370538,
    "duration": 0,
    "pid": 7076,
    "index": 26
  },
  {
    "name": "Require(22) node_modules/egg-security/app/extend/application.js",
    "start": 1613114370539,
    "end": 1613114370540,
    "duration": 1,
    "pid": 7076,
    "index": 27
  },
  {
    "name": "Require(23) node_modules/egg-jsonp/app/extend/application.js",
    "start": 1613114370540,
    "end": 1613114370542,
    "duration": 2,
    "pid": 7076,
    "index": 28
  },
  {
    "name": "Require(24) node_modules/egg-logrotator/app/extend/application.js",
    "start": 1613114370545,
    "end": 1613114370554,
    "duration": 9,
    "pid": 7076,
    "index": 29
  },
  {
    "name": "Require(25) node_modules/egg-view/app/extend/application.js",
    "start": 1613114370555,
    "end": 1613114370557,
    "duration": 2,
    "pid": 7076,
    "index": 30
  },
  {
    "name": "Load extend/request.js",
    "start": 1613114370561,
    "end": 1613114370569,
    "duration": 8,
    "pid": 7076,
    "index": 31
  },
  {
    "name": "Require(26) node_modules/egg/app/extend/request.js",
    "start": 1613114370564,
    "end": 1613114370565,
    "duration": 1,
    "pid": 7076,
    "index": 32
  },
  {
    "name": "Load extend/response.js",
    "start": 1613114370569,
    "end": 1613114370577,
    "duration": 8,
    "pid": 7076,
    "index": 33
  },
  {
    "name": "Require(27) node_modules/egg/app/extend/response.js",
    "start": 1613114370572,
    "end": 1613114370574,
    "duration": 2,
    "pid": 7076,
    "index": 34
  },
  {
    "name": "Load extend/context.js",
    "start": 1613114370578,
    "end": 1613114370651,
    "duration": 73,
    "pid": 7076,
    "index": 35
  },
  {
    "name": "Require(28) node_modules/egg-security/app/extend/context.js",
    "start": 1613114370578,
    "end": 1613114370594,
    "duration": 16,
    "pid": 7076,
    "index": 36
  },
  {
    "name": "Require(29) node_modules/egg-jsonp/app/extend/context.js",
    "start": 1613114370594,
    "end": 1613114370595,
    "duration": 1,
    "pid": 7076,
    "index": 37
  },
  {
    "name": "Require(30) node_modules/egg-i18n/app/extend/context.js",
    "start": 1613114370596,
    "end": 1613114370596,
    "duration": 0,
    "pid": 7076,
    "index": 38
  },
  {
    "name": "Require(31) node_modules/egg-multipart/app/extend/context.js",
    "start": 1613114370597,
    "end": 1613114370643,
    "duration": 46,
    "pid": 7076,
    "index": 39
  },
  {
    "name": "Require(32) node_modules/egg-view/app/extend/context.js",
    "start": 1613114370644,
    "end": 1613114370645,
    "duration": 1,
    "pid": 7076,
    "index": 40
  },
  {
    "name": "Require(33) node_modules/egg/app/extend/context.js",
    "start": 1613114370646,
    "end": 1613114370646,
    "duration": 0,
    "pid": 7076,
    "index": 41
  },
  {
    "name": "Load extend/helper.js",
    "start": 1613114370651,
    "end": 1613114370676,
    "duration": 25,
    "pid": 7076,
    "index": 42
  },
  {
    "name": "Require(34) node_modules/egg-security/app/extend/helper.js",
    "start": 1613114370652,
    "end": 1613114370669,
    "duration": 17,
    "pid": 7076,
    "index": 43
  },
  {
    "name": "Require(35) node_modules/egg/app/extend/helper.js",
    "start": 1613114370673,
    "end": 1613114370673,
    "duration": 0,
    "pid": 7076,
    "index": 44
  },
  {
    "name": "Load app.js",
    "start": 1613114370677,
    "end": 1613114370729,
    "duration": 52,
    "pid": 7076,
    "index": 45
  },
  {
    "name": "Require(36) node_modules/egg-session/app.js",
    "start": 1613114370677,
    "end": 1613114370677,
    "duration": 0,
    "pid": 7076,
    "index": 46
  },
  {
    "name": "Require(37) node_modules/egg-security/app.js",
    "start": 1613114370678,
    "end": 1613114370679,
    "duration": 1,
    "pid": 7076,
    "index": 47
  },
  {
    "name": "Require(38) node_modules/egg-onerror/app.js",
    "start": 1613114370680,
    "end": 1613114370691,
    "duration": 11,
    "pid": 7076,
    "index": 48
  },
  {
    "name": "Require(39) node_modules/egg-i18n/app.js",
    "start": 1613114370692,
    "end": 1613114370702,
    "duration": 10,
    "pid": 7076,
    "index": 49
  },
  {
    "name": "Require(40) node_modules/egg-watcher/app.js",
    "start": 1613114370702,
    "end": 1613114370706,
    "duration": 4,
    "pid": 7076,
    "index": 50
  },
  {
    "name": "Require(41) node_modules/egg-schedule/app.js",
    "start": 1613114370707,
    "end": 1613114370708,
    "duration": 1,
    "pid": 7076,
    "index": 51
  },
  {
    "name": "Require(42) node_modules/egg-multipart/app.js",
    "start": 1613114370709,
    "end": 1613114370709,
    "duration": 0,
    "pid": 7076,
    "index": 52
  },
  {
    "name": "Require(43) node_modules/egg-development/app.js",
    "start": 1613114370710,
    "end": 1613114370710,
    "duration": 0,
    "pid": 7076,
    "index": 53
  },
  {
    "name": "Require(44) node_modules/egg-logrotator/app.js",
    "start": 1613114370710,
    "end": 1613114370711,
    "duration": 1,
    "pid": 7076,
    "index": 54
  },
  {
    "name": "Require(45) node_modules/egg-static/app.js",
    "start": 1613114370711,
    "end": 1613114370711,
    "duration": 0,
    "pid": 7076,
    "index": 55
  },
  {
    "name": "Require(46) node_modules/egg-mysql/app.js",
    "start": 1613114370713,
    "end": 1613114370727,
    "duration": 14,
    "pid": 7076,
    "index": 56
  },
  {
    "name": "Require(47) node_modules/egg-cors/app.js",
    "start": 1613114370727,
    "end": 1613114370727,
    "duration": 0,
    "pid": 7076,
    "index": 57
  },
  {
    "name": "Before Start in node_modules/egg-watcher/lib/init.js:15:14",
    "start": 1613114370742,
    "end": 1613114371038,
    "duration": 296,
    "pid": 7076,
    "index": 58
  },
  {
    "name": "Before Start in node_modules/egg-mysql/lib/mysql.js:20:7",
    "start": 1613114370861,
    "end": 1613114371214,
    "duration": 353,
    "pid": 7076,
    "index": 59
  },
  {
    "name": "Load Service",
    "start": 1613114370861,
    "end": 1613114370867,
    "duration": 6,
    "pid": 7076,
    "index": 60
  },
  {
    "name": "Load \"service\" to Context",
    "start": 1613114370861,
    "end": 1613114370867,
    "duration": 6,
    "pid": 7076,
    "index": 61
  },
  {
    "name": "Load Middleware",
    "start": 1613114370868,
    "end": 1613114370990,
    "duration": 122,
    "pid": 7076,
    "index": 62
  },
  {
    "name": "Load \"middlewares\" to Application",
    "start": 1613114370868,
    "end": 1613114370972,
    "duration": 104,
    "pid": 7076,
    "index": 63
  },
  {
    "name": "Load Controller",
    "start": 1613114370990,
    "end": 1613114370995,
    "duration": 5,
    "pid": 7076,
    "index": 64
  },
  {
    "name": "Load \"controller\" to Application",
    "start": 1613114370990,
    "end": 1613114370995,
    "duration": 5,
    "pid": 7076,
    "index": 65
  },
  {
    "name": "Load Router",
    "start": 1613114370995,
    "end": 1613114371017,
    "duration": 22,
    "pid": 7076,
    "index": 66
  },
  {
    "name": "Require(48) app/router.js",
    "start": 1613114370995,
    "end": 1613114370996,
    "duration": 1,
    "pid": 7076,
    "index": 67
  },
  {
    "name": "Before Start in node_modules/egg-core/lib/egg.js:303:10",
    "start": 1613114370997,
    "end": 1613114371030,
    "duration": 33,
    "pid": 7076,
    "index": 68
  }
]