[
  {
    "name": "Process Start",
    "start": 1613114195060,
    "end": 1613114196339,
    "duration": 1279,
    "pid": 21920,
    "index": 0
  },
  {
    "name": "Application Start",
    "start": 1613114196340,
    "end": 1613114197158,
    "duration": 818,
    "pid": 21920,
    "index": 1
  },
  {
    "name": "Load Plugin",
    "start": 1613114196346,
    "end": 1613114196368,
    "duration": 22,
    "pid": 21920,
    "index": 2
  },
  {
    "name": "Load Config",
    "start": 1613114196368,
    "end": 1613114196396,
    "duration": 28,
    "pid": 21920,
    "index": 3
  },
  {
    "name": "Require(0) config/config.default.js",
    "start": 1613114196369,
    "end": 1613114196369,
    "duration": 0,
    "pid": 21920,
    "index": 4
  },
  {
    "name": "Require(1) node_modules/egg-session/config/config.default.js",
    "start": 1613114196372,
    "end": 1613114196372,
    "duration": 0,
    "pid": 21920,
    "index": 5
  },
  {
    "name": "Require(2) node_modules/egg-security/config/config.default.js",
    "start": 1613114196373,
    "end": 1613114196373,
    "duration": 0,
    "pid": 21920,
    "index": 6
  },
  {
    "name": "Require(3) node_modules/egg-jsonp/config/config.default.js",
    "start": 1613114196374,
    "end": 1613114196375,
    "duration": 1,
    "pid": 21920,
    "index": 7
  },
  {
    "name": "Require(4) node_modules/egg-onerror/config/config.default.js",
    "start": 1613114196375,
    "end": 1613114196376,
    "duration": 1,
    "pid": 21920,
    "index": 8
  },
  {
    "name": "Require(5) node_modules/egg-i18n/config/config.default.js",
    "start": 1613114196376,
    "end": 1613114196377,
    "duration": 1,
    "pid": 21920,
    "index": 9
  },
  {
    "name": "Require(6) node_modules/egg-watcher/config/config.default.js",
    "start": 1613114196377,
    "end": 1613114196378,
    "duration": 1,
    "pid": 21920,
    "index": 10
  },
  {
    "name": "Require(7) node_modules/egg-schedule/config/config.default.js",
    "start": 1613114196378,
    "end": 1613114196379,
    "duration": 1,
    "pid": 21920,
    "index": 11
  },
  {
    "name": "Require(8) node_modules/egg-multipart/config/config.default.js",
    "start": 1613114196379,
    "end": 1613114196380,
    "duration": 1,
    "pid": 21920,
    "index": 12
  },
  {
    "name": "Require(9) node_modules/egg-development/config/config.default.js",
    "start": 1613114196381,
    "end": 1613114196382,
    "duration": 1,
    "pid": 21920,
    "index": 13
  },
  {
    "name": "Require(10) node_modules/egg-logrotator/config/config.default.js",
    "start": 1613114196382,
    "end": 1613114196383,
    "duration": 1,
    "pid": 21920,
    "index": 14
  },
  {
    "name": "Require(11) node_modules/egg-static/config/config.default.js",
    "start": 1613114196383,
    "end": 1613114196384,
    "duration": 1,
    "pid": 21920,
    "index": 15
  },
  {
    "name": "Require(12) node_modules/egg-view/config/config.default.js",
    "start": 1613114196385,
    "end": 1613114196385,
    "duration": 0,
    "pid": 21920,
    "index": 16
  },
  {
    "name": "Require(13) node_modules/egg-mysql/config/config.default.js",
    "start": 1613114196386,
    "end": 1613114196387,
    "duration": 1,
    "pid": 21920,
    "index": 17
  },
  {
    "name": "Require(14) node_modules/egg-cors/config/config.default.js",
    "start": 1613114196387,
    "end": 1613114196388,
    "duration": 1,
    "pid": 21920,
    "index": 18
  },
  {
    "name": "Require(15) node_modules/egg/config/config.default.js",
    "start": 1613114196388,
    "end": 1613114196389,
    "duration": 1,
    "pid": 21920,
    "index": 19
  },
  {
    "name": "Require(16) config/config.default.js",
    "start": 1613114196390,
    "end": 1613114196390,
    "duration": 0,
    "pid": 21920,
    "index": 20
  },
  {
    "name": "Require(17) node_modules/egg-security/config/config.local.js",
    "start": 1613114196391,
    "end": 1613114196391,
    "duration": 0,
    "pid": 21920,
    "index": 21
  },
  {
    "name": "Require(18) node_modules/egg-watcher/config/config.local.js",
    "start": 1613114196392,
    "end": 1613114196392,
    "duration": 0,
    "pid": 21920,
    "index": 22
  },
  {
    "name": "Require(19) node_modules/egg-view/config/config.local.js",
    "start": 1613114196394,
    "end": 1613114196394,
    "duration": 0,
    "pid": 21920,
    "index": 23
  },
  {
    "name": "Require(20) node_modules/egg/config/config.local.js",
    "start": 1613114196395,
    "end": 1613114196396,
    "duration": 1,
    "pid": 21920,
    "index": 24
  },
  {
    "name": "Load extend/application.js",
    "start": 1613114196397,
    "end": 1613114196423,
    "duration": 26,
    "pid": 21920,
    "index": 25
  },
  {
    "name": "Require(21) node_modules/egg-session/app/extend/application.js",
    "start": 1613114196398,
    "end": 1613114196398,
    "duration": 0,
    "pid": 21920,
    "index": 26
  },
  {
    "name": "Require(22) node_modules/egg-security/app/extend/application.js",
    "start": 1613114196399,
    "end": 1613114196400,
    "duration": 1,
    "pid": 21920,
    "index": 27
  },
  {
    "name": "Require(23) node_modules/egg-jsonp/app/extend/application.js",
    "start": 1613114196401,
    "end": 1613114196402,
    "duration": 1,
    "pid": 21920,
    "index": 28
  },
  {
    "name": "Require(24) node_modules/egg-logrotator/app/extend/application.js",
    "start": 1613114196407,
    "end": 1613114196414,
    "duration": 7,
    "pid": 21920,
    "index": 29
  },
  {
    "name": "Require(25) node_modules/egg-view/app/extend/application.js",
    "start": 1613114196414,
    "end": 1613114196416,
    "duration": 2,
    "pid": 21920,
    "index": 30
  },
  {
    "name": "Load extend/request.js",
    "start": 1613114196423,
    "end": 1613114196440,
    "duration": 17,
    "pid": 21920,
    "index": 31
  },
  {
    "name": "Require(26) node_modules/egg/app/extend/request.js",
    "start": 1613114196428,
    "end": 1613114196429,
    "duration": 1,
    "pid": 21920,
    "index": 32
  },
  {
    "name": "Load extend/response.js",
    "start": 1613114196440,
    "end": 1613114196467,
    "duration": 27,
    "pid": 21920,
    "index": 33
  },
  {
    "name": "Require(27) node_modules/egg/app/extend/response.js",
    "start": 1613114196453,
    "end": 1613114196461,
    "duration": 8,
    "pid": 21920,
    "index": 34
  },
  {
    "name": "Load extend/context.js",
    "start": 1613114196467,
    "end": 1613114196543,
    "duration": 76,
    "pid": 21920,
    "index": 35
  },
  {
    "name": "Require(28) node_modules/egg-security/app/extend/context.js",
    "start": 1613114196468,
    "end": 1613114196484,
    "duration": 16,
    "pid": 21920,
    "index": 36
  },
  {
    "name": "Require(29) node_modules/egg-jsonp/app/extend/context.js",
    "start": 1613114196484,
    "end": 1613114196485,
    "duration": 1,
    "pid": 21920,
    "index": 37
  },
  {
    "name": "Require(30) node_modules/egg-i18n/app/extend/context.js",
    "start": 1613114196486,
    "end": 1613114196486,
    "duration": 0,
    "pid": 21920,
    "index": 38
  },
  {
    "name": "Require(31) node_modules/egg-multipart/app/extend/context.js",
    "start": 1613114196487,
    "end": 1613114196536,
    "duration": 49,
    "pid": 21920,
    "index": 39
  },
  {
    "name": "Require(32) node_modules/egg-view/app/extend/context.js",
    "start": 1613114196537,
    "end": 1613114196538,
    "duration": 1,
    "pid": 21920,
    "index": 40
  },
  {
    "name": "Require(33) node_modules/egg/app/extend/context.js",
    "start": 1613114196538,
    "end": 1613114196539,
    "duration": 1,
    "pid": 21920,
    "index": 41
  },
  {
    "name": "Load extend/helper.js",
    "start": 1613114196544,
    "end": 1613114196571,
    "duration": 27,
    "pid": 21920,
    "index": 42
  },
  {
    "name": "Require(34) node_modules/egg-security/app/extend/helper.js",
    "start": 1613114196545,
    "end": 1613114196561,
    "duration": 16,
    "pid": 21920,
    "index": 43
  },
  {
    "name": "Require(35) node_modules/egg/app/extend/helper.js",
    "start": 1613114196566,
    "end": 1613114196567,
    "duration": 1,
    "pid": 21920,
    "index": 44
  },
  {
    "name": "Load app.js",
    "start": 1613114196571,
    "end": 1613114196624,
    "duration": 53,
    "pid": 21920,
    "index": 45
  },
  {
    "name": "Require(36) node_modules/egg-session/app.js",
    "start": 1613114196572,
    "end": 1613114196572,
    "duration": 0,
    "pid": 21920,
    "index": 46
  },
  {
    "name": "Require(37) node_modules/egg-security/app.js",
    "start": 1613114196573,
    "end": 1613114196574,
    "duration": 1,
    "pid": 21920,
    "index": 47
  },
  {
    "name": "Require(38) node_modules/egg-onerror/app.js",
    "start": 1613114196575,
    "end": 1613114196585,
    "duration": 10,
    "pid": 21920,
    "index": 48
  },
  {
    "name": "Require(39) node_modules/egg-i18n/app.js",
    "start": 1613114196586,
    "end": 1613114196595,
    "duration": 9,
    "pid": 21920,
    "index": 49
  },
  {
    "name": "Require(40) node_modules/egg-watcher/app.js",
    "start": 1613114196595,
    "end": 1613114196599,
    "duration": 4,
    "pid": 21920,
    "index": 50
  },
  {
    "name": "Require(41) node_modules/egg-schedule/app.js",
    "start": 1613114196599,
    "end": 1613114196601,
    "duration": 2,
    "pid": 21920,
    "index": 51
  },
  {
    "name": "Require(42) node_modules/egg-multipart/app.js",
    "start": 1613114196601,
    "end": 1613114196602,
    "duration": 1,
    "pid": 21920,
    "index": 52
  },
  {
    "name": "Require(43) node_modules/egg-development/app.js",
    "start": 1613114196602,
    "end": 1613114196603,
    "duration": 1,
    "pid": 21920,
    "index": 53
  },
  {
    "name": "Require(44) node_modules/egg-logrotator/app.js",
    "start": 1613114196603,
    "end": 1613114196604,
    "duration": 1,
    "pid": 21920,
    "index": 54
  },
  {
    "name": "Require(45) node_modules/egg-static/app.js",
    "start": 1613114196604,
    "end": 1613114196604,
    "duration": 0,
    "pid": 21920,
    "index": 55
  },
  {
    "name": "Require(46) node_modules/egg-mysql/app.js",
    "start": 1613114196605,
    "end": 1613114196620,
    "duration": 15,
    "pid": 21920,
    "index": 56
  },
  {
    "name": "Require(47) node_modules/egg-cors/app.js",
    "start": 1613114196620,
    "end": 1613114196622,
    "duration": 2,
    "pid": 21920,
    "index": 57
  },
  {
    "name": "Before Start in node_modules/egg-watcher/lib/init.js:15:14",
    "start": 1613114196633,
    "end": 1613114197000,
    "duration": 367,
    "pid": 21920,
    "index": 58
  },
  {
    "name": "Before Start in node_modules/egg-mysql/lib/mysql.js:20:7",
    "start": 1613114196758,
    "end": 1613114197158,
    "duration": 400,
    "pid": 21920,
    "index": 59
  },
  {
    "name": "Load Service",
    "start": 1613114196759,
    "end": 1613114196767,
    "duration": 8,
    "pid": 21920,
    "index": 60
  },
  {
    "name": "Load \"service\" to Context",
    "start": 1613114196759,
    "end": 1613114196767,
    "duration": 8,
    "pid": 21920,
    "index": 61
  },
  {
    "name": "Load Middleware",
    "start": 1613114196767,
    "end": 1613114196972,
    "duration": 205,
    "pid": 21920,
    "index": 62
  },
  {
    "name": "Load \"middlewares\" to Application",
    "start": 1613114196767,
    "end": 1613114196925,
    "duration": 158,
    "pid": 21920,
    "index": 63
  },
  {
    "name": "Load Controller",
    "start": 1613114196972,
    "end": 1613114196976,
    "duration": 4,
    "pid": 21920,
    "index": 64
  },
  {
    "name": "Load \"controller\" to Application",
    "start": 1613114196972,
    "end": 1613114196976,
    "duration": 4,
    "pid": 21920,
    "index": 65
  },
  {
    "name": "Load Router",
    "start": 1613114196976,
    "end": 1613114196980,
    "duration": 4,
    "pid": 21920,
    "index": 66
  },
  {
    "name": "Require(48) app/router.js",
    "start": 1613114196976,
    "end": 1613114196976,
    "duration": 0,
    "pid": 21920,
    "index": 67
  },
  {
    "name": "Before Start in node_modules/egg-core/lib/egg.js:303:10",
    "start": 1613114196977,
    "end": 1613114196992,
    "duration": 15,
    "pid": 21920,
    "index": 68
  }
]