[
  {
    "name": "Process Start",
    "start": 1613019528574,
    "end": 1613019529962,
    "duration": 1388,
    "pid": 10412,
    "index": 0
  },
  {
    "name": "Application Start",
    "start": 1613019529962,
    "end": 1613019531129,
    "duration": 1167,
    "pid": 10412,
    "index": 1
  },
  {
    "name": "Load Plugin",
    "start": 1613019529969,
    "end": 1613019529993,
    "duration": 24,
    "pid": 10412,
    "index": 2
  },
  {
    "name": "Load Config",
    "start": 1613019529993,
    "end": 1613019530043,
    "duration": 50,
    "pid": 10412,
    "index": 3
  },
  {
    "name": "Require(0) config/config.default.js",
    "start": 1613019529994,
    "end": 1613019529994,
    "duration": 0,
    "pid": 10412,
    "index": 4
  },
  {
    "name": "Require(1) node_modules/egg-session/config/config.default.js",
    "start": 1613019529996,
    "end": 1613019529997,
    "duration": 1,
    "pid": 10412,
    "index": 5
  },
  {
    "name": "Require(2) node_modules/egg-security/config/config.default.js",
    "start": 1613019529997,
    "end": 1613019529998,
    "duration": 1,
    "pid": 10412,
    "index": 6
  },
  {
    "name": "Require(3) node_modules/egg-jsonp/config/config.default.js",
    "start": 1613019529999,
    "end": 1613019529999,
    "duration": 0,
    "pid": 10412,
    "index": 7
  },
  {
    "name": "Require(4) node_modules/egg-onerror/config/config.default.js",
    "start": 1613019530000,
    "end": 1613019530021,
    "duration": 21,
    "pid": 10412,
    "index": 8
  },
  {
    "name": "Require(5) node_modules/egg-i18n/config/config.default.js",
    "start": 1613019530022,
    "end": 1613019530023,
    "duration": 1,
    "pid": 10412,
    "index": 9
  },
  {
    "name": "Require(6) node_modules/egg-watcher/config/config.default.js",
    "start": 1613019530024,
    "end": 1613019530024,
    "duration": 0,
    "pid": 10412,
    "index": 10
  },
  {
    "name": "Require(7) node_modules/egg-schedule/config/config.default.js",
    "start": 1613019530025,
    "end": 1613019530026,
    "duration": 1,
    "pid": 10412,
    "index": 11
  },
  {
    "name": "Require(8) node_modules/egg-multipart/config/config.default.js",
    "start": 1613019530027,
    "end": 1613019530027,
    "duration": 0,
    "pid": 10412,
    "index": 12
  },
  {
    "name": "Require(9) node_modules/egg-development/config/config.default.js",
    "start": 1613019530028,
    "end": 1613019530028,
    "duration": 0,
    "pid": 10412,
    "index": 13
  },
  {
    "name": "Require(10) node_modules/egg-logrotator/config/config.default.js",
    "start": 1613019530029,
    "end": 1613019530030,
    "duration": 1,
    "pid": 10412,
    "index": 14
  },
  {
    "name": "Require(11) node_modules/egg-static/config/config.default.js",
    "start": 1613019530030,
    "end": 1613019530031,
    "duration": 1,
    "pid": 10412,
    "index": 15
  },
  {
    "name": "Require(12) node_modules/egg-view/config/config.default.js",
    "start": 1613019530031,
    "end": 1613019530032,
    "duration": 1,
    "pid": 10412,
    "index": 16
  },
  {
    "name": "Require(13) node_modules/egg-mysql/config/config.default.js",
    "start": 1613019530032,
    "end": 1613019530033,
    "duration": 1,
    "pid": 10412,
    "index": 17
  },
  {
    "name": "Require(14) node_modules/egg-cors/config/config.default.js",
    "start": 1613019530034,
    "end": 1613019530034,
    "duration": 0,
    "pid": 10412,
    "index": 18
  },
  {
    "name": "Require(15) node_modules/egg/config/config.default.js",
    "start": 1613019530035,
    "end": 1613019530035,
    "duration": 0,
    "pid": 10412,
    "index": 19
  },
  {
    "name": "Require(16) config/config.default.js",
    "start": 1613019530037,
    "end": 1613019530037,
    "duration": 0,
    "pid": 10412,
    "index": 20
  },
  {
    "name": "Require(17) node_modules/egg-security/config/config.local.js",
    "start": 1613019530037,
    "end": 1613019530038,
    "duration": 1,
    "pid": 10412,
    "index": 21
  },
  {
    "name": "Require(18) node_modules/egg-watcher/config/config.local.js",
    "start": 1613019530039,
    "end": 1613019530039,
    "duration": 0,
    "pid": 10412,
    "index": 22
  },
  {
    "name": "Require(19) node_modules/egg-view/config/config.local.js",
    "start": 1613019530041,
    "end": 1613019530041,
    "duration": 0,
    "pid": 10412,
    "index": 23
  },
  {
    "name": "Require(20) node_modules/egg/config/config.local.js",
    "start": 1613019530042,
    "end": 1613019530042,
    "duration": 0,
    "pid": 10412,
    "index": 24
  },
  {
    "name": "Load extend/application.js",
    "start": 1613019530044,
    "end": 1613019530070,
    "duration": 26,
    "pid": 10412,
    "index": 25
  },
  {
    "name": "Require(21) node_modules/egg-session/app/extend/application.js",
    "start": 1613019530044,
    "end": 1613019530045,
    "duration": 1,
    "pid": 10412,
    "index": 26
  },
  {
    "name": "Require(22) node_modules/egg-security/app/extend/application.js",
    "start": 1613019530046,
    "end": 1613019530047,
    "duration": 1,
    "pid": 10412,
    "index": 27
  },
  {
    "name": "Require(23) node_modules/egg-jsonp/app/extend/application.js",
    "start": 1613019530048,
    "end": 1613019530050,
    "duration": 2,
    "pid": 10412,
    "index": 28
  },
  {
    "name": "Require(24) node_modules/egg-logrotator/app/extend/application.js",
    "start": 1613019530052,
    "end": 1613019530063,
    "duration": 11,
    "pid": 10412,
    "index": 29
  },
  {
    "name": "Require(25) node_modules/egg-view/app/extend/application.js",
    "start": 1613019530063,
    "end": 1613019530065,
    "duration": 2,
    "pid": 10412,
    "index": 30
  },
  {
    "name": "Load extend/request.js",
    "start": 1613019530070,
    "end": 1613019530079,
    "duration": 9,
    "pid": 10412,
    "index": 31
  },
  {
    "name": "Require(26) node_modules/egg/app/extend/request.js",
    "start": 1613019530074,
    "end": 1613019530075,
    "duration": 1,
    "pid": 10412,
    "index": 32
  },
  {
    "name": "Load extend/response.js",
    "start": 1613019530079,
    "end": 1613019530088,
    "duration": 9,
    "pid": 10412,
    "index": 33
  },
  {
    "name": "Require(27) node_modules/egg/app/extend/response.js",
    "start": 1613019530082,
    "end": 1613019530085,
    "duration": 3,
    "pid": 10412,
    "index": 34
  },
  {
    "name": "Load extend/context.js",
    "start": 1613019530089,
    "end": 1613019530175,
    "duration": 86,
    "pid": 10412,
    "index": 35
  },
  {
    "name": "Require(28) node_modules/egg-security/app/extend/context.js",
    "start": 1613019530089,
    "end": 1613019530110,
    "duration": 21,
    "pid": 10412,
    "index": 36
  },
  {
    "name": "Require(29) node_modules/egg-jsonp/app/extend/context.js",
    "start": 1613019530110,
    "end": 1613019530112,
    "duration": 2,
    "pid": 10412,
    "index": 37
  },
  {
    "name": "Require(30) node_modules/egg-i18n/app/extend/context.js",
    "start": 1613019530113,
    "end": 1613019530114,
    "duration": 1,
    "pid": 10412,
    "index": 38
  },
  {
    "name": "Require(31) node_modules/egg-multipart/app/extend/context.js",
    "start": 1613019530115,
    "end": 1613019530167,
    "duration": 52,
    "pid": 10412,
    "index": 39
  },
  {
    "name": "Require(32) node_modules/egg-view/app/extend/context.js",
    "start": 1613019530168,
    "end": 1613019530169,
    "duration": 1,
    "pid": 10412,
    "index": 40
  },
  {
    "name": "Require(33) node_modules/egg/app/extend/context.js",
    "start": 1613019530170,
    "end": 1613019530171,
    "duration": 1,
    "pid": 10412,
    "index": 41
  },
  {
    "name": "Load extend/helper.js",
    "start": 1613019530175,
    "end": 1613019530209,
    "duration": 34,
    "pid": 10412,
    "index": 42
  },
  {
    "name": "Require(34) node_modules/egg-security/app/extend/helper.js",
    "start": 1613019530176,
    "end": 1613019530197,
    "duration": 21,
    "pid": 10412,
    "index": 43
  },
  {
    "name": "Require(35) node_modules/egg/app/extend/helper.js",
    "start": 1613019530203,
    "end": 1613019530203,
    "duration": 0,
    "pid": 10412,
    "index": 44
  },
  {
    "name": "Load app.js",
    "start": 1613019530209,
    "end": 1613019530299,
    "duration": 90,
    "pid": 10412,
    "index": 45
  },
  {
    "name": "Require(36) node_modules/egg-session/app.js",
    "start": 1613019530211,
    "end": 1613019530212,
    "duration": 1,
    "pid": 10412,
    "index": 46
  },
  {
    "name": "Require(37) node_modules/egg-security/app.js",
    "start": 1613019530212,
    "end": 1613019530214,
    "duration": 2,
    "pid": 10412,
    "index": 47
  },
  {
    "name": "Require(38) node_modules/egg-onerror/app.js",
    "start": 1613019530215,
    "end": 1613019530228,
    "duration": 13,
    "pid": 10412,
    "index": 48
  },
  {
    "name": "Require(39) node_modules/egg-i18n/app.js",
    "start": 1613019530228,
    "end": 1613019530259,
    "duration": 31,
    "pid": 10412,
    "index": 49
  },
  {
    "name": "Require(40) node_modules/egg-watcher/app.js",
    "start": 1613019530260,
    "end": 1613019530264,
    "duration": 4,
    "pid": 10412,
    "index": 50
  },
  {
    "name": "Require(41) node_modules/egg-schedule/app.js",
    "start": 1613019530264,
    "end": 1613019530266,
    "duration": 2,
    "pid": 10412,
    "index": 51
  },
  {
    "name": "Require(42) node_modules/egg-multipart/app.js",
    "start": 1613019530266,
    "end": 1613019530267,
    "duration": 1,
    "pid": 10412,
    "index": 52
  },
  {
    "name": "Require(43) node_modules/egg-development/app.js",
    "start": 1613019530268,
    "end": 1613019530268,
    "duration": 0,
    "pid": 10412,
    "index": 53
  },
  {
    "name": "Require(44) node_modules/egg-logrotator/app.js",
    "start": 1613019530268,
    "end": 1613019530276,
    "duration": 8,
    "pid": 10412,
    "index": 54
  },
  {
    "name": "Require(45) node_modules/egg-static/app.js",
    "start": 1613019530277,
    "end": 1613019530277,
    "duration": 0,
    "pid": 10412,
    "index": 55
  },
  {
    "name": "Require(46) node_modules/egg-mysql/app.js",
    "start": 1613019530278,
    "end": 1613019530297,
    "duration": 19,
    "pid": 10412,
    "index": 56
  },
  {
    "name": "Require(47) node_modules/egg-cors/app.js",
    "start": 1613019530298,
    "end": 1613019530298,
    "duration": 0,
    "pid": 10412,
    "index": 57
  },
  {
    "name": "Before Start in node_modules/egg-watcher/lib/init.js:15:14",
    "start": 1613019530313,
    "end": 1613019530933,
    "duration": 620,
    "pid": 10412,
    "index": 58
  },
  {
    "name": "Before Start in node_modules/egg-mysql/lib/mysql.js:20:7",
    "start": 1613019530743,
    "end": 1613019531128,
    "duration": 385,
    "pid": 10412,
    "index": 59
  },
  {
    "name": "Load Service",
    "start": 1613019530743,
    "end": 1613019530749,
    "duration": 6,
    "pid": 10412,
    "index": 60
  },
  {
    "name": "Load \"service\" to Context",
    "start": 1613019530743,
    "end": 1613019530749,
    "duration": 6,
    "pid": 10412,
    "index": 61
  },
  {
    "name": "Load Middleware",
    "start": 1613019530750,
    "end": 1613019530891,
    "duration": 141,
    "pid": 10412,
    "index": 62
  },
  {
    "name": "Load \"middlewares\" to Application",
    "start": 1613019530750,
    "end": 1613019530876,
    "duration": 126,
    "pid": 10412,
    "index": 63
  },
  {
    "name": "Load Controller",
    "start": 1613019530891,
    "end": 1613019530895,
    "duration": 4,
    "pid": 10412,
    "index": 64
  },
  {
    "name": "Load \"controller\" to Application",
    "start": 1613019530891,
    "end": 1613019530895,
    "duration": 4,
    "pid": 10412,
    "index": 65
  },
  {
    "name": "Load Router",
    "start": 1613019530895,
    "end": 1613019530915,
    "duration": 20,
    "pid": 10412,
    "index": 66
  },
  {
    "name": "Require(48) app/router.js",
    "start": 1613019530896,
    "end": 1613019530896,
    "duration": 0,
    "pid": 10412,
    "index": 67
  },
  {
    "name": "Before Start in node_modules/egg-core/lib/egg.js:303:10",
    "start": 1613019530901,
    "end": 1613019530926,
    "duration": 25,
    "pid": 10412,
    "index": 68
  }
]