[
  {
    "name": "Process Start",
    "start": 1613111610872,
    "end": 1613111612078,
    "duration": 1206,
    "pid": 21740,
    "index": 0
  },
  {
    "name": "Application Start",
    "start": 1613111612079,
    "end": 1613111612775,
    "duration": 696,
    "pid": 21740,
    "index": 1
  },
  {
    "name": "Load Plugin",
    "start": 1613111612085,
    "end": 1613111612105,
    "duration": 20,
    "pid": 21740,
    "index": 2
  },
  {
    "name": "Load Config",
    "start": 1613111612106,
    "end": 1613111612130,
    "duration": 24,
    "pid": 21740,
    "index": 3
  },
  {
    "name": "Require(0) config/config.default.js",
    "start": 1613111612106,
    "end": 1613111612107,
    "duration": 1,
    "pid": 21740,
    "index": 4
  },
  {
    "name": "Require(1) node_modules/egg-session/config/config.default.js",
    "start": 1613111612108,
    "end": 1613111612109,
    "duration": 1,
    "pid": 21740,
    "index": 5
  },
  {
    "name": "Require(2) node_modules/egg-security/config/config.default.js",
    "start": 1613111612109,
    "end": 1613111612110,
    "duration": 1,
    "pid": 21740,
    "index": 6
  },
  {
    "name": "Require(3) node_modules/egg-jsonp/config/config.default.js",
    "start": 1613111612111,
    "end": 1613111612111,
    "duration": 0,
    "pid": 21740,
    "index": 7
  },
  {
    "name": "Require(4) node_modules/egg-onerror/config/config.default.js",
    "start": 1613111612112,
    "end": 1613111612112,
    "duration": 0,
    "pid": 21740,
    "index": 8
  },
  {
    "name": "Require(5) node_modules/egg-i18n/config/config.default.js",
    "start": 1613111612113,
    "end": 1613111612113,
    "duration": 0,
    "pid": 21740,
    "index": 9
  },
  {
    "name": "Require(6) node_modules/egg-watcher/config/config.default.js",
    "start": 1613111612113,
    "end": 1613111612114,
    "duration": 1,
    "pid": 21740,
    "index": 10
  },
  {
    "name": "Require(7) node_modules/egg-schedule/config/config.default.js",
    "start": 1613111612114,
    "end": 1613111612115,
    "duration": 1,
    "pid": 21740,
    "index": 11
  },
  {
    "name": "Require(8) node_modules/egg-multipart/config/config.default.js",
    "start": 1613111612115,
    "end": 1613111612116,
    "duration": 1,
    "pid": 21740,
    "index": 12
  },
  {
    "name": "Require(9) node_modules/egg-development/config/config.default.js",
    "start": 1613111612116,
    "end": 1613111612117,
    "duration": 1,
    "pid": 21740,
    "index": 13
  },
  {
    "name": "Require(10) node_modules/egg-logrotator/config/config.default.js",
    "start": 1613111612117,
    "end": 1613111612118,
    "duration": 1,
    "pid": 21740,
    "index": 14
  },
  {
    "name": "Require(11) node_modules/egg-static/config/config.default.js",
    "start": 1613111612118,
    "end": 1613111612119,
    "duration": 1,
    "pid": 21740,
    "index": 15
  },
  {
    "name": "Require(12) node_modules/egg-view/config/config.default.js",
    "start": 1613111612119,
    "end": 1613111612120,
    "duration": 1,
    "pid": 21740,
    "index": 16
  },
  {
    "name": "Require(13) node_modules/egg-mysql/config/config.default.js",
    "start": 1613111612121,
    "end": 1613111612121,
    "duration": 0,
    "pid": 21740,
    "index": 17
  },
  {
    "name": "Require(14) node_modules/egg-cors/config/config.default.js",
    "start": 1613111612122,
    "end": 1613111612122,
    "duration": 0,
    "pid": 21740,
    "index": 18
  },
  {
    "name": "Require(15) node_modules/egg/config/config.default.js",
    "start": 1613111612123,
    "end": 1613111612123,
    "duration": 0,
    "pid": 21740,
    "index": 19
  },
  {
    "name": "Require(16) config/config.default.js",
    "start": 1613111612124,
    "end": 1613111612124,
    "duration": 0,
    "pid": 21740,
    "index": 20
  },
  {
    "name": "Require(17) node_modules/egg-security/config/config.local.js",
    "start": 1613111612125,
    "end": 1613111612125,
    "duration": 0,
    "pid": 21740,
    "index": 21
  },
  {
    "name": "Require(18) node_modules/egg-watcher/config/config.local.js",
    "start": 1613111612126,
    "end": 1613111612127,
    "duration": 1,
    "pid": 21740,
    "index": 22
  },
  {
    "name": "Require(19) node_modules/egg-view/config/config.local.js",
    "start": 1613111612128,
    "end": 1613111612128,
    "duration": 0,
    "pid": 21740,
    "index": 23
  },
  {
    "name": "Require(20) node_modules/egg/config/config.local.js",
    "start": 1613111612129,
    "end": 1613111612130,
    "duration": 1,
    "pid": 21740,
    "index": 24
  },
  {
    "name": "Load extend/application.js",
    "start": 1613111612131,
    "end": 1613111612152,
    "duration": 21,
    "pid": 21740,
    "index": 25
  },
  {
    "name": "Require(21) node_modules/egg-session/app/extend/application.js",
    "start": 1613111612131,
    "end": 1613111612132,
    "duration": 1,
    "pid": 21740,
    "index": 26
  },
  {
    "name": "Require(22) node_modules/egg-security/app/extend/application.js",
    "start": 1613111612132,
    "end": 1613111612133,
    "duration": 1,
    "pid": 21740,
    "index": 27
  },
  {
    "name": "Require(23) node_modules/egg-jsonp/app/extend/application.js",
    "start": 1613111612134,
    "end": 1613111612135,
    "duration": 1,
    "pid": 21740,
    "index": 28
  },
  {
    "name": "Require(24) node_modules/egg-logrotator/app/extend/application.js",
    "start": 1613111612139,
    "end": 1613111612146,
    "duration": 7,
    "pid": 21740,
    "index": 29
  },
  {
    "name": "Require(25) node_modules/egg-view/app/extend/application.js",
    "start": 1613111612146,
    "end": 1613111612148,
    "duration": 2,
    "pid": 21740,
    "index": 30
  },
  {
    "name": "Load extend/request.js",
    "start": 1613111612152,
    "end": 1613111612160,
    "duration": 8,
    "pid": 21740,
    "index": 31
  },
  {
    "name": "Require(26) node_modules/egg/app/extend/request.js",
    "start": 1613111612156,
    "end": 1613111612157,
    "duration": 1,
    "pid": 21740,
    "index": 32
  },
  {
    "name": "Load extend/response.js",
    "start": 1613111612161,
    "end": 1613111612169,
    "duration": 8,
    "pid": 21740,
    "index": 33
  },
  {
    "name": "Require(27) node_modules/egg/app/extend/response.js",
    "start": 1613111612164,
    "end": 1613111612166,
    "duration": 2,
    "pid": 21740,
    "index": 34
  },
  {
    "name": "Load extend/context.js",
    "start": 1613111612169,
    "end": 1613111612268,
    "duration": 99,
    "pid": 21740,
    "index": 35
  },
  {
    "name": "Require(28) node_modules/egg-security/app/extend/context.js",
    "start": 1613111612171,
    "end": 1613111612186,
    "duration": 15,
    "pid": 21740,
    "index": 36
  },
  {
    "name": "Require(29) node_modules/egg-jsonp/app/extend/context.js",
    "start": 1613111612186,
    "end": 1613111612187,
    "duration": 1,
    "pid": 21740,
    "index": 37
  },
  {
    "name": "Require(30) node_modules/egg-i18n/app/extend/context.js",
    "start": 1613111612188,
    "end": 1613111612189,
    "duration": 1,
    "pid": 21740,
    "index": 38
  },
  {
    "name": "Require(31) node_modules/egg-multipart/app/extend/context.js",
    "start": 1613111612190,
    "end": 1613111612248,
    "duration": 58,
    "pid": 21740,
    "index": 39
  },
  {
    "name": "Require(32) node_modules/egg-view/app/extend/context.js",
    "start": 1613111612252,
    "end": 1613111612257,
    "duration": 5,
    "pid": 21740,
    "index": 40
  },
  {
    "name": "Require(33) node_modules/egg/app/extend/context.js",
    "start": 1613111612260,
    "end": 1613111612264,
    "duration": 4,
    "pid": 21740,
    "index": 41
  },
  {
    "name": "Load extend/helper.js",
    "start": 1613111612269,
    "end": 1613111612294,
    "duration": 25,
    "pid": 21740,
    "index": 42
  },
  {
    "name": "Require(34) node_modules/egg-security/app/extend/helper.js",
    "start": 1613111612269,
    "end": 1613111612286,
    "duration": 17,
    "pid": 21740,
    "index": 43
  },
  {
    "name": "Require(35) node_modules/egg/app/extend/helper.js",
    "start": 1613111612290,
    "end": 1613111612291,
    "duration": 1,
    "pid": 21740,
    "index": 44
  },
  {
    "name": "Load app.js",
    "start": 1613111612295,
    "end": 1613111612344,
    "duration": 49,
    "pid": 21740,
    "index": 45
  },
  {
    "name": "Require(36) node_modules/egg-session/app.js",
    "start": 1613111612295,
    "end": 1613111612295,
    "duration": 0,
    "pid": 21740,
    "index": 46
  },
  {
    "name": "Require(37) node_modules/egg-security/app.js",
    "start": 1613111612296,
    "end": 1613111612297,
    "duration": 1,
    "pid": 21740,
    "index": 47
  },
  {
    "name": "Require(38) node_modules/egg-onerror/app.js",
    "start": 1613111612298,
    "end": 1613111612308,
    "duration": 10,
    "pid": 21740,
    "index": 48
  },
  {
    "name": "Require(39) node_modules/egg-i18n/app.js",
    "start": 1613111612308,
    "end": 1613111612318,
    "duration": 10,
    "pid": 21740,
    "index": 49
  },
  {
    "name": "Require(40) node_modules/egg-watcher/app.js",
    "start": 1613111612319,
    "end": 1613111612323,
    "duration": 4,
    "pid": 21740,
    "index": 50
  },
  {
    "name": "Require(41) node_modules/egg-schedule/app.js",
    "start": 1613111612323,
    "end": 1613111612324,
    "duration": 1,
    "pid": 21740,
    "index": 51
  },
  {
    "name": "Require(42) node_modules/egg-multipart/app.js",
    "start": 1613111612325,
    "end": 1613111612325,
    "duration": 0,
    "pid": 21740,
    "index": 52
  },
  {
    "name": "Require(43) node_modules/egg-development/app.js",
    "start": 1613111612326,
    "end": 1613111612327,
    "duration": 1,
    "pid": 21740,
    "index": 53
  },
  {
    "name": "Require(44) node_modules/egg-logrotator/app.js",
    "start": 1613111612327,
    "end": 1613111612327,
    "duration": 0,
    "pid": 21740,
    "index": 54
  },
  {
    "name": "Require(45) node_modules/egg-static/app.js",
    "start": 1613111612328,
    "end": 1613111612328,
    "duration": 0,
    "pid": 21740,
    "index": 55
  },
  {
    "name": "Require(46) node_modules/egg-mysql/app.js",
    "start": 1613111612329,
    "end": 1613111612342,
    "duration": 13,
    "pid": 21740,
    "index": 56
  },
  {
    "name": "Require(47) node_modules/egg-cors/app.js",
    "start": 1613111612342,
    "end": 1613111612343,
    "duration": 1,
    "pid": 21740,
    "index": 57
  },
  {
    "name": "Before Start in node_modules/egg-watcher/lib/init.js:15:14",
    "start": 1613111612356,
    "end": 1613111612631,
    "duration": 275,
    "pid": 21740,
    "index": 58
  },
  {
    "name": "Before Start in node_modules/egg-mysql/lib/mysql.js:20:7",
    "start": 1613111612449,
    "end": 1613111612774,
    "duration": 325,
    "pid": 21740,
    "index": 59
  },
  {
    "name": "Load Service",
    "start": 1613111612449,
    "end": 1613111612455,
    "duration": 6,
    "pid": 21740,
    "index": 60
  },
  {
    "name": "Load \"service\" to Context",
    "start": 1613111612449,
    "end": 1613111612455,
    "duration": 6,
    "pid": 21740,
    "index": 61
  },
  {
    "name": "Load Middleware",
    "start": 1613111612456,
    "end": 1613111612605,
    "duration": 149,
    "pid": 21740,
    "index": 62
  },
  {
    "name": "Load \"middlewares\" to Application",
    "start": 1613111612456,
    "end": 1613111612591,
    "duration": 135,
    "pid": 21740,
    "index": 63
  },
  {
    "name": "Load Controller",
    "start": 1613111612605,
    "end": 1613111612609,
    "duration": 4,
    "pid": 21740,
    "index": 64
  },
  {
    "name": "Load \"controller\" to Application",
    "start": 1613111612605,
    "end": 1613111612609,
    "duration": 4,
    "pid": 21740,
    "index": 65
  },
  {
    "name": "Load Router",
    "start": 1613111612609,
    "end": 1613111612613,
    "duration": 4,
    "pid": 21740,
    "index": 66
  },
  {
    "name": "Require(48) app/router.js",
    "start": 1613111612609,
    "end": 1613111612609,
    "duration": 0,
    "pid": 21740,
    "index": 67
  },
  {
    "name": "Before Start in node_modules/egg-core/lib/egg.js:303:10",
    "start": 1613111612610,
    "end": 1613111612624,
    "duration": 14,
    "pid": 21740,
    "index": 68
  }
]