[
  {
    "name": "Process Start",
    "start": 1613034444270,
    "end": 1613034445429,
    "duration": 1159,
    "pid": 9056,
    "index": 0
  },
  {
    "name": "Application Start",
    "start": 1613034445430,
    "end": 1613034446545,
    "duration": 1115,
    "pid": 9056,
    "index": 1
  },
  {
    "name": "Load Plugin",
    "start": 1613034445441,
    "end": 1613034445474,
    "duration": 33,
    "pid": 9056,
    "index": 2
  },
  {
    "name": "Load Config",
    "start": 1613034445474,
    "end": 1613034445499,
    "duration": 25,
    "pid": 9056,
    "index": 3
  },
  {
    "name": "Require(0) config/config.default.js",
    "start": 1613034445475,
    "end": 1613034445475,
    "duration": 0,
    "pid": 9056,
    "index": 4
  },
  {
    "name": "Require(1) node_modules/egg-session/config/config.default.js",
    "start": 1613034445477,
    "end": 1613034445477,
    "duration": 0,
    "pid": 9056,
    "index": 5
  },
  {
    "name": "Require(2) node_modules/egg-security/config/config.default.js",
    "start": 1613034445478,
    "end": 1613034445478,
    "duration": 0,
    "pid": 9056,
    "index": 6
  },
  {
    "name": "Require(3) node_modules/egg-jsonp/config/config.default.js",
    "start": 1613034445479,
    "end": 1613034445480,
    "duration": 1,
    "pid": 9056,
    "index": 7
  },
  {
    "name": "Require(4) node_modules/egg-onerror/config/config.default.js",
    "start": 1613034445480,
    "end": 1613034445481,
    "duration": 1,
    "pid": 9056,
    "index": 8
  },
  {
    "name": "Require(5) node_modules/egg-i18n/config/config.default.js",
    "start": 1613034445481,
    "end": 1613034445482,
    "duration": 1,
    "pid": 9056,
    "index": 9
  },
  {
    "name": "Require(6) node_modules/egg-watcher/config/config.default.js",
    "start": 1613034445483,
    "end": 1613034445483,
    "duration": 0,
    "pid": 9056,
    "index": 10
  },
  {
    "name": "Require(7) node_modules/egg-schedule/config/config.default.js",
    "start": 1613034445484,
    "end": 1613034445484,
    "duration": 0,
    "pid": 9056,
    "index": 11
  },
  {
    "name": "Require(8) node_modules/egg-multipart/config/config.default.js",
    "start": 1613034445485,
    "end": 1613034445485,
    "duration": 0,
    "pid": 9056,
    "index": 12
  },
  {
    "name": "Require(9) node_modules/egg-development/config/config.default.js",
    "start": 1613034445486,
    "end": 1613034445486,
    "duration": 0,
    "pid": 9056,
    "index": 13
  },
  {
    "name": "Require(10) node_modules/egg-logrotator/config/config.default.js",
    "start": 1613034445487,
    "end": 1613034445487,
    "duration": 0,
    "pid": 9056,
    "index": 14
  },
  {
    "name": "Require(11) node_modules/egg-static/config/config.default.js",
    "start": 1613034445488,
    "end": 1613034445488,
    "duration": 0,
    "pid": 9056,
    "index": 15
  },
  {
    "name": "Require(12) node_modules/egg-view/config/config.default.js",
    "start": 1613034445489,
    "end": 1613034445489,
    "duration": 0,
    "pid": 9056,
    "index": 16
  },
  {
    "name": "Require(13) node_modules/egg-mysql/config/config.default.js",
    "start": 1613034445490,
    "end": 1613034445490,
    "duration": 0,
    "pid": 9056,
    "index": 17
  },
  {
    "name": "Require(14) node_modules/egg-cors/config/config.default.js",
    "start": 1613034445491,
    "end": 1613034445491,
    "duration": 0,
    "pid": 9056,
    "index": 18
  },
  {
    "name": "Require(15) node_modules/egg/config/config.default.js",
    "start": 1613034445492,
    "end": 1613034445492,
    "duration": 0,
    "pid": 9056,
    "index": 19
  },
  {
    "name": "Require(16) config/config.default.js",
    "start": 1613034445494,
    "end": 1613034445494,
    "duration": 0,
    "pid": 9056,
    "index": 20
  },
  {
    "name": "Require(17) node_modules/egg-security/config/config.local.js",
    "start": 1613034445494,
    "end": 1613034445495,
    "duration": 1,
    "pid": 9056,
    "index": 21
  },
  {
    "name": "Require(18) node_modules/egg-watcher/config/config.local.js",
    "start": 1613034445496,
    "end": 1613034445496,
    "duration": 0,
    "pid": 9056,
    "index": 22
  },
  {
    "name": "Require(19) node_modules/egg-view/config/config.local.js",
    "start": 1613034445498,
    "end": 1613034445498,
    "duration": 0,
    "pid": 9056,
    "index": 23
  },
  {
    "name": "Require(20) node_modules/egg/config/config.local.js",
    "start": 1613034445499,
    "end": 1613034445499,
    "duration": 0,
    "pid": 9056,
    "index": 24
  },
  {
    "name": "Load extend/application.js",
    "start": 1613034445500,
    "end": 1613034445523,
    "duration": 23,
    "pid": 9056,
    "index": 25
  },
  {
    "name": "Require(21) node_modules/egg-session/app/extend/application.js",
    "start": 1613034445501,
    "end": 1613034445502,
    "duration": 1,
    "pid": 9056,
    "index": 26
  },
  {
    "name": "Require(22) node_modules/egg-security/app/extend/application.js",
    "start": 1613034445502,
    "end": 1613034445503,
    "duration": 1,
    "pid": 9056,
    "index": 27
  },
  {
    "name": "Require(23) node_modules/egg-jsonp/app/extend/application.js",
    "start": 1613034445504,
    "end": 1613034445506,
    "duration": 2,
    "pid": 9056,
    "index": 28
  },
  {
    "name": "Require(24) node_modules/egg-logrotator/app/extend/application.js",
    "start": 1613034445509,
    "end": 1613034445516,
    "duration": 7,
    "pid": 9056,
    "index": 29
  },
  {
    "name": "Require(25) node_modules/egg-view/app/extend/application.js",
    "start": 1613034445517,
    "end": 1613034445519,
    "duration": 2,
    "pid": 9056,
    "index": 30
  },
  {
    "name": "Load extend/request.js",
    "start": 1613034445523,
    "end": 1613034445533,
    "duration": 10,
    "pid": 9056,
    "index": 31
  },
  {
    "name": "Require(26) node_modules/egg/app/extend/request.js",
    "start": 1613034445528,
    "end": 1613034445529,
    "duration": 1,
    "pid": 9056,
    "index": 32
  },
  {
    "name": "Load extend/response.js",
    "start": 1613034445533,
    "end": 1613034445542,
    "duration": 9,
    "pid": 9056,
    "index": 33
  },
  {
    "name": "Require(27) node_modules/egg/app/extend/response.js",
    "start": 1613034445536,
    "end": 1613034445538,
    "duration": 2,
    "pid": 9056,
    "index": 34
  },
  {
    "name": "Load extend/context.js",
    "start": 1613034445542,
    "end": 1613034445628,
    "duration": 86,
    "pid": 9056,
    "index": 35
  },
  {
    "name": "Require(28) node_modules/egg-security/app/extend/context.js",
    "start": 1613034445544,
    "end": 1613034445563,
    "duration": 19,
    "pid": 9056,
    "index": 36
  },
  {
    "name": "Require(29) node_modules/egg-jsonp/app/extend/context.js",
    "start": 1613034445564,
    "end": 1613034445565,
    "duration": 1,
    "pid": 9056,
    "index": 37
  },
  {
    "name": "Require(30) node_modules/egg-i18n/app/extend/context.js",
    "start": 1613034445566,
    "end": 1613034445567,
    "duration": 1,
    "pid": 9056,
    "index": 38
  },
  {
    "name": "Require(31) node_modules/egg-multipart/app/extend/context.js",
    "start": 1613034445568,
    "end": 1613034445621,
    "duration": 53,
    "pid": 9056,
    "index": 39
  },
  {
    "name": "Require(32) node_modules/egg-view/app/extend/context.js",
    "start": 1613034445622,
    "end": 1613034445623,
    "duration": 1,
    "pid": 9056,
    "index": 40
  },
  {
    "name": "Require(33) node_modules/egg/app/extend/context.js",
    "start": 1613034445623,
    "end": 1613034445625,
    "duration": 2,
    "pid": 9056,
    "index": 41
  },
  {
    "name": "Load extend/helper.js",
    "start": 1613034445629,
    "end": 1613034445655,
    "duration": 26,
    "pid": 9056,
    "index": 42
  },
  {
    "name": "Require(34) node_modules/egg-security/app/extend/helper.js",
    "start": 1613034445629,
    "end": 1613034445646,
    "duration": 17,
    "pid": 9056,
    "index": 43
  },
  {
    "name": "Require(35) node_modules/egg/app/extend/helper.js",
    "start": 1613034445650,
    "end": 1613034445651,
    "duration": 1,
    "pid": 9056,
    "index": 44
  },
  {
    "name": "Load app.js",
    "start": 1613034445655,
    "end": 1613034445733,
    "duration": 78,
    "pid": 9056,
    "index": 45
  },
  {
    "name": "Require(36) node_modules/egg-session/app.js",
    "start": 1613034445656,
    "end": 1613034445656,
    "duration": 0,
    "pid": 9056,
    "index": 46
  },
  {
    "name": "Require(37) node_modules/egg-security/app.js",
    "start": 1613034445657,
    "end": 1613034445658,
    "duration": 1,
    "pid": 9056,
    "index": 47
  },
  {
    "name": "Require(38) node_modules/egg-onerror/app.js",
    "start": 1613034445659,
    "end": 1613034445668,
    "duration": 9,
    "pid": 9056,
    "index": 48
  },
  {
    "name": "Require(39) node_modules/egg-i18n/app.js",
    "start": 1613034445669,
    "end": 1613034445705,
    "duration": 36,
    "pid": 9056,
    "index": 49
  },
  {
    "name": "Require(40) node_modules/egg-watcher/app.js",
    "start": 1613034445705,
    "end": 1613034445709,
    "duration": 4,
    "pid": 9056,
    "index": 50
  },
  {
    "name": "Require(41) node_modules/egg-schedule/app.js",
    "start": 1613034445709,
    "end": 1613034445711,
    "duration": 2,
    "pid": 9056,
    "index": 51
  },
  {
    "name": "Require(42) node_modules/egg-multipart/app.js",
    "start": 1613034445711,
    "end": 1613034445712,
    "duration": 1,
    "pid": 9056,
    "index": 52
  },
  {
    "name": "Require(43) node_modules/egg-development/app.js",
    "start": 1613034445712,
    "end": 1613034445713,
    "duration": 1,
    "pid": 9056,
    "index": 53
  },
  {
    "name": "Require(44) node_modules/egg-logrotator/app.js",
    "start": 1613034445713,
    "end": 1613034445713,
    "duration": 0,
    "pid": 9056,
    "index": 54
  },
  {
    "name": "Require(45) node_modules/egg-static/app.js",
    "start": 1613034445714,
    "end": 1613034445714,
    "duration": 0,
    "pid": 9056,
    "index": 55
  },
  {
    "name": "Require(46) node_modules/egg-mysql/app.js",
    "start": 1613034445715,
    "end": 1613034445731,
    "duration": 16,
    "pid": 9056,
    "index": 56
  },
  {
    "name": "Require(47) node_modules/egg-cors/app.js",
    "start": 1613034445731,
    "end": 1613034445731,
    "duration": 0,
    "pid": 9056,
    "index": 57
  },
  {
    "name": "Before Start in node_modules/egg-watcher/lib/init.js:15:14",
    "start": 1613034445741,
    "end": 1613034446009,
    "duration": 268,
    "pid": 9056,
    "index": 58
  },
  {
    "name": "Before Start in node_modules/egg-mysql/lib/mysql.js:20:7",
    "start": 1613034445834,
    "end": 1613034446545,
    "duration": 711,
    "pid": 9056,
    "index": 59
  },
  {
    "name": "Load Service",
    "start": 1613034445834,
    "end": 1613034445839,
    "duration": 5,
    "pid": 9056,
    "index": 60
  },
  {
    "name": "Load \"service\" to Context",
    "start": 1613034445834,
    "end": 1613034445839,
    "duration": 5,
    "pid": 9056,
    "index": 61
  },
  {
    "name": "Load Middleware",
    "start": 1613034445839,
    "end": 1613034445980,
    "duration": 141,
    "pid": 9056,
    "index": 62
  },
  {
    "name": "Load \"middlewares\" to Application",
    "start": 1613034445839,
    "end": 1613034445967,
    "duration": 128,
    "pid": 9056,
    "index": 63
  },
  {
    "name": "Load Controller",
    "start": 1613034445980,
    "end": 1613034445985,
    "duration": 5,
    "pid": 9056,
    "index": 64
  },
  {
    "name": "Load \"controller\" to Application",
    "start": 1613034445980,
    "end": 1613034445985,
    "duration": 5,
    "pid": 9056,
    "index": 65
  },
  {
    "name": "Load Router",
    "start": 1613034445985,
    "end": 1613034445989,
    "duration": 4,
    "pid": 9056,
    "index": 66
  },
  {
    "name": "Require(48) app/router.js",
    "start": 1613034445986,
    "end": 1613034445986,
    "duration": 0,
    "pid": 9056,
    "index": 67
  },
  {
    "name": "Before Start in node_modules/egg-core/lib/egg.js:303:10",
    "start": 1613034445987,
    "end": 1613034446001,
    "duration": 14,
    "pid": 9056,
    "index": 68
  }
]