[
  {
    "name": "Process Start",
    "start": 1613112594385,
    "end": 1613112595711,
    "duration": 1326,
    "pid": 22688,
    "index": 0
  },
  {
    "name": "Application Start",
    "start": 1613112595712,
    "end": 1613112596454,
    "duration": 742,
    "pid": 22688,
    "index": 1
  },
  {
    "name": "Load Plugin",
    "start": 1613112595719,
    "end": 1613112595741,
    "duration": 22,
    "pid": 22688,
    "index": 2
  },
  {
    "name": "Load Config",
    "start": 1613112595741,
    "end": 1613112595768,
    "duration": 27,
    "pid": 22688,
    "index": 3
  },
  {
    "name": "Require(0) config/config.default.js",
    "start": 1613112595741,
    "end": 1613112595742,
    "duration": 1,
    "pid": 22688,
    "index": 4
  },
  {
    "name": "Require(1) node_modules/egg-session/config/config.default.js",
    "start": 1613112595744,
    "end": 1613112595744,
    "duration": 0,
    "pid": 22688,
    "index": 5
  },
  {
    "name": "Require(2) node_modules/egg-security/config/config.default.js",
    "start": 1613112595745,
    "end": 1613112595745,
    "duration": 0,
    "pid": 22688,
    "index": 6
  },
  {
    "name": "Require(3) node_modules/egg-jsonp/config/config.default.js",
    "start": 1613112595746,
    "end": 1613112595747,
    "duration": 1,
    "pid": 22688,
    "index": 7
  },
  {
    "name": "Require(4) node_modules/egg-onerror/config/config.default.js",
    "start": 1613112595747,
    "end": 1613112595748,
    "duration": 1,
    "pid": 22688,
    "index": 8
  },
  {
    "name": "Require(5) node_modules/egg-i18n/config/config.default.js",
    "start": 1613112595748,
    "end": 1613112595749,
    "duration": 1,
    "pid": 22688,
    "index": 9
  },
  {
    "name": "Require(6) node_modules/egg-watcher/config/config.default.js",
    "start": 1613112595749,
    "end": 1613112595750,
    "duration": 1,
    "pid": 22688,
    "index": 10
  },
  {
    "name": "Require(7) node_modules/egg-schedule/config/config.default.js",
    "start": 1613112595750,
    "end": 1613112595751,
    "duration": 1,
    "pid": 22688,
    "index": 11
  },
  {
    "name": "Require(8) node_modules/egg-multipart/config/config.default.js",
    "start": 1613112595752,
    "end": 1613112595752,
    "duration": 0,
    "pid": 22688,
    "index": 12
  },
  {
    "name": "Require(9) node_modules/egg-development/config/config.default.js",
    "start": 1613112595753,
    "end": 1613112595753,
    "duration": 0,
    "pid": 22688,
    "index": 13
  },
  {
    "name": "Require(10) node_modules/egg-logrotator/config/config.default.js",
    "start": 1613112595754,
    "end": 1613112595755,
    "duration": 1,
    "pid": 22688,
    "index": 14
  },
  {
    "name": "Require(11) node_modules/egg-static/config/config.default.js",
    "start": 1613112595755,
    "end": 1613112595756,
    "duration": 1,
    "pid": 22688,
    "index": 15
  },
  {
    "name": "Require(12) node_modules/egg-view/config/config.default.js",
    "start": 1613112595757,
    "end": 1613112595757,
    "duration": 0,
    "pid": 22688,
    "index": 16
  },
  {
    "name": "Require(13) node_modules/egg-mysql/config/config.default.js",
    "start": 1613112595758,
    "end": 1613112595758,
    "duration": 0,
    "pid": 22688,
    "index": 17
  },
  {
    "name": "Require(14) node_modules/egg-cors/config/config.default.js",
    "start": 1613112595758,
    "end": 1613112595759,
    "duration": 1,
    "pid": 22688,
    "index": 18
  },
  {
    "name": "Require(15) node_modules/egg/config/config.default.js",
    "start": 1613112595760,
    "end": 1613112595761,
    "duration": 1,
    "pid": 22688,
    "index": 19
  },
  {
    "name": "Require(16) config/config.default.js",
    "start": 1613112595762,
    "end": 1613112595762,
    "duration": 0,
    "pid": 22688,
    "index": 20
  },
  {
    "name": "Require(17) node_modules/egg-security/config/config.local.js",
    "start": 1613112595763,
    "end": 1613112595763,
    "duration": 0,
    "pid": 22688,
    "index": 21
  },
  {
    "name": "Require(18) node_modules/egg-watcher/config/config.local.js",
    "start": 1613112595764,
    "end": 1613112595764,
    "duration": 0,
    "pid": 22688,
    "index": 22
  },
  {
    "name": "Require(19) node_modules/egg-view/config/config.local.js",
    "start": 1613112595766,
    "end": 1613112595766,
    "duration": 0,
    "pid": 22688,
    "index": 23
  },
  {
    "name": "Require(20) node_modules/egg/config/config.local.js",
    "start": 1613112595767,
    "end": 1613112595767,
    "duration": 0,
    "pid": 22688,
    "index": 24
  },
  {
    "name": "Load extend/application.js",
    "start": 1613112595769,
    "end": 1613112595791,
    "duration": 22,
    "pid": 22688,
    "index": 25
  },
  {
    "name": "Require(21) node_modules/egg-session/app/extend/application.js",
    "start": 1613112595769,
    "end": 1613112595770,
    "duration": 1,
    "pid": 22688,
    "index": 26
  },
  {
    "name": "Require(22) node_modules/egg-security/app/extend/application.js",
    "start": 1613112595770,
    "end": 1613112595772,
    "duration": 2,
    "pid": 22688,
    "index": 27
  },
  {
    "name": "Require(23) node_modules/egg-jsonp/app/extend/application.js",
    "start": 1613112595772,
    "end": 1613112595774,
    "duration": 2,
    "pid": 22688,
    "index": 28
  },
  {
    "name": "Require(24) node_modules/egg-logrotator/app/extend/application.js",
    "start": 1613112595776,
    "end": 1613112595785,
    "duration": 9,
    "pid": 22688,
    "index": 29
  },
  {
    "name": "Require(25) node_modules/egg-view/app/extend/application.js",
    "start": 1613112595785,
    "end": 1613112595787,
    "duration": 2,
    "pid": 22688,
    "index": 30
  },
  {
    "name": "Load extend/request.js",
    "start": 1613112595791,
    "end": 1613112595802,
    "duration": 11,
    "pid": 22688,
    "index": 31
  },
  {
    "name": "Require(26) node_modules/egg/app/extend/request.js",
    "start": 1613112595795,
    "end": 1613112595797,
    "duration": 2,
    "pid": 22688,
    "index": 32
  },
  {
    "name": "Load extend/response.js",
    "start": 1613112595802,
    "end": 1613112595822,
    "duration": 20,
    "pid": 22688,
    "index": 33
  },
  {
    "name": "Require(27) node_modules/egg/app/extend/response.js",
    "start": 1613112595807,
    "end": 1613112595810,
    "duration": 3,
    "pid": 22688,
    "index": 34
  },
  {
    "name": "Load extend/context.js",
    "start": 1613112595822,
    "end": 1613112595900,
    "duration": 78,
    "pid": 22688,
    "index": 35
  },
  {
    "name": "Require(28) node_modules/egg-security/app/extend/context.js",
    "start": 1613112595825,
    "end": 1613112595845,
    "duration": 20,
    "pid": 22688,
    "index": 36
  },
  {
    "name": "Require(29) node_modules/egg-jsonp/app/extend/context.js",
    "start": 1613112595845,
    "end": 1613112595847,
    "duration": 2,
    "pid": 22688,
    "index": 37
  },
  {
    "name": "Require(30) node_modules/egg-i18n/app/extend/context.js",
    "start": 1613112595847,
    "end": 1613112595848,
    "duration": 1,
    "pid": 22688,
    "index": 38
  },
  {
    "name": "Require(31) node_modules/egg-multipart/app/extend/context.js",
    "start": 1613112595849,
    "end": 1613112595893,
    "duration": 44,
    "pid": 22688,
    "index": 39
  },
  {
    "name": "Require(32) node_modules/egg-view/app/extend/context.js",
    "start": 1613112595894,
    "end": 1613112595895,
    "duration": 1,
    "pid": 22688,
    "index": 40
  },
  {
    "name": "Require(33) node_modules/egg/app/extend/context.js",
    "start": 1613112595895,
    "end": 1613112595896,
    "duration": 1,
    "pid": 22688,
    "index": 41
  },
  {
    "name": "Load extend/helper.js",
    "start": 1613112595900,
    "end": 1613112595925,
    "duration": 25,
    "pid": 22688,
    "index": 42
  },
  {
    "name": "Require(34) node_modules/egg-security/app/extend/helper.js",
    "start": 1613112595900,
    "end": 1613112595917,
    "duration": 17,
    "pid": 22688,
    "index": 43
  },
  {
    "name": "Require(35) node_modules/egg/app/extend/helper.js",
    "start": 1613112595922,
    "end": 1613112595922,
    "duration": 0,
    "pid": 22688,
    "index": 44
  },
  {
    "name": "Load app.js",
    "start": 1613112595926,
    "end": 1613112595973,
    "duration": 47,
    "pid": 22688,
    "index": 45
  },
  {
    "name": "Require(36) node_modules/egg-session/app.js",
    "start": 1613112595926,
    "end": 1613112595927,
    "duration": 1,
    "pid": 22688,
    "index": 46
  },
  {
    "name": "Require(37) node_modules/egg-security/app.js",
    "start": 1613112595927,
    "end": 1613112595929,
    "duration": 2,
    "pid": 22688,
    "index": 47
  },
  {
    "name": "Require(38) node_modules/egg-onerror/app.js",
    "start": 1613112595929,
    "end": 1613112595938,
    "duration": 9,
    "pid": 22688,
    "index": 48
  },
  {
    "name": "Require(39) node_modules/egg-i18n/app.js",
    "start": 1613112595939,
    "end": 1613112595949,
    "duration": 10,
    "pid": 22688,
    "index": 49
  },
  {
    "name": "Require(40) node_modules/egg-watcher/app.js",
    "start": 1613112595949,
    "end": 1613112595952,
    "duration": 3,
    "pid": 22688,
    "index": 50
  },
  {
    "name": "Require(41) node_modules/egg-schedule/app.js",
    "start": 1613112595953,
    "end": 1613112595954,
    "duration": 1,
    "pid": 22688,
    "index": 51
  },
  {
    "name": "Require(42) node_modules/egg-multipart/app.js",
    "start": 1613112595955,
    "end": 1613112595955,
    "duration": 0,
    "pid": 22688,
    "index": 52
  },
  {
    "name": "Require(43) node_modules/egg-development/app.js",
    "start": 1613112595956,
    "end": 1613112595956,
    "duration": 0,
    "pid": 22688,
    "index": 53
  },
  {
    "name": "Require(44) node_modules/egg-logrotator/app.js",
    "start": 1613112595956,
    "end": 1613112595956,
    "duration": 0,
    "pid": 22688,
    "index": 54
  },
  {
    "name": "Require(45) node_modules/egg-static/app.js",
    "start": 1613112595957,
    "end": 1613112595957,
    "duration": 0,
    "pid": 22688,
    "index": 55
  },
  {
    "name": "Require(46) node_modules/egg-mysql/app.js",
    "start": 1613112595958,
    "end": 1613112595971,
    "duration": 13,
    "pid": 22688,
    "index": 56
  },
  {
    "name": "Require(47) node_modules/egg-cors/app.js",
    "start": 1613112595971,
    "end": 1613112595971,
    "duration": 0,
    "pid": 22688,
    "index": 57
  },
  {
    "name": "Before Start in node_modules/egg-watcher/lib/init.js:15:14",
    "start": 1613112595985,
    "end": 1613112596261,
    "duration": 276,
    "pid": 22688,
    "index": 58
  },
  {
    "name": "Before Start in node_modules/egg-mysql/lib/mysql.js:20:7",
    "start": 1613112596097,
    "end": 1613112596453,
    "duration": 356,
    "pid": 22688,
    "index": 59
  },
  {
    "name": "Load Service",
    "start": 1613112596098,
    "end": 1613112596104,
    "duration": 6,
    "pid": 22688,
    "index": 60
  },
  {
    "name": "Load \"service\" to Context",
    "start": 1613112596098,
    "end": 1613112596104,
    "duration": 6,
    "pid": 22688,
    "index": 61
  },
  {
    "name": "Load Middleware",
    "start": 1613112596105,
    "end": 1613112596233,
    "duration": 128,
    "pid": 22688,
    "index": 62
  },
  {
    "name": "Load \"middlewares\" to Application",
    "start": 1613112596105,
    "end": 1613112596219,
    "duration": 114,
    "pid": 22688,
    "index": 63
  },
  {
    "name": "Load Controller",
    "start": 1613112596234,
    "end": 1613112596237,
    "duration": 3,
    "pid": 22688,
    "index": 64
  },
  {
    "name": "Load \"controller\" to Application",
    "start": 1613112596234,
    "end": 1613112596237,
    "duration": 3,
    "pid": 22688,
    "index": 65
  },
  {
    "name": "Load Router",
    "start": 1613112596237,
    "end": 1613112596242,
    "duration": 5,
    "pid": 22688,
    "index": 66
  },
  {
    "name": "Require(48) app/router.js",
    "start": 1613112596238,
    "end": 1613112596238,
    "duration": 0,
    "pid": 22688,
    "index": 67
  },
  {
    "name": "Before Start in node_modules/egg-core/lib/egg.js:303:10",
    "start": 1613112596239,
    "end": 1613112596253,
    "duration": 14,
    "pid": 22688,
    "index": 68
  }
]