[
  {
    "name": "Process Start",
    "start": 1613114451634,
    "end": 1613114452880,
    "duration": 1246,
    "pid": 20900,
    "index": 0
  },
  {
    "name": "Application Start",
    "start": 1613114452880,
    "end": 1613114453617,
    "duration": 737,
    "pid": 20900,
    "index": 1
  },
  {
    "name": "Load Plugin",
    "start": 1613114452888,
    "end": 1613114452930,
    "duration": 42,
    "pid": 20900,
    "index": 2
  },
  {
    "name": "Load Config",
    "start": 1613114452930,
    "end": 1613114452956,
    "duration": 26,
    "pid": 20900,
    "index": 3
  },
  {
    "name": "Require(0) config/config.default.js",
    "start": 1613114452931,
    "end": 1613114452931,
    "duration": 0,
    "pid": 20900,
    "index": 4
  },
  {
    "name": "Require(1) node_modules/egg-session/config/config.default.js",
    "start": 1613114452933,
    "end": 1613114452934,
    "duration": 1,
    "pid": 20900,
    "index": 5
  },
  {
    "name": "Require(2) node_modules/egg-security/config/config.default.js",
    "start": 1613114452935,
    "end": 1613114452935,
    "duration": 0,
    "pid": 20900,
    "index": 6
  },
  {
    "name": "Require(3) node_modules/egg-jsonp/config/config.default.js",
    "start": 1613114452936,
    "end": 1613114452937,
    "duration": 1,
    "pid": 20900,
    "index": 7
  },
  {
    "name": "Require(4) node_modules/egg-onerror/config/config.default.js",
    "start": 1613114452937,
    "end": 1613114452938,
    "duration": 1,
    "pid": 20900,
    "index": 8
  },
  {
    "name": "Require(5) node_modules/egg-i18n/config/config.default.js",
    "start": 1613114452938,
    "end": 1613114452939,
    "duration": 1,
    "pid": 20900,
    "index": 9
  },
  {
    "name": "Require(6) node_modules/egg-watcher/config/config.default.js",
    "start": 1613114452939,
    "end": 1613114452940,
    "duration": 1,
    "pid": 20900,
    "index": 10
  },
  {
    "name": "Require(7) node_modules/egg-schedule/config/config.default.js",
    "start": 1613114452940,
    "end": 1613114452941,
    "duration": 1,
    "pid": 20900,
    "index": 11
  },
  {
    "name": "Require(8) node_modules/egg-multipart/config/config.default.js",
    "start": 1613114452941,
    "end": 1613114452942,
    "duration": 1,
    "pid": 20900,
    "index": 12
  },
  {
    "name": "Require(9) node_modules/egg-development/config/config.default.js",
    "start": 1613114452942,
    "end": 1613114452943,
    "duration": 1,
    "pid": 20900,
    "index": 13
  },
  {
    "name": "Require(10) node_modules/egg-logrotator/config/config.default.js",
    "start": 1613114452943,
    "end": 1613114452944,
    "duration": 1,
    "pid": 20900,
    "index": 14
  },
  {
    "name": "Require(11) node_modules/egg-static/config/config.default.js",
    "start": 1613114452944,
    "end": 1613114452945,
    "duration": 1,
    "pid": 20900,
    "index": 15
  },
  {
    "name": "Require(12) node_modules/egg-view/config/config.default.js",
    "start": 1613114452945,
    "end": 1613114452946,
    "duration": 1,
    "pid": 20900,
    "index": 16
  },
  {
    "name": "Require(13) node_modules/egg-mysql/config/config.default.js",
    "start": 1613114452947,
    "end": 1613114452947,
    "duration": 0,
    "pid": 20900,
    "index": 17
  },
  {
    "name": "Require(14) node_modules/egg-cors/config/config.default.js",
    "start": 1613114452948,
    "end": 1613114452948,
    "duration": 0,
    "pid": 20900,
    "index": 18
  },
  {
    "name": "Require(15) node_modules/egg/config/config.default.js",
    "start": 1613114452948,
    "end": 1613114452949,
    "duration": 1,
    "pid": 20900,
    "index": 19
  },
  {
    "name": "Require(16) config/config.default.js",
    "start": 1613114452950,
    "end": 1613114452950,
    "duration": 0,
    "pid": 20900,
    "index": 20
  },
  {
    "name": "Require(17) node_modules/egg-security/config/config.local.js",
    "start": 1613114452951,
    "end": 1613114452951,
    "duration": 0,
    "pid": 20900,
    "index": 21
  },
  {
    "name": "Require(18) node_modules/egg-watcher/config/config.local.js",
    "start": 1613114452952,
    "end": 1613114452953,
    "duration": 1,
    "pid": 20900,
    "index": 22
  },
  {
    "name": "Require(19) node_modules/egg-view/config/config.local.js",
    "start": 1613114452954,
    "end": 1613114452955,
    "duration": 1,
    "pid": 20900,
    "index": 23
  },
  {
    "name": "Require(20) node_modules/egg/config/config.local.js",
    "start": 1613114452955,
    "end": 1613114452956,
    "duration": 1,
    "pid": 20900,
    "index": 24
  },
  {
    "name": "Load extend/application.js",
    "start": 1613114452957,
    "end": 1613114452981,
    "duration": 24,
    "pid": 20900,
    "index": 25
  },
  {
    "name": "Require(21) node_modules/egg-session/app/extend/application.js",
    "start": 1613114452958,
    "end": 1613114452958,
    "duration": 0,
    "pid": 20900,
    "index": 26
  },
  {
    "name": "Require(22) node_modules/egg-security/app/extend/application.js",
    "start": 1613114452958,
    "end": 1613114452960,
    "duration": 2,
    "pid": 20900,
    "index": 27
  },
  {
    "name": "Require(23) node_modules/egg-jsonp/app/extend/application.js",
    "start": 1613114452960,
    "end": 1613114452962,
    "duration": 2,
    "pid": 20900,
    "index": 28
  },
  {
    "name": "Require(24) node_modules/egg-logrotator/app/extend/application.js",
    "start": 1613114452964,
    "end": 1613114452974,
    "duration": 10,
    "pid": 20900,
    "index": 29
  },
  {
    "name": "Require(25) node_modules/egg-view/app/extend/application.js",
    "start": 1613114452975,
    "end": 1613114452976,
    "duration": 1,
    "pid": 20900,
    "index": 30
  },
  {
    "name": "Load extend/request.js",
    "start": 1613114452981,
    "end": 1613114452989,
    "duration": 8,
    "pid": 20900,
    "index": 31
  },
  {
    "name": "Require(26) node_modules/egg/app/extend/request.js",
    "start": 1613114452984,
    "end": 1613114452985,
    "duration": 1,
    "pid": 20900,
    "index": 32
  },
  {
    "name": "Load extend/response.js",
    "start": 1613114452989,
    "end": 1613114452999,
    "duration": 10,
    "pid": 20900,
    "index": 33
  },
  {
    "name": "Require(27) node_modules/egg/app/extend/response.js",
    "start": 1613114452992,
    "end": 1613114452995,
    "duration": 3,
    "pid": 20900,
    "index": 34
  },
  {
    "name": "Load extend/context.js",
    "start": 1613114452999,
    "end": 1613114453070,
    "duration": 71,
    "pid": 20900,
    "index": 35
  },
  {
    "name": "Require(28) node_modules/egg-security/app/extend/context.js",
    "start": 1613114453000,
    "end": 1613114453015,
    "duration": 15,
    "pid": 20900,
    "index": 36
  },
  {
    "name": "Require(29) node_modules/egg-jsonp/app/extend/context.js",
    "start": 1613114453015,
    "end": 1613114453016,
    "duration": 1,
    "pid": 20900,
    "index": 37
  },
  {
    "name": "Require(30) node_modules/egg-i18n/app/extend/context.js",
    "start": 1613114453017,
    "end": 1613114453017,
    "duration": 0,
    "pid": 20900,
    "index": 38
  },
  {
    "name": "Require(31) node_modules/egg-multipart/app/extend/context.js",
    "start": 1613114453018,
    "end": 1613114453063,
    "duration": 45,
    "pid": 20900,
    "index": 39
  },
  {
    "name": "Require(32) node_modules/egg-view/app/extend/context.js",
    "start": 1613114453064,
    "end": 1613114453065,
    "duration": 1,
    "pid": 20900,
    "index": 40
  },
  {
    "name": "Require(33) node_modules/egg/app/extend/context.js",
    "start": 1613114453066,
    "end": 1613114453067,
    "duration": 1,
    "pid": 20900,
    "index": 41
  },
  {
    "name": "Load extend/helper.js",
    "start": 1613114453071,
    "end": 1613114453097,
    "duration": 26,
    "pid": 20900,
    "index": 42
  },
  {
    "name": "Require(34) node_modules/egg-security/app/extend/helper.js",
    "start": 1613114453071,
    "end": 1613114453088,
    "duration": 17,
    "pid": 20900,
    "index": 43
  },
  {
    "name": "Require(35) node_modules/egg/app/extend/helper.js",
    "start": 1613114453092,
    "end": 1613114453093,
    "duration": 1,
    "pid": 20900,
    "index": 44
  },
  {
    "name": "Load app.js",
    "start": 1613114453098,
    "end": 1613114453146,
    "duration": 48,
    "pid": 20900,
    "index": 45
  },
  {
    "name": "Require(36) node_modules/egg-session/app.js",
    "start": 1613114453098,
    "end": 1613114453098,
    "duration": 0,
    "pid": 20900,
    "index": 46
  },
  {
    "name": "Require(37) node_modules/egg-security/app.js",
    "start": 1613114453099,
    "end": 1613114453100,
    "duration": 1,
    "pid": 20900,
    "index": 47
  },
  {
    "name": "Require(38) node_modules/egg-onerror/app.js",
    "start": 1613114453101,
    "end": 1613114453110,
    "duration": 9,
    "pid": 20900,
    "index": 48
  },
  {
    "name": "Require(39) node_modules/egg-i18n/app.js",
    "start": 1613114453111,
    "end": 1613114453120,
    "duration": 9,
    "pid": 20900,
    "index": 49
  },
  {
    "name": "Require(40) node_modules/egg-watcher/app.js",
    "start": 1613114453121,
    "end": 1613114453124,
    "duration": 3,
    "pid": 20900,
    "index": 50
  },
  {
    "name": "Require(41) node_modules/egg-schedule/app.js",
    "start": 1613114453124,
    "end": 1613114453126,
    "duration": 2,
    "pid": 20900,
    "index": 51
  },
  {
    "name": "Require(42) node_modules/egg-multipart/app.js",
    "start": 1613114453126,
    "end": 1613114453127,
    "duration": 1,
    "pid": 20900,
    "index": 52
  },
  {
    "name": "Require(43) node_modules/egg-development/app.js",
    "start": 1613114453127,
    "end": 1613114453127,
    "duration": 0,
    "pid": 20900,
    "index": 53
  },
  {
    "name": "Require(44) node_modules/egg-logrotator/app.js",
    "start": 1613114453128,
    "end": 1613114453128,
    "duration": 0,
    "pid": 20900,
    "index": 54
  },
  {
    "name": "Require(45) node_modules/egg-static/app.js",
    "start": 1613114453128,
    "end": 1613114453129,
    "duration": 1,
    "pid": 20900,
    "index": 55
  },
  {
    "name": "Require(46) node_modules/egg-mysql/app.js",
    "start": 1613114453129,
    "end": 1613114453144,
    "duration": 15,
    "pid": 20900,
    "index": 56
  },
  {
    "name": "Require(47) node_modules/egg-cors/app.js",
    "start": 1613114453145,
    "end": 1613114453145,
    "duration": 0,
    "pid": 20900,
    "index": 57
  },
  {
    "name": "Before Start in node_modules/egg-watcher/lib/init.js:15:14",
    "start": 1613114453176,
    "end": 1613114453451,
    "duration": 275,
    "pid": 20900,
    "index": 58
  },
  {
    "name": "Before Start in node_modules/egg-mysql/lib/mysql.js:20:7",
    "start": 1613114453269,
    "end": 1613114453615,
    "duration": 346,
    "pid": 20900,
    "index": 59
  },
  {
    "name": "Load Service",
    "start": 1613114453269,
    "end": 1613114453274,
    "duration": 5,
    "pid": 20900,
    "index": 60
  },
  {
    "name": "Load \"service\" to Context",
    "start": 1613114453269,
    "end": 1613114453274,
    "duration": 5,
    "pid": 20900,
    "index": 61
  },
  {
    "name": "Load Middleware",
    "start": 1613114453274,
    "end": 1613114453423,
    "duration": 149,
    "pid": 20900,
    "index": 62
  },
  {
    "name": "Load \"middlewares\" to Application",
    "start": 1613114453275,
    "end": 1613114453386,
    "duration": 111,
    "pid": 20900,
    "index": 63
  },
  {
    "name": "Load Controller",
    "start": 1613114453423,
    "end": 1613114453427,
    "duration": 4,
    "pid": 20900,
    "index": 64
  },
  {
    "name": "Load \"controller\" to Application",
    "start": 1613114453423,
    "end": 1613114453427,
    "duration": 4,
    "pid": 20900,
    "index": 65
  },
  {
    "name": "Load Router",
    "start": 1613114453427,
    "end": 1613114453431,
    "duration": 4,
    "pid": 20900,
    "index": 66
  },
  {
    "name": "Require(48) app/router.js",
    "start": 1613114453427,
    "end": 1613114453427,
    "duration": 0,
    "pid": 20900,
    "index": 67
  },
  {
    "name": "Before Start in node_modules/egg-core/lib/egg.js:303:10",
    "start": 1613114453429,
    "end": 1613114453443,
    "duration": 14,
    "pid": 20900,
    "index": 68
  }
]