[
  {
    "name": "Process Start",
    "start": 1613112525022,
    "end": 1613112526399,
    "duration": 1377,
    "pid": 6136,
    "index": 0
  },
  {
    "name": "Application Start",
    "start": 1613112526399,
    "end": 1613112527111,
    "duration": 712,
    "pid": 6136,
    "index": 1
  },
  {
    "name": "Load Plugin",
    "start": 1613112526406,
    "end": 1613112526428,
    "duration": 22,
    "pid": 6136,
    "index": 2
  },
  {
    "name": "Load Config",
    "start": 1613112526428,
    "end": 1613112526456,
    "duration": 28,
    "pid": 6136,
    "index": 3
  },
  {
    "name": "Require(0) config/config.default.js",
    "start": 1613112526429,
    "end": 1613112526429,
    "duration": 0,
    "pid": 6136,
    "index": 4
  },
  {
    "name": "Require(1) node_modules/egg-session/config/config.default.js",
    "start": 1613112526431,
    "end": 1613112526432,
    "duration": 1,
    "pid": 6136,
    "index": 5
  },
  {
    "name": "Require(2) node_modules/egg-security/config/config.default.js",
    "start": 1613112526432,
    "end": 1613112526433,
    "duration": 1,
    "pid": 6136,
    "index": 6
  },
  {
    "name": "Require(3) node_modules/egg-jsonp/config/config.default.js",
    "start": 1613112526434,
    "end": 1613112526435,
    "duration": 1,
    "pid": 6136,
    "index": 7
  },
  {
    "name": "Require(4) node_modules/egg-onerror/config/config.default.js",
    "start": 1613112526435,
    "end": 1613112526436,
    "duration": 1,
    "pid": 6136,
    "index": 8
  },
  {
    "name": "Require(5) node_modules/egg-i18n/config/config.default.js",
    "start": 1613112526436,
    "end": 1613112526437,
    "duration": 1,
    "pid": 6136,
    "index": 9
  },
  {
    "name": "Require(6) node_modules/egg-watcher/config/config.default.js",
    "start": 1613112526437,
    "end": 1613112526438,
    "duration": 1,
    "pid": 6136,
    "index": 10
  },
  {
    "name": "Require(7) node_modules/egg-schedule/config/config.default.js",
    "start": 1613112526438,
    "end": 1613112526439,
    "duration": 1,
    "pid": 6136,
    "index": 11
  },
  {
    "name": "Require(8) node_modules/egg-multipart/config/config.default.js",
    "start": 1613112526439,
    "end": 1613112526440,
    "duration": 1,
    "pid": 6136,
    "index": 12
  },
  {
    "name": "Require(9) node_modules/egg-development/config/config.default.js",
    "start": 1613112526441,
    "end": 1613112526441,
    "duration": 0,
    "pid": 6136,
    "index": 13
  },
  {
    "name": "Require(10) node_modules/egg-logrotator/config/config.default.js",
    "start": 1613112526442,
    "end": 1613112526442,
    "duration": 0,
    "pid": 6136,
    "index": 14
  },
  {
    "name": "Require(11) node_modules/egg-static/config/config.default.js",
    "start": 1613112526443,
    "end": 1613112526444,
    "duration": 1,
    "pid": 6136,
    "index": 15
  },
  {
    "name": "Require(12) node_modules/egg-view/config/config.default.js",
    "start": 1613112526444,
    "end": 1613112526445,
    "duration": 1,
    "pid": 6136,
    "index": 16
  },
  {
    "name": "Require(13) node_modules/egg-mysql/config/config.default.js",
    "start": 1613112526445,
    "end": 1613112526446,
    "duration": 1,
    "pid": 6136,
    "index": 17
  },
  {
    "name": "Require(14) node_modules/egg-cors/config/config.default.js",
    "start": 1613112526446,
    "end": 1613112526447,
    "duration": 1,
    "pid": 6136,
    "index": 18
  },
  {
    "name": "Require(15) node_modules/egg/config/config.default.js",
    "start": 1613112526447,
    "end": 1613112526448,
    "duration": 1,
    "pid": 6136,
    "index": 19
  },
  {
    "name": "Require(16) config/config.default.js",
    "start": 1613112526449,
    "end": 1613112526449,
    "duration": 0,
    "pid": 6136,
    "index": 20
  },
  {
    "name": "Require(17) node_modules/egg-security/config/config.local.js",
    "start": 1613112526451,
    "end": 1613112526451,
    "duration": 0,
    "pid": 6136,
    "index": 21
  },
  {
    "name": "Require(18) node_modules/egg-watcher/config/config.local.js",
    "start": 1613112526452,
    "end": 1613112526453,
    "duration": 1,
    "pid": 6136,
    "index": 22
  },
  {
    "name": "Require(19) node_modules/egg-view/config/config.local.js",
    "start": 1613112526454,
    "end": 1613112526455,
    "duration": 1,
    "pid": 6136,
    "index": 23
  },
  {
    "name": "Require(20) node_modules/egg/config/config.local.js",
    "start": 1613112526455,
    "end": 1613112526456,
    "duration": 1,
    "pid": 6136,
    "index": 24
  },
  {
    "name": "Load extend/application.js",
    "start": 1613112526457,
    "end": 1613112526482,
    "duration": 25,
    "pid": 6136,
    "index": 25
  },
  {
    "name": "Require(21) node_modules/egg-session/app/extend/application.js",
    "start": 1613112526458,
    "end": 1613112526459,
    "duration": 1,
    "pid": 6136,
    "index": 26
  },
  {
    "name": "Require(22) node_modules/egg-security/app/extend/application.js",
    "start": 1613112526459,
    "end": 1613112526461,
    "duration": 2,
    "pid": 6136,
    "index": 27
  },
  {
    "name": "Require(23) node_modules/egg-jsonp/app/extend/application.js",
    "start": 1613112526462,
    "end": 1613112526463,
    "duration": 1,
    "pid": 6136,
    "index": 28
  },
  {
    "name": "Require(24) node_modules/egg-logrotator/app/extend/application.js",
    "start": 1613112526468,
    "end": 1613112526475,
    "duration": 7,
    "pid": 6136,
    "index": 29
  },
  {
    "name": "Require(25) node_modules/egg-view/app/extend/application.js",
    "start": 1613112526476,
    "end": 1613112526477,
    "duration": 1,
    "pid": 6136,
    "index": 30
  },
  {
    "name": "Load extend/request.js",
    "start": 1613112526482,
    "end": 1613112526490,
    "duration": 8,
    "pid": 6136,
    "index": 31
  },
  {
    "name": "Require(26) node_modules/egg/app/extend/request.js",
    "start": 1613112526486,
    "end": 1613112526487,
    "duration": 1,
    "pid": 6136,
    "index": 32
  },
  {
    "name": "Load extend/response.js",
    "start": 1613112526490,
    "end": 1613112526500,
    "duration": 10,
    "pid": 6136,
    "index": 33
  },
  {
    "name": "Require(27) node_modules/egg/app/extend/response.js",
    "start": 1613112526494,
    "end": 1613112526496,
    "duration": 2,
    "pid": 6136,
    "index": 34
  },
  {
    "name": "Load extend/context.js",
    "start": 1613112526500,
    "end": 1613112526574,
    "duration": 74,
    "pid": 6136,
    "index": 35
  },
  {
    "name": "Require(28) node_modules/egg-security/app/extend/context.js",
    "start": 1613112526501,
    "end": 1613112526516,
    "duration": 15,
    "pid": 6136,
    "index": 36
  },
  {
    "name": "Require(29) node_modules/egg-jsonp/app/extend/context.js",
    "start": 1613112526516,
    "end": 1613112526518,
    "duration": 2,
    "pid": 6136,
    "index": 37
  },
  {
    "name": "Require(30) node_modules/egg-i18n/app/extend/context.js",
    "start": 1613112526519,
    "end": 1613112526519,
    "duration": 0,
    "pid": 6136,
    "index": 38
  },
  {
    "name": "Require(31) node_modules/egg-multipart/app/extend/context.js",
    "start": 1613112526520,
    "end": 1613112526566,
    "duration": 46,
    "pid": 6136,
    "index": 39
  },
  {
    "name": "Require(32) node_modules/egg-view/app/extend/context.js",
    "start": 1613112526567,
    "end": 1613112526568,
    "duration": 1,
    "pid": 6136,
    "index": 40
  },
  {
    "name": "Require(33) node_modules/egg/app/extend/context.js",
    "start": 1613112526569,
    "end": 1613112526570,
    "duration": 1,
    "pid": 6136,
    "index": 41
  },
  {
    "name": "Load extend/helper.js",
    "start": 1613112526574,
    "end": 1613112526624,
    "duration": 50,
    "pid": 6136,
    "index": 42
  },
  {
    "name": "Require(34) node_modules/egg-security/app/extend/helper.js",
    "start": 1613112526574,
    "end": 1613112526606,
    "duration": 32,
    "pid": 6136,
    "index": 43
  },
  {
    "name": "Require(35) node_modules/egg/app/extend/helper.js",
    "start": 1613112526620,
    "end": 1613112526620,
    "duration": 0,
    "pid": 6136,
    "index": 44
  },
  {
    "name": "Load app.js",
    "start": 1613112526624,
    "end": 1613112526673,
    "duration": 49,
    "pid": 6136,
    "index": 45
  },
  {
    "name": "Require(36) node_modules/egg-session/app.js",
    "start": 1613112526625,
    "end": 1613112526625,
    "duration": 0,
    "pid": 6136,
    "index": 46
  },
  {
    "name": "Require(37) node_modules/egg-security/app.js",
    "start": 1613112526626,
    "end": 1613112526628,
    "duration": 2,
    "pid": 6136,
    "index": 47
  },
  {
    "name": "Require(38) node_modules/egg-onerror/app.js",
    "start": 1613112526628,
    "end": 1613112526637,
    "duration": 9,
    "pid": 6136,
    "index": 48
  },
  {
    "name": "Require(39) node_modules/egg-i18n/app.js",
    "start": 1613112526638,
    "end": 1613112526647,
    "duration": 9,
    "pid": 6136,
    "index": 49
  },
  {
    "name": "Require(40) node_modules/egg-watcher/app.js",
    "start": 1613112526647,
    "end": 1613112526651,
    "duration": 4,
    "pid": 6136,
    "index": 50
  },
  {
    "name": "Require(41) node_modules/egg-schedule/app.js",
    "start": 1613112526651,
    "end": 1613112526652,
    "duration": 1,
    "pid": 6136,
    "index": 51
  },
  {
    "name": "Require(42) node_modules/egg-multipart/app.js",
    "start": 1613112526653,
    "end": 1613112526653,
    "duration": 0,
    "pid": 6136,
    "index": 52
  },
  {
    "name": "Require(43) node_modules/egg-development/app.js",
    "start": 1613112526654,
    "end": 1613112526654,
    "duration": 0,
    "pid": 6136,
    "index": 53
  },
  {
    "name": "Require(44) node_modules/egg-logrotator/app.js",
    "start": 1613112526654,
    "end": 1613112526655,
    "duration": 1,
    "pid": 6136,
    "index": 54
  },
  {
    "name": "Require(45) node_modules/egg-static/app.js",
    "start": 1613112526655,
    "end": 1613112526655,
    "duration": 0,
    "pid": 6136,
    "index": 55
  },
  {
    "name": "Require(46) node_modules/egg-mysql/app.js",
    "start": 1613112526656,
    "end": 1613112526669,
    "duration": 13,
    "pid": 6136,
    "index": 56
  },
  {
    "name": "Require(47) node_modules/egg-cors/app.js",
    "start": 1613112526672,
    "end": 1613112526672,
    "duration": 0,
    "pid": 6136,
    "index": 57
  },
  {
    "name": "Before Start in node_modules/egg-watcher/lib/init.js:15:14",
    "start": 1613112526684,
    "end": 1613112526967,
    "duration": 283,
    "pid": 6136,
    "index": 58
  },
  {
    "name": "Before Start in node_modules/egg-mysql/lib/mysql.js:20:7",
    "start": 1613112526785,
    "end": 1613112527111,
    "duration": 326,
    "pid": 6136,
    "index": 59
  },
  {
    "name": "Load Service",
    "start": 1613112526785,
    "end": 1613112526791,
    "duration": 6,
    "pid": 6136,
    "index": 60
  },
  {
    "name": "Load \"service\" to Context",
    "start": 1613112526786,
    "end": 1613112526791,
    "duration": 5,
    "pid": 6136,
    "index": 61
  },
  {
    "name": "Load Middleware",
    "start": 1613112526792,
    "end": 1613112526939,
    "duration": 147,
    "pid": 6136,
    "index": 62
  },
  {
    "name": "Load \"middlewares\" to Application",
    "start": 1613112526792,
    "end": 1613112526923,
    "duration": 131,
    "pid": 6136,
    "index": 63
  },
  {
    "name": "Load Controller",
    "start": 1613112526939,
    "end": 1613112526943,
    "duration": 4,
    "pid": 6136,
    "index": 64
  },
  {
    "name": "Load \"controller\" to Application",
    "start": 1613112526939,
    "end": 1613112526943,
    "duration": 4,
    "pid": 6136,
    "index": 65
  },
  {
    "name": "Load Router",
    "start": 1613112526943,
    "end": 1613112526947,
    "duration": 4,
    "pid": 6136,
    "index": 66
  },
  {
    "name": "Require(48) app/router.js",
    "start": 1613112526943,
    "end": 1613112526944,
    "duration": 1,
    "pid": 6136,
    "index": 67
  },
  {
    "name": "Before Start in node_modules/egg-core/lib/egg.js:303:10",
    "start": 1613112526945,
    "end": 1613112526959,
    "duration": 14,
    "pid": 6136,
    "index": 68
  }
]