[
  {
    "name": "Process Start",
    "start": 1613019531214,
    "end": 1613019532618,
    "duration": 1404,
    "pid": 19272,
    "index": 0
  },
  {
    "name": "Application Start",
    "start": 1613019532620,
    "end": 1613019533379,
    "duration": 759,
    "pid": 19272,
    "index": 1
  },
  {
    "name": "Load Plugin",
    "start": 1613019532626,
    "end": 1613019532646,
    "duration": 20,
    "pid": 19272,
    "index": 2
  },
  {
    "name": "Load Config",
    "start": 1613019532646,
    "end": 1613019532673,
    "duration": 27,
    "pid": 19272,
    "index": 3
  },
  {
    "name": "Require(0) config/config.default.js",
    "start": 1613019532647,
    "end": 1613019532647,
    "duration": 0,
    "pid": 19272,
    "index": 4
  },
  {
    "name": "Require(1) node_modules/egg-session/config/config.default.js",
    "start": 1613019532649,
    "end": 1613019532649,
    "duration": 0,
    "pid": 19272,
    "index": 5
  },
  {
    "name": "Require(2) node_modules/egg-security/config/config.default.js",
    "start": 1613019532650,
    "end": 1613019532650,
    "duration": 0,
    "pid": 19272,
    "index": 6
  },
  {
    "name": "Require(3) node_modules/egg-jsonp/config/config.default.js",
    "start": 1613019532651,
    "end": 1613019532652,
    "duration": 1,
    "pid": 19272,
    "index": 7
  },
  {
    "name": "Require(4) node_modules/egg-onerror/config/config.default.js",
    "start": 1613019532652,
    "end": 1613019532653,
    "duration": 1,
    "pid": 19272,
    "index": 8
  },
  {
    "name": "Require(5) node_modules/egg-i18n/config/config.default.js",
    "start": 1613019532653,
    "end": 1613019532654,
    "duration": 1,
    "pid": 19272,
    "index": 9
  },
  {
    "name": "Require(6) node_modules/egg-watcher/config/config.default.js",
    "start": 1613019532654,
    "end": 1613019532655,
    "duration": 1,
    "pid": 19272,
    "index": 10
  },
  {
    "name": "Require(7) node_modules/egg-schedule/config/config.default.js",
    "start": 1613019532656,
    "end": 1613019532656,
    "duration": 0,
    "pid": 19272,
    "index": 11
  },
  {
    "name": "Require(8) node_modules/egg-multipart/config/config.default.js",
    "start": 1613019532657,
    "end": 1613019532658,
    "duration": 1,
    "pid": 19272,
    "index": 12
  },
  {
    "name": "Require(9) node_modules/egg-development/config/config.default.js",
    "start": 1613019532659,
    "end": 1613019532659,
    "duration": 0,
    "pid": 19272,
    "index": 13
  },
  {
    "name": "Require(10) node_modules/egg-logrotator/config/config.default.js",
    "start": 1613019532660,
    "end": 1613019532660,
    "duration": 0,
    "pid": 19272,
    "index": 14
  },
  {
    "name": "Require(11) node_modules/egg-static/config/config.default.js",
    "start": 1613019532661,
    "end": 1613019532661,
    "duration": 0,
    "pid": 19272,
    "index": 15
  },
  {
    "name": "Require(12) node_modules/egg-view/config/config.default.js",
    "start": 1613019532662,
    "end": 1613019532662,
    "duration": 0,
    "pid": 19272,
    "index": 16
  },
  {
    "name": "Require(13) node_modules/egg-mysql/config/config.default.js",
    "start": 1613019532663,
    "end": 1613019532663,
    "duration": 0,
    "pid": 19272,
    "index": 17
  },
  {
    "name": "Require(14) node_modules/egg-cors/config/config.default.js",
    "start": 1613019532664,
    "end": 1613019532664,
    "duration": 0,
    "pid": 19272,
    "index": 18
  },
  {
    "name": "Require(15) node_modules/egg/config/config.default.js",
    "start": 1613019532665,
    "end": 1613019532665,
    "duration": 0,
    "pid": 19272,
    "index": 19
  },
  {
    "name": "Require(16) config/config.default.js",
    "start": 1613019532666,
    "end": 1613019532666,
    "duration": 0,
    "pid": 19272,
    "index": 20
  },
  {
    "name": "Require(17) node_modules/egg-security/config/config.local.js",
    "start": 1613019532667,
    "end": 1613019532667,
    "duration": 0,
    "pid": 19272,
    "index": 21
  },
  {
    "name": "Require(18) node_modules/egg-watcher/config/config.local.js",
    "start": 1613019532669,
    "end": 1613019532669,
    "duration": 0,
    "pid": 19272,
    "index": 22
  },
  {
    "name": "Require(19) node_modules/egg-view/config/config.local.js",
    "start": 1613019532671,
    "end": 1613019532671,
    "duration": 0,
    "pid": 19272,
    "index": 23
  },
  {
    "name": "Require(20) node_modules/egg/config/config.local.js",
    "start": 1613019532672,
    "end": 1613019532673,
    "duration": 1,
    "pid": 19272,
    "index": 24
  },
  {
    "name": "Load extend/application.js",
    "start": 1613019532674,
    "end": 1613019532699,
    "duration": 25,
    "pid": 19272,
    "index": 25
  },
  {
    "name": "Require(21) node_modules/egg-session/app/extend/application.js",
    "start": 1613019532675,
    "end": 1613019532675,
    "duration": 0,
    "pid": 19272,
    "index": 26
  },
  {
    "name": "Require(22) node_modules/egg-security/app/extend/application.js",
    "start": 1613019532675,
    "end": 1613019532677,
    "duration": 2,
    "pid": 19272,
    "index": 27
  },
  {
    "name": "Require(23) node_modules/egg-jsonp/app/extend/application.js",
    "start": 1613019532677,
    "end": 1613019532679,
    "duration": 2,
    "pid": 19272,
    "index": 28
  },
  {
    "name": "Require(24) node_modules/egg-logrotator/app/extend/application.js",
    "start": 1613019532681,
    "end": 1613019532692,
    "duration": 11,
    "pid": 19272,
    "index": 29
  },
  {
    "name": "Require(25) node_modules/egg-view/app/extend/application.js",
    "start": 1613019532692,
    "end": 1613019532694,
    "duration": 2,
    "pid": 19272,
    "index": 30
  },
  {
    "name": "Load extend/request.js",
    "start": 1613019532699,
    "end": 1613019532707,
    "duration": 8,
    "pid": 19272,
    "index": 31
  },
  {
    "name": "Require(26) node_modules/egg/app/extend/request.js",
    "start": 1613019532702,
    "end": 1613019532704,
    "duration": 2,
    "pid": 19272,
    "index": 32
  },
  {
    "name": "Load extend/response.js",
    "start": 1613019532707,
    "end": 1613019532720,
    "duration": 13,
    "pid": 19272,
    "index": 33
  },
  {
    "name": "Require(27) node_modules/egg/app/extend/response.js",
    "start": 1613019532711,
    "end": 1613019532715,
    "duration": 4,
    "pid": 19272,
    "index": 34
  },
  {
    "name": "Load extend/context.js",
    "start": 1613019532720,
    "end": 1613019532810,
    "duration": 90,
    "pid": 19272,
    "index": 35
  },
  {
    "name": "Require(28) node_modules/egg-security/app/extend/context.js",
    "start": 1613019532721,
    "end": 1613019532754,
    "duration": 33,
    "pid": 19272,
    "index": 36
  },
  {
    "name": "Require(29) node_modules/egg-jsonp/app/extend/context.js",
    "start": 1613019532754,
    "end": 1613019532756,
    "duration": 2,
    "pid": 19272,
    "index": 37
  },
  {
    "name": "Require(30) node_modules/egg-i18n/app/extend/context.js",
    "start": 1613019532756,
    "end": 1613019532757,
    "duration": 1,
    "pid": 19272,
    "index": 38
  },
  {
    "name": "Require(31) node_modules/egg-multipart/app/extend/context.js",
    "start": 1613019532757,
    "end": 1613019532802,
    "duration": 45,
    "pid": 19272,
    "index": 39
  },
  {
    "name": "Require(32) node_modules/egg-view/app/extend/context.js",
    "start": 1613019532803,
    "end": 1613019532804,
    "duration": 1,
    "pid": 19272,
    "index": 40
  },
  {
    "name": "Require(33) node_modules/egg/app/extend/context.js",
    "start": 1613019532805,
    "end": 1613019532806,
    "duration": 1,
    "pid": 19272,
    "index": 41
  },
  {
    "name": "Load extend/helper.js",
    "start": 1613019532810,
    "end": 1613019532848,
    "duration": 38,
    "pid": 19272,
    "index": 42
  },
  {
    "name": "Require(34) node_modules/egg-security/app/extend/helper.js",
    "start": 1613019532810,
    "end": 1613019532830,
    "duration": 20,
    "pid": 19272,
    "index": 43
  },
  {
    "name": "Require(35) node_modules/egg/app/extend/helper.js",
    "start": 1613019532835,
    "end": 1613019532836,
    "duration": 1,
    "pid": 19272,
    "index": 44
  },
  {
    "name": "Load app.js",
    "start": 1613019532848,
    "end": 1613019532899,
    "duration": 51,
    "pid": 19272,
    "index": 45
  },
  {
    "name": "Require(36) node_modules/egg-session/app.js",
    "start": 1613019532848,
    "end": 1613019532849,
    "duration": 1,
    "pid": 19272,
    "index": 46
  },
  {
    "name": "Require(37) node_modules/egg-security/app.js",
    "start": 1613019532849,
    "end": 1613019532851,
    "duration": 2,
    "pid": 19272,
    "index": 47
  },
  {
    "name": "Require(38) node_modules/egg-onerror/app.js",
    "start": 1613019532851,
    "end": 1613019532862,
    "duration": 11,
    "pid": 19272,
    "index": 48
  },
  {
    "name": "Require(39) node_modules/egg-i18n/app.js",
    "start": 1613019532863,
    "end": 1613019532872,
    "duration": 9,
    "pid": 19272,
    "index": 49
  },
  {
    "name": "Require(40) node_modules/egg-watcher/app.js",
    "start": 1613019532872,
    "end": 1613019532876,
    "duration": 4,
    "pid": 19272,
    "index": 50
  },
  {
    "name": "Require(41) node_modules/egg-schedule/app.js",
    "start": 1613019532876,
    "end": 1613019532877,
    "duration": 1,
    "pid": 19272,
    "index": 51
  },
  {
    "name": "Require(42) node_modules/egg-multipart/app.js",
    "start": 1613019532878,
    "end": 1613019532878,
    "duration": 0,
    "pid": 19272,
    "index": 52
  },
  {
    "name": "Require(43) node_modules/egg-development/app.js",
    "start": 1613019532879,
    "end": 1613019532879,
    "duration": 0,
    "pid": 19272,
    "index": 53
  },
  {
    "name": "Require(44) node_modules/egg-logrotator/app.js",
    "start": 1613019532879,
    "end": 1613019532880,
    "duration": 1,
    "pid": 19272,
    "index": 54
  },
  {
    "name": "Require(45) node_modules/egg-static/app.js",
    "start": 1613019532880,
    "end": 1613019532880,
    "duration": 0,
    "pid": 19272,
    "index": 55
  },
  {
    "name": "Require(46) node_modules/egg-mysql/app.js",
    "start": 1613019532881,
    "end": 1613019532895,
    "duration": 14,
    "pid": 19272,
    "index": 56
  },
  {
    "name": "Require(47) node_modules/egg-cors/app.js",
    "start": 1613019532897,
    "end": 1613019532898,
    "duration": 1,
    "pid": 19272,
    "index": 57
  },
  {
    "name": "Before Start in node_modules/egg-watcher/lib/init.js:15:14",
    "start": 1613019532909,
    "end": 1613019533200,
    "duration": 291,
    "pid": 19272,
    "index": 58
  },
  {
    "name": "Before Start in node_modules/egg-mysql/lib/mysql.js:20:7",
    "start": 1613019533030,
    "end": 1613019533379,
    "duration": 349,
    "pid": 19272,
    "index": 59
  },
  {
    "name": "Load Service",
    "start": 1613019533030,
    "end": 1613019533036,
    "duration": 6,
    "pid": 19272,
    "index": 60
  },
  {
    "name": "Load \"service\" to Context",
    "start": 1613019533030,
    "end": 1613019533036,
    "duration": 6,
    "pid": 19272,
    "index": 61
  },
  {
    "name": "Load Middleware",
    "start": 1613019533036,
    "end": 1613019533166,
    "duration": 130,
    "pid": 19272,
    "index": 62
  },
  {
    "name": "Load \"middlewares\" to Application",
    "start": 1613019533036,
    "end": 1613019533147,
    "duration": 111,
    "pid": 19272,
    "index": 63
  },
  {
    "name": "Load Controller",
    "start": 1613019533166,
    "end": 1613019533171,
    "duration": 5,
    "pid": 19272,
    "index": 64
  },
  {
    "name": "Load \"controller\" to Application",
    "start": 1613019533166,
    "end": 1613019533171,
    "duration": 5,
    "pid": 19272,
    "index": 65
  },
  {
    "name": "Load Router",
    "start": 1613019533171,
    "end": 1613019533177,
    "duration": 6,
    "pid": 19272,
    "index": 66
  },
  {
    "name": "Require(48) app/router.js",
    "start": 1613019533172,
    "end": 1613019533172,
    "duration": 0,
    "pid": 19272,
    "index": 67
  },
  {
    "name": "Before Start in node_modules/egg-core/lib/egg.js:303:10",
    "start": 1613019533174,
    "end": 1613019533190,
    "duration": 16,
    "pid": 19272,
    "index": 68
  }
]