[
  {
    "name": "Process Start",
    "start": 1613113988067,
    "end": 1613113989327,
    "duration": 1260,
    "pid": 21196,
    "index": 0
  },
  {
    "name": "Application Start",
    "start": 1613113989328,
    "end": 1613113990157,
    "duration": 829,
    "pid": 21196,
    "index": 1
  },
  {
    "name": "Load Plugin",
    "start": 1613113989334,
    "end": 1613113989356,
    "duration": 22,
    "pid": 21196,
    "index": 2
  },
  {
    "name": "Load Config",
    "start": 1613113989356,
    "end": 1613113989385,
    "duration": 29,
    "pid": 21196,
    "index": 3
  },
  {
    "name": "Require(0) config/config.default.js",
    "start": 1613113989357,
    "end": 1613113989357,
    "duration": 0,
    "pid": 21196,
    "index": 4
  },
  {
    "name": "Require(1) node_modules/egg-session/config/config.default.js",
    "start": 1613113989359,
    "end": 1613113989359,
    "duration": 0,
    "pid": 21196,
    "index": 5
  },
  {
    "name": "Require(2) node_modules/egg-security/config/config.default.js",
    "start": 1613113989360,
    "end": 1613113989360,
    "duration": 0,
    "pid": 21196,
    "index": 6
  },
  {
    "name": "Require(3) node_modules/egg-jsonp/config/config.default.js",
    "start": 1613113989362,
    "end": 1613113989362,
    "duration": 0,
    "pid": 21196,
    "index": 7
  },
  {
    "name": "Require(4) node_modules/egg-onerror/config/config.default.js",
    "start": 1613113989363,
    "end": 1613113989363,
    "duration": 0,
    "pid": 21196,
    "index": 8
  },
  {
    "name": "Require(5) node_modules/egg-i18n/config/config.default.js",
    "start": 1613113989364,
    "end": 1613113989364,
    "duration": 0,
    "pid": 21196,
    "index": 9
  },
  {
    "name": "Require(6) node_modules/egg-watcher/config/config.default.js",
    "start": 1613113989365,
    "end": 1613113989365,
    "duration": 0,
    "pid": 21196,
    "index": 10
  },
  {
    "name": "Require(7) node_modules/egg-schedule/config/config.default.js",
    "start": 1613113989366,
    "end": 1613113989366,
    "duration": 0,
    "pid": 21196,
    "index": 11
  },
  {
    "name": "Require(8) node_modules/egg-multipart/config/config.default.js",
    "start": 1613113989367,
    "end": 1613113989367,
    "duration": 0,
    "pid": 21196,
    "index": 12
  },
  {
    "name": "Require(9) node_modules/egg-development/config/config.default.js",
    "start": 1613113989368,
    "end": 1613113989369,
    "duration": 1,
    "pid": 21196,
    "index": 13
  },
  {
    "name": "Require(10) node_modules/egg-logrotator/config/config.default.js",
    "start": 1613113989369,
    "end": 1613113989370,
    "duration": 1,
    "pid": 21196,
    "index": 14
  },
  {
    "name": "Require(11) node_modules/egg-static/config/config.default.js",
    "start": 1613113989370,
    "end": 1613113989371,
    "duration": 1,
    "pid": 21196,
    "index": 15
  },
  {
    "name": "Require(12) node_modules/egg-view/config/config.default.js",
    "start": 1613113989371,
    "end": 1613113989372,
    "duration": 1,
    "pid": 21196,
    "index": 16
  },
  {
    "name": "Require(13) node_modules/egg-mysql/config/config.default.js",
    "start": 1613113989373,
    "end": 1613113989373,
    "duration": 0,
    "pid": 21196,
    "index": 17
  },
  {
    "name": "Require(14) node_modules/egg-cors/config/config.default.js",
    "start": 1613113989374,
    "end": 1613113989374,
    "duration": 0,
    "pid": 21196,
    "index": 18
  },
  {
    "name": "Require(15) node_modules/egg/config/config.default.js",
    "start": 1613113989375,
    "end": 1613113989376,
    "duration": 1,
    "pid": 21196,
    "index": 19
  },
  {
    "name": "Require(16) config/config.default.js",
    "start": 1613113989377,
    "end": 1613113989377,
    "duration": 0,
    "pid": 21196,
    "index": 20
  },
  {
    "name": "Require(17) node_modules/egg-security/config/config.local.js",
    "start": 1613113989378,
    "end": 1613113989378,
    "duration": 0,
    "pid": 21196,
    "index": 21
  },
  {
    "name": "Require(18) node_modules/egg-watcher/config/config.local.js",
    "start": 1613113989379,
    "end": 1613113989380,
    "duration": 1,
    "pid": 21196,
    "index": 22
  },
  {
    "name": "Require(19) node_modules/egg-view/config/config.local.js",
    "start": 1613113989382,
    "end": 1613113989382,
    "duration": 0,
    "pid": 21196,
    "index": 23
  },
  {
    "name": "Require(20) node_modules/egg/config/config.local.js",
    "start": 1613113989384,
    "end": 1613113989384,
    "duration": 0,
    "pid": 21196,
    "index": 24
  },
  {
    "name": "Load extend/application.js",
    "start": 1613113989386,
    "end": 1613113989443,
    "duration": 57,
    "pid": 21196,
    "index": 25
  },
  {
    "name": "Require(21) node_modules/egg-session/app/extend/application.js",
    "start": 1613113989387,
    "end": 1613113989387,
    "duration": 0,
    "pid": 21196,
    "index": 26
  },
  {
    "name": "Require(22) node_modules/egg-security/app/extend/application.js",
    "start": 1613113989388,
    "end": 1613113989389,
    "duration": 1,
    "pid": 21196,
    "index": 27
  },
  {
    "name": "Require(23) node_modules/egg-jsonp/app/extend/application.js",
    "start": 1613113989390,
    "end": 1613113989395,
    "duration": 5,
    "pid": 21196,
    "index": 28
  },
  {
    "name": "Require(24) node_modules/egg-logrotator/app/extend/application.js",
    "start": 1613113989421,
    "end": 1613113989429,
    "duration": 8,
    "pid": 21196,
    "index": 29
  },
  {
    "name": "Require(25) node_modules/egg-view/app/extend/application.js",
    "start": 1613113989430,
    "end": 1613113989436,
    "duration": 6,
    "pid": 21196,
    "index": 30
  },
  {
    "name": "Load extend/request.js",
    "start": 1613113989443,
    "end": 1613113989456,
    "duration": 13,
    "pid": 21196,
    "index": 31
  },
  {
    "name": "Require(26) node_modules/egg/app/extend/request.js",
    "start": 1613113989447,
    "end": 1613113989448,
    "duration": 1,
    "pid": 21196,
    "index": 32
  },
  {
    "name": "Load extend/response.js",
    "start": 1613113989456,
    "end": 1613113989466,
    "duration": 10,
    "pid": 21196,
    "index": 33
  },
  {
    "name": "Require(27) node_modules/egg/app/extend/response.js",
    "start": 1613113989460,
    "end": 1613113989462,
    "duration": 2,
    "pid": 21196,
    "index": 34
  },
  {
    "name": "Load extend/context.js",
    "start": 1613113989466,
    "end": 1613113989544,
    "duration": 78,
    "pid": 21196,
    "index": 35
  },
  {
    "name": "Require(28) node_modules/egg-security/app/extend/context.js",
    "start": 1613113989467,
    "end": 1613113989486,
    "duration": 19,
    "pid": 21196,
    "index": 36
  },
  {
    "name": "Require(29) node_modules/egg-jsonp/app/extend/context.js",
    "start": 1613113989486,
    "end": 1613113989488,
    "duration": 2,
    "pid": 21196,
    "index": 37
  },
  {
    "name": "Require(30) node_modules/egg-i18n/app/extend/context.js",
    "start": 1613113989488,
    "end": 1613113989489,
    "duration": 1,
    "pid": 21196,
    "index": 38
  },
  {
    "name": "Require(31) node_modules/egg-multipart/app/extend/context.js",
    "start": 1613113989490,
    "end": 1613113989537,
    "duration": 47,
    "pid": 21196,
    "index": 39
  },
  {
    "name": "Require(32) node_modules/egg-view/app/extend/context.js",
    "start": 1613113989538,
    "end": 1613113989539,
    "duration": 1,
    "pid": 21196,
    "index": 40
  },
  {
    "name": "Require(33) node_modules/egg/app/extend/context.js",
    "start": 1613113989540,
    "end": 1613113989541,
    "duration": 1,
    "pid": 21196,
    "index": 41
  },
  {
    "name": "Load extend/helper.js",
    "start": 1613113989544,
    "end": 1613113989572,
    "duration": 28,
    "pid": 21196,
    "index": 42
  },
  {
    "name": "Require(34) node_modules/egg-security/app/extend/helper.js",
    "start": 1613113989545,
    "end": 1613113989563,
    "duration": 18,
    "pid": 21196,
    "index": 43
  },
  {
    "name": "Require(35) node_modules/egg/app/extend/helper.js",
    "start": 1613113989567,
    "end": 1613113989567,
    "duration": 0,
    "pid": 21196,
    "index": 44
  },
  {
    "name": "Load app.js",
    "start": 1613113989573,
    "end": 1613113989652,
    "duration": 79,
    "pid": 21196,
    "index": 45
  },
  {
    "name": "Require(36) node_modules/egg-session/app.js",
    "start": 1613113989573,
    "end": 1613113989574,
    "duration": 1,
    "pid": 21196,
    "index": 46
  },
  {
    "name": "Require(37) node_modules/egg-security/app.js",
    "start": 1613113989574,
    "end": 1613113989576,
    "duration": 2,
    "pid": 21196,
    "index": 47
  },
  {
    "name": "Require(38) node_modules/egg-onerror/app.js",
    "start": 1613113989576,
    "end": 1613113989586,
    "duration": 10,
    "pid": 21196,
    "index": 48
  },
  {
    "name": "Require(39) node_modules/egg-i18n/app.js",
    "start": 1613113989587,
    "end": 1613113989597,
    "duration": 10,
    "pid": 21196,
    "index": 49
  },
  {
    "name": "Require(40) node_modules/egg-watcher/app.js",
    "start": 1613113989597,
    "end": 1613113989601,
    "duration": 4,
    "pid": 21196,
    "index": 50
  },
  {
    "name": "Require(41) node_modules/egg-schedule/app.js",
    "start": 1613113989602,
    "end": 1613113989604,
    "duration": 2,
    "pid": 21196,
    "index": 51
  },
  {
    "name": "Require(42) node_modules/egg-multipart/app.js",
    "start": 1613113989605,
    "end": 1613113989606,
    "duration": 1,
    "pid": 21196,
    "index": 52
  },
  {
    "name": "Require(43) node_modules/egg-development/app.js",
    "start": 1613113989606,
    "end": 1613113989606,
    "duration": 0,
    "pid": 21196,
    "index": 53
  },
  {
    "name": "Require(44) node_modules/egg-logrotator/app.js",
    "start": 1613113989607,
    "end": 1613113989607,
    "duration": 0,
    "pid": 21196,
    "index": 54
  },
  {
    "name": "Require(45) node_modules/egg-static/app.js",
    "start": 1613113989607,
    "end": 1613113989607,
    "duration": 0,
    "pid": 21196,
    "index": 55
  },
  {
    "name": "Require(46) node_modules/egg-mysql/app.js",
    "start": 1613113989608,
    "end": 1613113989623,
    "duration": 15,
    "pid": 21196,
    "index": 56
  },
  {
    "name": "Require(47) node_modules/egg-cors/app.js",
    "start": 1613113989631,
    "end": 1613113989643,
    "duration": 12,
    "pid": 21196,
    "index": 57
  },
  {
    "name": "Before Start in node_modules/egg-watcher/lib/init.js:15:14",
    "start": 1613113989663,
    "end": 1613113990006,
    "duration": 343,
    "pid": 21196,
    "index": 58
  },
  {
    "name": "Before Start in node_modules/egg-mysql/lib/mysql.js:20:7",
    "start": 1613113989768,
    "end": 1613113990156,
    "duration": 388,
    "pid": 21196,
    "index": 59
  },
  {
    "name": "Load Service",
    "start": 1613113989769,
    "end": 1613113989774,
    "duration": 5,
    "pid": 21196,
    "index": 60
  },
  {
    "name": "Load \"service\" to Context",
    "start": 1613113989769,
    "end": 1613113989774,
    "duration": 5,
    "pid": 21196,
    "index": 61
  },
  {
    "name": "Load Middleware",
    "start": 1613113989774,
    "end": 1613113989975,
    "duration": 201,
    "pid": 21196,
    "index": 62
  },
  {
    "name": "Load \"middlewares\" to Application",
    "start": 1613113989774,
    "end": 1613113989953,
    "duration": 179,
    "pid": 21196,
    "index": 63
  },
  {
    "name": "Load Controller",
    "start": 1613113989976,
    "end": 1613113989980,
    "duration": 4,
    "pid": 21196,
    "index": 64
  },
  {
    "name": "Load \"controller\" to Application",
    "start": 1613113989976,
    "end": 1613113989980,
    "duration": 4,
    "pid": 21196,
    "index": 65
  },
  {
    "name": "Load Router",
    "start": 1613113989980,
    "end": 1613113989986,
    "duration": 6,
    "pid": 21196,
    "index": 66
  },
  {
    "name": "Require(48) app/router.js",
    "start": 1613113989980,
    "end": 1613113989981,
    "duration": 1,
    "pid": 21196,
    "index": 67
  },
  {
    "name": "Before Start in node_modules/egg-core/lib/egg.js:303:10",
    "start": 1613113989982,
    "end": 1613113989997,
    "duration": 15,
    "pid": 21196,
    "index": 68
  }
]