[
  {
    "name": "Process Start",
    "start": 1613114647070,
    "end": 1613114648642,
    "duration": 1572,
    "pid": 21948,
    "index": 0
  },
  {
    "name": "Application Start",
    "start": 1613114648643,
    "end": 1613114649509,
    "duration": 866,
    "pid": 21948,
    "index": 1
  },
  {
    "name": "Load Plugin",
    "start": 1613114648654,
    "end": 1613114648679,
    "duration": 25,
    "pid": 21948,
    "index": 2
  },
  {
    "name": "Load Config",
    "start": 1613114648679,
    "end": 1613114648720,
    "duration": 41,
    "pid": 21948,
    "index": 3
  },
  {
    "name": "Require(0) config/config.default.js",
    "start": 1613114648680,
    "end": 1613114648681,
    "duration": 1,
    "pid": 21948,
    "index": 4
  },
  {
    "name": "Require(1) node_modules/egg-session/config/config.default.js",
    "start": 1613114648683,
    "end": 1613114648684,
    "duration": 1,
    "pid": 21948,
    "index": 5
  },
  {
    "name": "Require(2) node_modules/egg-security/config/config.default.js",
    "start": 1613114648684,
    "end": 1613114648685,
    "duration": 1,
    "pid": 21948,
    "index": 6
  },
  {
    "name": "Require(3) node_modules/egg-jsonp/config/config.default.js",
    "start": 1613114648686,
    "end": 1613114648687,
    "duration": 1,
    "pid": 21948,
    "index": 7
  },
  {
    "name": "Require(4) node_modules/egg-onerror/config/config.default.js",
    "start": 1613114648687,
    "end": 1613114648688,
    "duration": 1,
    "pid": 21948,
    "index": 8
  },
  {
    "name": "Require(5) node_modules/egg-i18n/config/config.default.js",
    "start": 1613114648688,
    "end": 1613114648689,
    "duration": 1,
    "pid": 21948,
    "index": 9
  },
  {
    "name": "Require(6) node_modules/egg-watcher/config/config.default.js",
    "start": 1613114648690,
    "end": 1613114648690,
    "duration": 0,
    "pid": 21948,
    "index": 10
  },
  {
    "name": "Require(7) node_modules/egg-schedule/config/config.default.js",
    "start": 1613114648691,
    "end": 1613114648691,
    "duration": 0,
    "pid": 21948,
    "index": 11
  },
  {
    "name": "Require(8) node_modules/egg-multipart/config/config.default.js",
    "start": 1613114648692,
    "end": 1613114648692,
    "duration": 0,
    "pid": 21948,
    "index": 12
  },
  {
    "name": "Require(9) node_modules/egg-development/config/config.default.js",
    "start": 1613114648693,
    "end": 1613114648694,
    "duration": 1,
    "pid": 21948,
    "index": 13
  },
  {
    "name": "Require(10) node_modules/egg-logrotator/config/config.default.js",
    "start": 1613114648697,
    "end": 1613114648700,
    "duration": 3,
    "pid": 21948,
    "index": 14
  },
  {
    "name": "Require(11) node_modules/egg-static/config/config.default.js",
    "start": 1613114648703,
    "end": 1613114648704,
    "duration": 1,
    "pid": 21948,
    "index": 15
  },
  {
    "name": "Require(12) node_modules/egg-view/config/config.default.js",
    "start": 1613114648705,
    "end": 1613114648706,
    "duration": 1,
    "pid": 21948,
    "index": 16
  },
  {
    "name": "Require(13) node_modules/egg-mysql/config/config.default.js",
    "start": 1613114648707,
    "end": 1613114648707,
    "duration": 0,
    "pid": 21948,
    "index": 17
  },
  {
    "name": "Require(14) node_modules/egg-cors/config/config.default.js",
    "start": 1613114648708,
    "end": 1613114648709,
    "duration": 1,
    "pid": 21948,
    "index": 18
  },
  {
    "name": "Require(15) node_modules/egg/config/config.default.js",
    "start": 1613114648709,
    "end": 1613114648709,
    "duration": 0,
    "pid": 21948,
    "index": 19
  },
  {
    "name": "Require(16) config/config.default.js",
    "start": 1613114648711,
    "end": 1613114648711,
    "duration": 0,
    "pid": 21948,
    "index": 20
  },
  {
    "name": "Require(17) node_modules/egg-security/config/config.local.js",
    "start": 1613114648714,
    "end": 1613114648715,
    "duration": 1,
    "pid": 21948,
    "index": 21
  },
  {
    "name": "Require(18) node_modules/egg-watcher/config/config.local.js",
    "start": 1613114648716,
    "end": 1613114648717,
    "duration": 1,
    "pid": 21948,
    "index": 22
  },
  {
    "name": "Require(19) node_modules/egg-view/config/config.local.js",
    "start": 1613114648718,
    "end": 1613114648719,
    "duration": 1,
    "pid": 21948,
    "index": 23
  },
  {
    "name": "Require(20) node_modules/egg/config/config.local.js",
    "start": 1613114648720,
    "end": 1613114648720,
    "duration": 0,
    "pid": 21948,
    "index": 24
  },
  {
    "name": "Load extend/application.js",
    "start": 1613114648721,
    "end": 1613114648749,
    "duration": 28,
    "pid": 21948,
    "index": 25
  },
  {
    "name": "Require(21) node_modules/egg-session/app/extend/application.js",
    "start": 1613114648722,
    "end": 1613114648722,
    "duration": 0,
    "pid": 21948,
    "index": 26
  },
  {
    "name": "Require(22) node_modules/egg-security/app/extend/application.js",
    "start": 1613114648723,
    "end": 1613114648724,
    "duration": 1,
    "pid": 21948,
    "index": 27
  },
  {
    "name": "Require(23) node_modules/egg-jsonp/app/extend/application.js",
    "start": 1613114648725,
    "end": 1613114648726,
    "duration": 1,
    "pid": 21948,
    "index": 28
  },
  {
    "name": "Require(24) node_modules/egg-logrotator/app/extend/application.js",
    "start": 1613114648731,
    "end": 1613114648739,
    "duration": 8,
    "pid": 21948,
    "index": 29
  },
  {
    "name": "Require(25) node_modules/egg-view/app/extend/application.js",
    "start": 1613114648740,
    "end": 1613114648741,
    "duration": 1,
    "pid": 21948,
    "index": 30
  },
  {
    "name": "Load extend/request.js",
    "start": 1613114648749,
    "end": 1613114648757,
    "duration": 8,
    "pid": 21948,
    "index": 31
  },
  {
    "name": "Require(26) node_modules/egg/app/extend/request.js",
    "start": 1613114648753,
    "end": 1613114648754,
    "duration": 1,
    "pid": 21948,
    "index": 32
  },
  {
    "name": "Load extend/response.js",
    "start": 1613114648757,
    "end": 1613114648767,
    "duration": 10,
    "pid": 21948,
    "index": 33
  },
  {
    "name": "Require(27) node_modules/egg/app/extend/response.js",
    "start": 1613114648761,
    "end": 1613114648764,
    "duration": 3,
    "pid": 21948,
    "index": 34
  },
  {
    "name": "Load extend/context.js",
    "start": 1613114648767,
    "end": 1613114648886,
    "duration": 119,
    "pid": 21948,
    "index": 35
  },
  {
    "name": "Require(28) node_modules/egg-security/app/extend/context.js",
    "start": 1613114648768,
    "end": 1613114648784,
    "duration": 16,
    "pid": 21948,
    "index": 36
  },
  {
    "name": "Require(29) node_modules/egg-jsonp/app/extend/context.js",
    "start": 1613114648784,
    "end": 1613114648786,
    "duration": 2,
    "pid": 21948,
    "index": 37
  },
  {
    "name": "Require(30) node_modules/egg-i18n/app/extend/context.js",
    "start": 1613114648786,
    "end": 1613114648787,
    "duration": 1,
    "pid": 21948,
    "index": 38
  },
  {
    "name": "Require(31) node_modules/egg-multipart/app/extend/context.js",
    "start": 1613114648788,
    "end": 1613114648876,
    "duration": 88,
    "pid": 21948,
    "index": 39
  },
  {
    "name": "Require(32) node_modules/egg-view/app/extend/context.js",
    "start": 1613114648877,
    "end": 1613114648879,
    "duration": 2,
    "pid": 21948,
    "index": 40
  },
  {
    "name": "Require(33) node_modules/egg/app/extend/context.js",
    "start": 1613114648881,
    "end": 1613114648882,
    "duration": 1,
    "pid": 21948,
    "index": 41
  },
  {
    "name": "Load extend/helper.js",
    "start": 1613114648886,
    "end": 1613114648921,
    "duration": 35,
    "pid": 21948,
    "index": 42
  },
  {
    "name": "Require(34) node_modules/egg-security/app/extend/helper.js",
    "start": 1613114648887,
    "end": 1613114648908,
    "duration": 21,
    "pid": 21948,
    "index": 43
  },
  {
    "name": "Require(35) node_modules/egg/app/extend/helper.js",
    "start": 1613114648916,
    "end": 1613114648916,
    "duration": 0,
    "pid": 21948,
    "index": 44
  },
  {
    "name": "Load app.js",
    "start": 1613114648921,
    "end": 1613114648982,
    "duration": 61,
    "pid": 21948,
    "index": 45
  },
  {
    "name": "Require(36) node_modules/egg-session/app.js",
    "start": 1613114648922,
    "end": 1613114648922,
    "duration": 0,
    "pid": 21948,
    "index": 46
  },
  {
    "name": "Require(37) node_modules/egg-security/app.js",
    "start": 1613114648922,
    "end": 1613114648924,
    "duration": 2,
    "pid": 21948,
    "index": 47
  },
  {
    "name": "Require(38) node_modules/egg-onerror/app.js",
    "start": 1613114648925,
    "end": 1613114648939,
    "duration": 14,
    "pid": 21948,
    "index": 48
  },
  {
    "name": "Require(39) node_modules/egg-i18n/app.js",
    "start": 1613114648939,
    "end": 1613114648951,
    "duration": 12,
    "pid": 21948,
    "index": 49
  },
  {
    "name": "Require(40) node_modules/egg-watcher/app.js",
    "start": 1613114648952,
    "end": 1613114648956,
    "duration": 4,
    "pid": 21948,
    "index": 50
  },
  {
    "name": "Require(41) node_modules/egg-schedule/app.js",
    "start": 1613114648956,
    "end": 1613114648958,
    "duration": 2,
    "pid": 21948,
    "index": 51
  },
  {
    "name": "Require(42) node_modules/egg-multipart/app.js",
    "start": 1613114648958,
    "end": 1613114648959,
    "duration": 1,
    "pid": 21948,
    "index": 52
  },
  {
    "name": "Require(43) node_modules/egg-development/app.js",
    "start": 1613114648960,
    "end": 1613114648960,
    "duration": 0,
    "pid": 21948,
    "index": 53
  },
  {
    "name": "Require(44) node_modules/egg-logrotator/app.js",
    "start": 1613114648960,
    "end": 1613114648961,
    "duration": 1,
    "pid": 21948,
    "index": 54
  },
  {
    "name": "Require(45) node_modules/egg-static/app.js",
    "start": 1613114648964,
    "end": 1613114648964,
    "duration": 0,
    "pid": 21948,
    "index": 55
  },
  {
    "name": "Require(46) node_modules/egg-mysql/app.js",
    "start": 1613114648965,
    "end": 1613114648980,
    "duration": 15,
    "pid": 21948,
    "index": 56
  },
  {
    "name": "Require(47) node_modules/egg-cors/app.js",
    "start": 1613114648981,
    "end": 1613114648981,
    "duration": 0,
    "pid": 21948,
    "index": 57
  },
  {
    "name": "Before Start in node_modules/egg-watcher/lib/init.js:15:14",
    "start": 1613114648997,
    "end": 1613114649335,
    "duration": 338,
    "pid": 21948,
    "index": 58
  },
  {
    "name": "Before Start in node_modules/egg-mysql/lib/mysql.js:20:7",
    "start": 1613114649166,
    "end": 1613114649509,
    "duration": 343,
    "pid": 21948,
    "index": 59
  },
  {
    "name": "Load Service",
    "start": 1613114649166,
    "end": 1613114649172,
    "duration": 6,
    "pid": 21948,
    "index": 60
  },
  {
    "name": "Load \"service\" to Context",
    "start": 1613114649166,
    "end": 1613114649172,
    "duration": 6,
    "pid": 21948,
    "index": 61
  },
  {
    "name": "Load Middleware",
    "start": 1613114649172,
    "end": 1613114649305,
    "duration": 133,
    "pid": 21948,
    "index": 62
  },
  {
    "name": "Load \"middlewares\" to Application",
    "start": 1613114649172,
    "end": 1613114649289,
    "duration": 117,
    "pid": 21948,
    "index": 63
  },
  {
    "name": "Load Controller",
    "start": 1613114649306,
    "end": 1613114649310,
    "duration": 4,
    "pid": 21948,
    "index": 64
  },
  {
    "name": "Load \"controller\" to Application",
    "start": 1613114649306,
    "end": 1613114649310,
    "duration": 4,
    "pid": 21948,
    "index": 65
  },
  {
    "name": "Load Router",
    "start": 1613114649310,
    "end": 1613114649315,
    "duration": 5,
    "pid": 21948,
    "index": 66
  },
  {
    "name": "Require(48) app/router.js",
    "start": 1613114649310,
    "end": 1613114649311,
    "duration": 1,
    "pid": 21948,
    "index": 67
  },
  {
    "name": "Before Start in node_modules/egg-core/lib/egg.js:303:10",
    "start": 1613114649312,
    "end": 1613114649326,
    "duration": 14,
    "pid": 21948,
    "index": 68
  }
]