[
  {
    "name": "Process Start",
    "start": 1613113437854,
    "end": 1613113439178,
    "duration": 1324,
    "pid": 6180,
    "index": 0
  },
  {
    "name": "Application Start",
    "start": 1613113439179,
    "end": 1613113439995,
    "duration": 816,
    "pid": 6180,
    "index": 1
  },
  {
    "name": "Load Plugin",
    "start": 1613113439185,
    "end": 1613113439208,
    "duration": 23,
    "pid": 6180,
    "index": 2
  },
  {
    "name": "Load Config",
    "start": 1613113439208,
    "end": 1613113439239,
    "duration": 31,
    "pid": 6180,
    "index": 3
  },
  {
    "name": "Require(0) config/config.default.js",
    "start": 1613113439209,
    "end": 1613113439209,
    "duration": 0,
    "pid": 6180,
    "index": 4
  },
  {
    "name": "Require(1) node_modules/egg-session/config/config.default.js",
    "start": 1613113439211,
    "end": 1613113439211,
    "duration": 0,
    "pid": 6180,
    "index": 5
  },
  {
    "name": "Require(2) node_modules/egg-security/config/config.default.js",
    "start": 1613113439212,
    "end": 1613113439212,
    "duration": 0,
    "pid": 6180,
    "index": 6
  },
  {
    "name": "Require(3) node_modules/egg-jsonp/config/config.default.js",
    "start": 1613113439214,
    "end": 1613113439214,
    "duration": 0,
    "pid": 6180,
    "index": 7
  },
  {
    "name": "Require(4) node_modules/egg-onerror/config/config.default.js",
    "start": 1613113439215,
    "end": 1613113439215,
    "duration": 0,
    "pid": 6180,
    "index": 8
  },
  {
    "name": "Require(5) node_modules/egg-i18n/config/config.default.js",
    "start": 1613113439216,
    "end": 1613113439216,
    "duration": 0,
    "pid": 6180,
    "index": 9
  },
  {
    "name": "Require(6) node_modules/egg-watcher/config/config.default.js",
    "start": 1613113439217,
    "end": 1613113439217,
    "duration": 0,
    "pid": 6180,
    "index": 10
  },
  {
    "name": "Require(7) node_modules/egg-schedule/config/config.default.js",
    "start": 1613113439218,
    "end": 1613113439218,
    "duration": 0,
    "pid": 6180,
    "index": 11
  },
  {
    "name": "Require(8) node_modules/egg-multipart/config/config.default.js",
    "start": 1613113439219,
    "end": 1613113439220,
    "duration": 1,
    "pid": 6180,
    "index": 12
  },
  {
    "name": "Require(9) node_modules/egg-development/config/config.default.js",
    "start": 1613113439222,
    "end": 1613113439223,
    "duration": 1,
    "pid": 6180,
    "index": 13
  },
  {
    "name": "Require(10) node_modules/egg-logrotator/config/config.default.js",
    "start": 1613113439223,
    "end": 1613113439224,
    "duration": 1,
    "pid": 6180,
    "index": 14
  },
  {
    "name": "Require(11) node_modules/egg-static/config/config.default.js",
    "start": 1613113439224,
    "end": 1613113439225,
    "duration": 1,
    "pid": 6180,
    "index": 15
  },
  {
    "name": "Require(12) node_modules/egg-view/config/config.default.js",
    "start": 1613113439226,
    "end": 1613113439226,
    "duration": 0,
    "pid": 6180,
    "index": 16
  },
  {
    "name": "Require(13) node_modules/egg-mysql/config/config.default.js",
    "start": 1613113439227,
    "end": 1613113439228,
    "duration": 1,
    "pid": 6180,
    "index": 17
  },
  {
    "name": "Require(14) node_modules/egg-cors/config/config.default.js",
    "start": 1613113439229,
    "end": 1613113439229,
    "duration": 0,
    "pid": 6180,
    "index": 18
  },
  {
    "name": "Require(15) node_modules/egg/config/config.default.js",
    "start": 1613113439230,
    "end": 1613113439230,
    "duration": 0,
    "pid": 6180,
    "index": 19
  },
  {
    "name": "Require(16) config/config.default.js",
    "start": 1613113439231,
    "end": 1613113439231,
    "duration": 0,
    "pid": 6180,
    "index": 20
  },
  {
    "name": "Require(17) node_modules/egg-security/config/config.local.js",
    "start": 1613113439232,
    "end": 1613113439232,
    "duration": 0,
    "pid": 6180,
    "index": 21
  },
  {
    "name": "Require(18) node_modules/egg-watcher/config/config.local.js",
    "start": 1613113439234,
    "end": 1613113439234,
    "duration": 0,
    "pid": 6180,
    "index": 22
  },
  {
    "name": "Require(19) node_modules/egg-view/config/config.local.js",
    "start": 1613113439236,
    "end": 1613113439237,
    "duration": 1,
    "pid": 6180,
    "index": 23
  },
  {
    "name": "Require(20) node_modules/egg/config/config.local.js",
    "start": 1613113439238,
    "end": 1613113439239,
    "duration": 1,
    "pid": 6180,
    "index": 24
  },
  {
    "name": "Load extend/application.js",
    "start": 1613113439240,
    "end": 1613113439264,
    "duration": 24,
    "pid": 6180,
    "index": 25
  },
  {
    "name": "Require(21) node_modules/egg-session/app/extend/application.js",
    "start": 1613113439241,
    "end": 1613113439241,
    "duration": 0,
    "pid": 6180,
    "index": 26
  },
  {
    "name": "Require(22) node_modules/egg-security/app/extend/application.js",
    "start": 1613113439242,
    "end": 1613113439243,
    "duration": 1,
    "pid": 6180,
    "index": 27
  },
  {
    "name": "Require(23) node_modules/egg-jsonp/app/extend/application.js",
    "start": 1613113439244,
    "end": 1613113439245,
    "duration": 1,
    "pid": 6180,
    "index": 28
  },
  {
    "name": "Require(24) node_modules/egg-logrotator/app/extend/application.js",
    "start": 1613113439249,
    "end": 1613113439257,
    "duration": 8,
    "pid": 6180,
    "index": 29
  },
  {
    "name": "Require(25) node_modules/egg-view/app/extend/application.js",
    "start": 1613113439258,
    "end": 1613113439259,
    "duration": 1,
    "pid": 6180,
    "index": 30
  },
  {
    "name": "Load extend/request.js",
    "start": 1613113439264,
    "end": 1613113439274,
    "duration": 10,
    "pid": 6180,
    "index": 31
  },
  {
    "name": "Require(26) node_modules/egg/app/extend/request.js",
    "start": 1613113439268,
    "end": 1613113439269,
    "duration": 1,
    "pid": 6180,
    "index": 32
  },
  {
    "name": "Load extend/response.js",
    "start": 1613113439274,
    "end": 1613113439309,
    "duration": 35,
    "pid": 6180,
    "index": 33
  },
  {
    "name": "Require(27) node_modules/egg/app/extend/response.js",
    "start": 1613113439278,
    "end": 1613113439280,
    "duration": 2,
    "pid": 6180,
    "index": 34
  },
  {
    "name": "Load extend/context.js",
    "start": 1613113439310,
    "end": 1613113439384,
    "duration": 74,
    "pid": 6180,
    "index": 35
  },
  {
    "name": "Require(28) node_modules/egg-security/app/extend/context.js",
    "start": 1613113439311,
    "end": 1613113439326,
    "duration": 15,
    "pid": 6180,
    "index": 36
  },
  {
    "name": "Require(29) node_modules/egg-jsonp/app/extend/context.js",
    "start": 1613113439327,
    "end": 1613113439328,
    "duration": 1,
    "pid": 6180,
    "index": 37
  },
  {
    "name": "Require(30) node_modules/egg-i18n/app/extend/context.js",
    "start": 1613113439328,
    "end": 1613113439329,
    "duration": 1,
    "pid": 6180,
    "index": 38
  },
  {
    "name": "Require(31) node_modules/egg-multipart/app/extend/context.js",
    "start": 1613113439330,
    "end": 1613113439377,
    "duration": 47,
    "pid": 6180,
    "index": 39
  },
  {
    "name": "Require(32) node_modules/egg-view/app/extend/context.js",
    "start": 1613113439378,
    "end": 1613113439379,
    "duration": 1,
    "pid": 6180,
    "index": 40
  },
  {
    "name": "Require(33) node_modules/egg/app/extend/context.js",
    "start": 1613113439380,
    "end": 1613113439381,
    "duration": 1,
    "pid": 6180,
    "index": 41
  },
  {
    "name": "Load extend/helper.js",
    "start": 1613113439384,
    "end": 1613113439411,
    "duration": 27,
    "pid": 6180,
    "index": 42
  },
  {
    "name": "Require(34) node_modules/egg-security/app/extend/helper.js",
    "start": 1613113439385,
    "end": 1613113439403,
    "duration": 18,
    "pid": 6180,
    "index": 43
  },
  {
    "name": "Require(35) node_modules/egg/app/extend/helper.js",
    "start": 1613113439407,
    "end": 1613113439408,
    "duration": 1,
    "pid": 6180,
    "index": 44
  },
  {
    "name": "Load app.js",
    "start": 1613113439411,
    "end": 1613113439463,
    "duration": 52,
    "pid": 6180,
    "index": 45
  },
  {
    "name": "Require(36) node_modules/egg-session/app.js",
    "start": 1613113439412,
    "end": 1613113439412,
    "duration": 0,
    "pid": 6180,
    "index": 46
  },
  {
    "name": "Require(37) node_modules/egg-security/app.js",
    "start": 1613113439413,
    "end": 1613113439414,
    "duration": 1,
    "pid": 6180,
    "index": 47
  },
  {
    "name": "Require(38) node_modules/egg-onerror/app.js",
    "start": 1613113439415,
    "end": 1613113439426,
    "duration": 11,
    "pid": 6180,
    "index": 48
  },
  {
    "name": "Require(39) node_modules/egg-i18n/app.js",
    "start": 1613113439426,
    "end": 1613113439436,
    "duration": 10,
    "pid": 6180,
    "index": 49
  },
  {
    "name": "Require(40) node_modules/egg-watcher/app.js",
    "start": 1613113439436,
    "end": 1613113439441,
    "duration": 5,
    "pid": 6180,
    "index": 50
  },
  {
    "name": "Require(41) node_modules/egg-schedule/app.js",
    "start": 1613113439441,
    "end": 1613113439443,
    "duration": 2,
    "pid": 6180,
    "index": 51
  },
  {
    "name": "Require(42) node_modules/egg-multipart/app.js",
    "start": 1613113439443,
    "end": 1613113439444,
    "duration": 1,
    "pid": 6180,
    "index": 52
  },
  {
    "name": "Require(43) node_modules/egg-development/app.js",
    "start": 1613113439444,
    "end": 1613113439445,
    "duration": 1,
    "pid": 6180,
    "index": 53
  },
  {
    "name": "Require(44) node_modules/egg-logrotator/app.js",
    "start": 1613113439445,
    "end": 1613113439445,
    "duration": 0,
    "pid": 6180,
    "index": 54
  },
  {
    "name": "Require(45) node_modules/egg-static/app.js",
    "start": 1613113439446,
    "end": 1613113439446,
    "duration": 0,
    "pid": 6180,
    "index": 55
  },
  {
    "name": "Require(46) node_modules/egg-mysql/app.js",
    "start": 1613113439447,
    "end": 1613113439459,
    "duration": 12,
    "pid": 6180,
    "index": 56
  },
  {
    "name": "Require(47) node_modules/egg-cors/app.js",
    "start": 1613113439462,
    "end": 1613113439462,
    "duration": 0,
    "pid": 6180,
    "index": 57
  },
  {
    "name": "Before Start in node_modules/egg-watcher/lib/init.js:15:14",
    "start": 1613113439474,
    "end": 1613113439856,
    "duration": 382,
    "pid": 6180,
    "index": 58
  },
  {
    "name": "Before Start in node_modules/egg-mysql/lib/mysql.js:20:7",
    "start": 1613113439594,
    "end": 1613113439995,
    "duration": 401,
    "pid": 6180,
    "index": 59
  },
  {
    "name": "Load Service",
    "start": 1613113439594,
    "end": 1613113439600,
    "duration": 6,
    "pid": 6180,
    "index": 60
  },
  {
    "name": "Load \"service\" to Context",
    "start": 1613113439594,
    "end": 1613113439600,
    "duration": 6,
    "pid": 6180,
    "index": 61
  },
  {
    "name": "Load Middleware",
    "start": 1613113439600,
    "end": 1613113439779,
    "duration": 179,
    "pid": 6180,
    "index": 62
  },
  {
    "name": "Load \"middlewares\" to Application",
    "start": 1613113439600,
    "end": 1613113439746,
    "duration": 146,
    "pid": 6180,
    "index": 63
  },
  {
    "name": "Load Controller",
    "start": 1613113439779,
    "end": 1613113439795,
    "duration": 16,
    "pid": 6180,
    "index": 64
  },
  {
    "name": "Load \"controller\" to Application",
    "start": 1613113439779,
    "end": 1613113439795,
    "duration": 16,
    "pid": 6180,
    "index": 65
  },
  {
    "name": "Load Router",
    "start": 1613113439795,
    "end": 1613113439817,
    "duration": 22,
    "pid": 6180,
    "index": 66
  },
  {
    "name": "Require(48) app/router.js",
    "start": 1613113439796,
    "end": 1613113439796,
    "duration": 0,
    "pid": 6180,
    "index": 67
  },
  {
    "name": "Before Start in node_modules/egg-core/lib/egg.js:303:10",
    "start": 1613113439798,
    "end": 1613113439847,
    "duration": 49,
    "pid": 6180,
    "index": 68
  }
]