[
  {
    "name": "Process Start",
    "start": 1613111427553,
    "end": 1613111428841,
    "duration": 1288,
    "pid": 6992,
    "index": 0
  },
  {
    "name": "Application Start",
    "start": 1613111428841,
    "end": 1613111429654,
    "duration": 813,
    "pid": 6992,
    "index": 1
  },
  {
    "name": "Load Plugin",
    "start": 1613111428849,
    "end": 1613111428871,
    "duration": 22,
    "pid": 6992,
    "index": 2
  },
  {
    "name": "Load Config",
    "start": 1613111428871,
    "end": 1613111428904,
    "duration": 33,
    "pid": 6992,
    "index": 3
  },
  {
    "name": "Require(0) config/config.default.js",
    "start": 1613111428872,
    "end": 1613111428872,
    "duration": 0,
    "pid": 6992,
    "index": 4
  },
  {
    "name": "Require(1) node_modules/egg-session/config/config.default.js",
    "start": 1613111428874,
    "end": 1613111428874,
    "duration": 0,
    "pid": 6992,
    "index": 5
  },
  {
    "name": "Require(2) node_modules/egg-security/config/config.default.js",
    "start": 1613111428875,
    "end": 1613111428875,
    "duration": 0,
    "pid": 6992,
    "index": 6
  },
  {
    "name": "Require(3) node_modules/egg-jsonp/config/config.default.js",
    "start": 1613111428877,
    "end": 1613111428877,
    "duration": 0,
    "pid": 6992,
    "index": 7
  },
  {
    "name": "Require(4) node_modules/egg-onerror/config/config.default.js",
    "start": 1613111428878,
    "end": 1613111428878,
    "duration": 0,
    "pid": 6992,
    "index": 8
  },
  {
    "name": "Require(5) node_modules/egg-i18n/config/config.default.js",
    "start": 1613111428879,
    "end": 1613111428879,
    "duration": 0,
    "pid": 6992,
    "index": 9
  },
  {
    "name": "Require(6) node_modules/egg-watcher/config/config.default.js",
    "start": 1613111428880,
    "end": 1613111428881,
    "duration": 1,
    "pid": 6992,
    "index": 10
  },
  {
    "name": "Require(7) node_modules/egg-schedule/config/config.default.js",
    "start": 1613111428883,
    "end": 1613111428883,
    "duration": 0,
    "pid": 6992,
    "index": 11
  },
  {
    "name": "Require(8) node_modules/egg-multipart/config/config.default.js",
    "start": 1613111428884,
    "end": 1613111428885,
    "duration": 1,
    "pid": 6992,
    "index": 12
  },
  {
    "name": "Require(9) node_modules/egg-development/config/config.default.js",
    "start": 1613111428886,
    "end": 1613111428887,
    "duration": 1,
    "pid": 6992,
    "index": 13
  },
  {
    "name": "Require(10) node_modules/egg-logrotator/config/config.default.js",
    "start": 1613111428887,
    "end": 1613111428888,
    "duration": 1,
    "pid": 6992,
    "index": 14
  },
  {
    "name": "Require(11) node_modules/egg-static/config/config.default.js",
    "start": 1613111428888,
    "end": 1613111428889,
    "duration": 1,
    "pid": 6992,
    "index": 15
  },
  {
    "name": "Require(12) node_modules/egg-view/config/config.default.js",
    "start": 1613111428889,
    "end": 1613111428890,
    "duration": 1,
    "pid": 6992,
    "index": 16
  },
  {
    "name": "Require(13) node_modules/egg-mysql/config/config.default.js",
    "start": 1613111428890,
    "end": 1613111428891,
    "duration": 1,
    "pid": 6992,
    "index": 17
  },
  {
    "name": "Require(14) node_modules/egg-cors/config/config.default.js",
    "start": 1613111428892,
    "end": 1613111428892,
    "duration": 0,
    "pid": 6992,
    "index": 18
  },
  {
    "name": "Require(15) node_modules/egg/config/config.default.js",
    "start": 1613111428892,
    "end": 1613111428893,
    "duration": 1,
    "pid": 6992,
    "index": 19
  },
  {
    "name": "Require(16) config/config.default.js",
    "start": 1613111428894,
    "end": 1613111428894,
    "duration": 0,
    "pid": 6992,
    "index": 20
  },
  {
    "name": "Require(17) node_modules/egg-security/config/config.local.js",
    "start": 1613111428895,
    "end": 1613111428895,
    "duration": 0,
    "pid": 6992,
    "index": 21
  },
  {
    "name": "Require(18) node_modules/egg-watcher/config/config.local.js",
    "start": 1613111428899,
    "end": 1613111428899,
    "duration": 0,
    "pid": 6992,
    "index": 22
  },
  {
    "name": "Require(19) node_modules/egg-view/config/config.local.js",
    "start": 1613111428902,
    "end": 1613111428902,
    "duration": 0,
    "pid": 6992,
    "index": 23
  },
  {
    "name": "Require(20) node_modules/egg/config/config.local.js",
    "start": 1613111428903,
    "end": 1613111428903,
    "duration": 0,
    "pid": 6992,
    "index": 24
  },
  {
    "name": "Load extend/application.js",
    "start": 1613111428905,
    "end": 1613111428937,
    "duration": 32,
    "pid": 6992,
    "index": 25
  },
  {
    "name": "Require(21) node_modules/egg-session/app/extend/application.js",
    "start": 1613111428905,
    "end": 1613111428906,
    "duration": 1,
    "pid": 6992,
    "index": 26
  },
  {
    "name": "Require(22) node_modules/egg-security/app/extend/application.js",
    "start": 1613111428906,
    "end": 1613111428908,
    "duration": 2,
    "pid": 6992,
    "index": 27
  },
  {
    "name": "Require(23) node_modules/egg-jsonp/app/extend/application.js",
    "start": 1613111428908,
    "end": 1613111428910,
    "duration": 2,
    "pid": 6992,
    "index": 28
  },
  {
    "name": "Require(24) node_modules/egg-logrotator/app/extend/application.js",
    "start": 1613111428916,
    "end": 1613111428926,
    "duration": 10,
    "pid": 6992,
    "index": 29
  },
  {
    "name": "Require(25) node_modules/egg-view/app/extend/application.js",
    "start": 1613111428927,
    "end": 1613111428931,
    "duration": 4,
    "pid": 6992,
    "index": 30
  },
  {
    "name": "Load extend/request.js",
    "start": 1613111428937,
    "end": 1613111428970,
    "duration": 33,
    "pid": 6992,
    "index": 31
  },
  {
    "name": "Require(26) node_modules/egg/app/extend/request.js",
    "start": 1613111428942,
    "end": 1613111428944,
    "duration": 2,
    "pid": 6992,
    "index": 32
  },
  {
    "name": "Load extend/response.js",
    "start": 1613111428970,
    "end": 1613111428981,
    "duration": 11,
    "pid": 6992,
    "index": 33
  },
  {
    "name": "Require(27) node_modules/egg/app/extend/response.js",
    "start": 1613111428974,
    "end": 1613111428976,
    "duration": 2,
    "pid": 6992,
    "index": 34
  },
  {
    "name": "Load extend/context.js",
    "start": 1613111428981,
    "end": 1613111429060,
    "duration": 79,
    "pid": 6992,
    "index": 35
  },
  {
    "name": "Require(28) node_modules/egg-security/app/extend/context.js",
    "start": 1613111428982,
    "end": 1613111428999,
    "duration": 17,
    "pid": 6992,
    "index": 36
  },
  {
    "name": "Require(29) node_modules/egg-jsonp/app/extend/context.js",
    "start": 1613111428999,
    "end": 1613111429001,
    "duration": 2,
    "pid": 6992,
    "index": 37
  },
  {
    "name": "Require(30) node_modules/egg-i18n/app/extend/context.js",
    "start": 1613111429002,
    "end": 1613111429002,
    "duration": 0,
    "pid": 6992,
    "index": 38
  },
  {
    "name": "Require(31) node_modules/egg-multipart/app/extend/context.js",
    "start": 1613111429003,
    "end": 1613111429053,
    "duration": 50,
    "pid": 6992,
    "index": 39
  },
  {
    "name": "Require(32) node_modules/egg-view/app/extend/context.js",
    "start": 1613111429054,
    "end": 1613111429055,
    "duration": 1,
    "pid": 6992,
    "index": 40
  },
  {
    "name": "Require(33) node_modules/egg/app/extend/context.js",
    "start": 1613111429056,
    "end": 1613111429056,
    "duration": 0,
    "pid": 6992,
    "index": 41
  },
  {
    "name": "Load extend/helper.js",
    "start": 1613111429060,
    "end": 1613111429088,
    "duration": 28,
    "pid": 6992,
    "index": 42
  },
  {
    "name": "Require(34) node_modules/egg-security/app/extend/helper.js",
    "start": 1613111429061,
    "end": 1613111429078,
    "duration": 17,
    "pid": 6992,
    "index": 43
  },
  {
    "name": "Require(35) node_modules/egg/app/extend/helper.js",
    "start": 1613111429083,
    "end": 1613111429084,
    "duration": 1,
    "pid": 6992,
    "index": 44
  },
  {
    "name": "Load app.js",
    "start": 1613111429088,
    "end": 1613111429136,
    "duration": 48,
    "pid": 6992,
    "index": 45
  },
  {
    "name": "Require(36) node_modules/egg-session/app.js",
    "start": 1613111429089,
    "end": 1613111429089,
    "duration": 0,
    "pid": 6992,
    "index": 46
  },
  {
    "name": "Require(37) node_modules/egg-security/app.js",
    "start": 1613111429089,
    "end": 1613111429091,
    "duration": 2,
    "pid": 6992,
    "index": 47
  },
  {
    "name": "Require(38) node_modules/egg-onerror/app.js",
    "start": 1613111429092,
    "end": 1613111429101,
    "duration": 9,
    "pid": 6992,
    "index": 48
  },
  {
    "name": "Require(39) node_modules/egg-i18n/app.js",
    "start": 1613111429101,
    "end": 1613111429110,
    "duration": 9,
    "pid": 6992,
    "index": 49
  },
  {
    "name": "Require(40) node_modules/egg-watcher/app.js",
    "start": 1613111429110,
    "end": 1613111429115,
    "duration": 5,
    "pid": 6992,
    "index": 50
  },
  {
    "name": "Require(41) node_modules/egg-schedule/app.js",
    "start": 1613111429115,
    "end": 1613111429117,
    "duration": 2,
    "pid": 6992,
    "index": 51
  },
  {
    "name": "Require(42) node_modules/egg-multipart/app.js",
    "start": 1613111429117,
    "end": 1613111429118,
    "duration": 1,
    "pid": 6992,
    "index": 52
  },
  {
    "name": "Require(43) node_modules/egg-development/app.js",
    "start": 1613111429118,
    "end": 1613111429118,
    "duration": 0,
    "pid": 6992,
    "index": 53
  },
  {
    "name": "Require(44) node_modules/egg-logrotator/app.js",
    "start": 1613111429119,
    "end": 1613111429119,
    "duration": 0,
    "pid": 6992,
    "index": 54
  },
  {
    "name": "Require(45) node_modules/egg-static/app.js",
    "start": 1613111429119,
    "end": 1613111429120,
    "duration": 1,
    "pid": 6992,
    "index": 55
  },
  {
    "name": "Require(46) node_modules/egg-mysql/app.js",
    "start": 1613111429120,
    "end": 1613111429134,
    "duration": 14,
    "pid": 6992,
    "index": 56
  },
  {
    "name": "Require(47) node_modules/egg-cors/app.js",
    "start": 1613111429135,
    "end": 1613111429135,
    "duration": 0,
    "pid": 6992,
    "index": 57
  },
  {
    "name": "Before Start in node_modules/egg-watcher/lib/init.js:15:14",
    "start": 1613111429149,
    "end": 1613111429483,
    "duration": 334,
    "pid": 6992,
    "index": 58
  },
  {
    "name": "Before Start in node_modules/egg-mysql/lib/mysql.js:20:7",
    "start": 1613111429285,
    "end": 1613111429652,
    "duration": 367,
    "pid": 6992,
    "index": 59
  },
  {
    "name": "Load Service",
    "start": 1613111429286,
    "end": 1613111429291,
    "duration": 5,
    "pid": 6992,
    "index": 60
  },
  {
    "name": "Load \"service\" to Context",
    "start": 1613111429286,
    "end": 1613111429291,
    "duration": 5,
    "pid": 6992,
    "index": 61
  },
  {
    "name": "Load Middleware",
    "start": 1613111429291,
    "end": 1613111429429,
    "duration": 138,
    "pid": 6992,
    "index": 62
  },
  {
    "name": "Load \"middlewares\" to Application",
    "start": 1613111429291,
    "end": 1613111429412,
    "duration": 121,
    "pid": 6992,
    "index": 63
  },
  {
    "name": "Load Controller",
    "start": 1613111429429,
    "end": 1613111429437,
    "duration": 8,
    "pid": 6992,
    "index": 64
  },
  {
    "name": "Load \"controller\" to Application",
    "start": 1613111429429,
    "end": 1613111429437,
    "duration": 8,
    "pid": 6992,
    "index": 65
  },
  {
    "name": "Load Router",
    "start": 1613111429437,
    "end": 1613111429461,
    "duration": 24,
    "pid": 6992,
    "index": 66
  },
  {
    "name": "Require(48) app/router.js",
    "start": 1613111429437,
    "end": 1613111429438,
    "duration": 1,
    "pid": 6992,
    "index": 67
  },
  {
    "name": "Before Start in node_modules/egg-core/lib/egg.js:303:10",
    "start": 1613111429444,
    "end": 1613111429474,
    "duration": 30,
    "pid": 6992,
    "index": 68
  }
]