[
  {
    "name": "Process Start",
    "start": 1613112679254,
    "end": 1613112680556,
    "duration": 1302,
    "pid": 10536,
    "index": 0
  },
  {
    "name": "Application Start",
    "start": 1613112680557,
    "end": 1613112681365,
    "duration": 808,
    "pid": 10536,
    "index": 1
  },
  {
    "name": "Load Plugin",
    "start": 1613112680565,
    "end": 1613112680585,
    "duration": 20,
    "pid": 10536,
    "index": 2
  },
  {
    "name": "Load Config",
    "start": 1613112680586,
    "end": 1613112680613,
    "duration": 27,
    "pid": 10536,
    "index": 3
  },
  {
    "name": "Require(0) config/config.default.js",
    "start": 1613112680586,
    "end": 1613112680587,
    "duration": 1,
    "pid": 10536,
    "index": 4
  },
  {
    "name": "Require(1) node_modules/egg-session/config/config.default.js",
    "start": 1613112680589,
    "end": 1613112680590,
    "duration": 1,
    "pid": 10536,
    "index": 5
  },
  {
    "name": "Require(2) node_modules/egg-security/config/config.default.js",
    "start": 1613112680590,
    "end": 1613112680591,
    "duration": 1,
    "pid": 10536,
    "index": 6
  },
  {
    "name": "Require(3) node_modules/egg-jsonp/config/config.default.js",
    "start": 1613112680592,
    "end": 1613112680593,
    "duration": 1,
    "pid": 10536,
    "index": 7
  },
  {
    "name": "Require(4) node_modules/egg-onerror/config/config.default.js",
    "start": 1613112680593,
    "end": 1613112680594,
    "duration": 1,
    "pid": 10536,
    "index": 8
  },
  {
    "name": "Require(5) node_modules/egg-i18n/config/config.default.js",
    "start": 1613112680595,
    "end": 1613112680595,
    "duration": 0,
    "pid": 10536,
    "index": 9
  },
  {
    "name": "Require(6) node_modules/egg-watcher/config/config.default.js",
    "start": 1613112680596,
    "end": 1613112680596,
    "duration": 0,
    "pid": 10536,
    "index": 10
  },
  {
    "name": "Require(7) node_modules/egg-schedule/config/config.default.js",
    "start": 1613112680597,
    "end": 1613112680597,
    "duration": 0,
    "pid": 10536,
    "index": 11
  },
  {
    "name": "Require(8) node_modules/egg-multipart/config/config.default.js",
    "start": 1613112680598,
    "end": 1613112680598,
    "duration": 0,
    "pid": 10536,
    "index": 12
  },
  {
    "name": "Require(9) node_modules/egg-development/config/config.default.js",
    "start": 1613112680599,
    "end": 1613112680599,
    "duration": 0,
    "pid": 10536,
    "index": 13
  },
  {
    "name": "Require(10) node_modules/egg-logrotator/config/config.default.js",
    "start": 1613112680600,
    "end": 1613112680600,
    "duration": 0,
    "pid": 10536,
    "index": 14
  },
  {
    "name": "Require(11) node_modules/egg-static/config/config.default.js",
    "start": 1613112680601,
    "end": 1613112680601,
    "duration": 0,
    "pid": 10536,
    "index": 15
  },
  {
    "name": "Require(12) node_modules/egg-view/config/config.default.js",
    "start": 1613112680602,
    "end": 1613112680602,
    "duration": 0,
    "pid": 10536,
    "index": 16
  },
  {
    "name": "Require(13) node_modules/egg-mysql/config/config.default.js",
    "start": 1613112680603,
    "end": 1613112680603,
    "duration": 0,
    "pid": 10536,
    "index": 17
  },
  {
    "name": "Require(14) node_modules/egg-cors/config/config.default.js",
    "start": 1613112680603,
    "end": 1613112680604,
    "duration": 1,
    "pid": 10536,
    "index": 18
  },
  {
    "name": "Require(15) node_modules/egg/config/config.default.js",
    "start": 1613112680604,
    "end": 1613112680605,
    "duration": 1,
    "pid": 10536,
    "index": 19
  },
  {
    "name": "Require(16) config/config.default.js",
    "start": 1613112680606,
    "end": 1613112680606,
    "duration": 0,
    "pid": 10536,
    "index": 20
  },
  {
    "name": "Require(17) node_modules/egg-security/config/config.local.js",
    "start": 1613112680607,
    "end": 1613112680607,
    "duration": 0,
    "pid": 10536,
    "index": 21
  },
  {
    "name": "Require(18) node_modules/egg-watcher/config/config.local.js",
    "start": 1613112680609,
    "end": 1613112680610,
    "duration": 1,
    "pid": 10536,
    "index": 22
  },
  {
    "name": "Require(19) node_modules/egg-view/config/config.local.js",
    "start": 1613112680612,
    "end": 1613112680612,
    "duration": 0,
    "pid": 10536,
    "index": 23
  },
  {
    "name": "Require(20) node_modules/egg/config/config.local.js",
    "start": 1613112680613,
    "end": 1613112680613,
    "duration": 0,
    "pid": 10536,
    "index": 24
  },
  {
    "name": "Load extend/application.js",
    "start": 1613112680614,
    "end": 1613112680639,
    "duration": 25,
    "pid": 10536,
    "index": 25
  },
  {
    "name": "Require(21) node_modules/egg-session/app/extend/application.js",
    "start": 1613112680615,
    "end": 1613112680615,
    "duration": 0,
    "pid": 10536,
    "index": 26
  },
  {
    "name": "Require(22) node_modules/egg-security/app/extend/application.js",
    "start": 1613112680616,
    "end": 1613112680617,
    "duration": 1,
    "pid": 10536,
    "index": 27
  },
  {
    "name": "Require(23) node_modules/egg-jsonp/app/extend/application.js",
    "start": 1613112680617,
    "end": 1613112680619,
    "duration": 2,
    "pid": 10536,
    "index": 28
  },
  {
    "name": "Require(24) node_modules/egg-logrotator/app/extend/application.js",
    "start": 1613112680624,
    "end": 1613112680632,
    "duration": 8,
    "pid": 10536,
    "index": 29
  },
  {
    "name": "Require(25) node_modules/egg-view/app/extend/application.js",
    "start": 1613112680633,
    "end": 1613112680634,
    "duration": 1,
    "pid": 10536,
    "index": 30
  },
  {
    "name": "Load extend/request.js",
    "start": 1613112680639,
    "end": 1613112680649,
    "duration": 10,
    "pid": 10536,
    "index": 31
  },
  {
    "name": "Require(26) node_modules/egg/app/extend/request.js",
    "start": 1613112680644,
    "end": 1613112680645,
    "duration": 1,
    "pid": 10536,
    "index": 32
  },
  {
    "name": "Load extend/response.js",
    "start": 1613112680649,
    "end": 1613112680659,
    "duration": 10,
    "pid": 10536,
    "index": 33
  },
  {
    "name": "Require(27) node_modules/egg/app/extend/response.js",
    "start": 1613112680652,
    "end": 1613112680654,
    "duration": 2,
    "pid": 10536,
    "index": 34
  },
  {
    "name": "Load extend/context.js",
    "start": 1613112680659,
    "end": 1613112680768,
    "duration": 109,
    "pid": 10536,
    "index": 35
  },
  {
    "name": "Require(28) node_modules/egg-security/app/extend/context.js",
    "start": 1613112680661,
    "end": 1613112680678,
    "duration": 17,
    "pid": 10536,
    "index": 36
  },
  {
    "name": "Require(29) node_modules/egg-jsonp/app/extend/context.js",
    "start": 1613112680678,
    "end": 1613112680679,
    "duration": 1,
    "pid": 10536,
    "index": 37
  },
  {
    "name": "Require(30) node_modules/egg-i18n/app/extend/context.js",
    "start": 1613112680680,
    "end": 1613112680681,
    "duration": 1,
    "pid": 10536,
    "index": 38
  },
  {
    "name": "Require(31) node_modules/egg-multipart/app/extend/context.js",
    "start": 1613112680682,
    "end": 1613112680761,
    "duration": 79,
    "pid": 10536,
    "index": 39
  },
  {
    "name": "Require(32) node_modules/egg-view/app/extend/context.js",
    "start": 1613112680762,
    "end": 1613112680763,
    "duration": 1,
    "pid": 10536,
    "index": 40
  },
  {
    "name": "Require(33) node_modules/egg/app/extend/context.js",
    "start": 1613112680764,
    "end": 1613112680765,
    "duration": 1,
    "pid": 10536,
    "index": 41
  },
  {
    "name": "Load extend/helper.js",
    "start": 1613112680768,
    "end": 1613112680795,
    "duration": 27,
    "pid": 10536,
    "index": 42
  },
  {
    "name": "Require(34) node_modules/egg-security/app/extend/helper.js",
    "start": 1613112680769,
    "end": 1613112680786,
    "duration": 17,
    "pid": 10536,
    "index": 43
  },
  {
    "name": "Require(35) node_modules/egg/app/extend/helper.js",
    "start": 1613112680790,
    "end": 1613112680791,
    "duration": 1,
    "pid": 10536,
    "index": 44
  },
  {
    "name": "Load app.js",
    "start": 1613112680795,
    "end": 1613112680844,
    "duration": 49,
    "pid": 10536,
    "index": 45
  },
  {
    "name": "Require(36) node_modules/egg-session/app.js",
    "start": 1613112680796,
    "end": 1613112680796,
    "duration": 0,
    "pid": 10536,
    "index": 46
  },
  {
    "name": "Require(37) node_modules/egg-security/app.js",
    "start": 1613112680797,
    "end": 1613112680798,
    "duration": 1,
    "pid": 10536,
    "index": 47
  },
  {
    "name": "Require(38) node_modules/egg-onerror/app.js",
    "start": 1613112680799,
    "end": 1613112680808,
    "duration": 9,
    "pid": 10536,
    "index": 48
  },
  {
    "name": "Require(39) node_modules/egg-i18n/app.js",
    "start": 1613112680808,
    "end": 1613112680818,
    "duration": 10,
    "pid": 10536,
    "index": 49
  },
  {
    "name": "Require(40) node_modules/egg-watcher/app.js",
    "start": 1613112680818,
    "end": 1613112680821,
    "duration": 3,
    "pid": 10536,
    "index": 50
  },
  {
    "name": "Require(41) node_modules/egg-schedule/app.js",
    "start": 1613112680822,
    "end": 1613112680823,
    "duration": 1,
    "pid": 10536,
    "index": 51
  },
  {
    "name": "Require(42) node_modules/egg-multipart/app.js",
    "start": 1613112680823,
    "end": 1613112680824,
    "duration": 1,
    "pid": 10536,
    "index": 52
  },
  {
    "name": "Require(43) node_modules/egg-development/app.js",
    "start": 1613112680825,
    "end": 1613112680825,
    "duration": 0,
    "pid": 10536,
    "index": 53
  },
  {
    "name": "Require(44) node_modules/egg-logrotator/app.js",
    "start": 1613112680826,
    "end": 1613112680826,
    "duration": 0,
    "pid": 10536,
    "index": 54
  },
  {
    "name": "Require(45) node_modules/egg-static/app.js",
    "start": 1613112680826,
    "end": 1613112680826,
    "duration": 0,
    "pid": 10536,
    "index": 55
  },
  {
    "name": "Require(46) node_modules/egg-mysql/app.js",
    "start": 1613112680827,
    "end": 1613112680839,
    "duration": 12,
    "pid": 10536,
    "index": 56
  },
  {
    "name": "Require(47) node_modules/egg-cors/app.js",
    "start": 1613112680839,
    "end": 1613112680840,
    "duration": 1,
    "pid": 10536,
    "index": 57
  },
  {
    "name": "Before Start in node_modules/egg-watcher/lib/init.js:15:14",
    "start": 1613112680854,
    "end": 1613112681234,
    "duration": 380,
    "pid": 10536,
    "index": 58
  },
  {
    "name": "Before Start in node_modules/egg-mysql/lib/mysql.js:20:7",
    "start": 1613112681006,
    "end": 1613112681364,
    "duration": 358,
    "pid": 10536,
    "index": 59
  },
  {
    "name": "Load Service",
    "start": 1613112681006,
    "end": 1613112681015,
    "duration": 9,
    "pid": 10536,
    "index": 60
  },
  {
    "name": "Load \"service\" to Context",
    "start": 1613112681006,
    "end": 1613112681015,
    "duration": 9,
    "pid": 10536,
    "index": 61
  },
  {
    "name": "Load Middleware",
    "start": 1613112681016,
    "end": 1613112681181,
    "duration": 165,
    "pid": 10536,
    "index": 62
  },
  {
    "name": "Load \"middlewares\" to Application",
    "start": 1613112681016,
    "end": 1613112681167,
    "duration": 151,
    "pid": 10536,
    "index": 63
  },
  {
    "name": "Load Controller",
    "start": 1613112681182,
    "end": 1613112681185,
    "duration": 3,
    "pid": 10536,
    "index": 64
  },
  {
    "name": "Load \"controller\" to Application",
    "start": 1613112681182,
    "end": 1613112681185,
    "duration": 3,
    "pid": 10536,
    "index": 65
  },
  {
    "name": "Load Router",
    "start": 1613112681185,
    "end": 1613112681191,
    "duration": 6,
    "pid": 10536,
    "index": 66
  },
  {
    "name": "Require(48) app/router.js",
    "start": 1613112681186,
    "end": 1613112681186,
    "duration": 0,
    "pid": 10536,
    "index": 67
  },
  {
    "name": "Before Start in node_modules/egg-core/lib/egg.js:303:10",
    "start": 1613112681188,
    "end": 1613112681228,
    "duration": 40,
    "pid": 10536,
    "index": 68
  }
]