[
  {
    "name": "Process Start",
    "start": 1613112941515,
    "end": 1613112942936,
    "duration": 1421,
    "pid": 1940,
    "index": 0
  },
  {
    "name": "Application Start",
    "start": 1613112942938,
    "end": 1613112943743,
    "duration": 805,
    "pid": 1940,
    "index": 1
  },
  {
    "name": "Load Plugin",
    "start": 1613112942944,
    "end": 1613112942965,
    "duration": 21,
    "pid": 1940,
    "index": 2
  },
  {
    "name": "Load Config",
    "start": 1613112942965,
    "end": 1613112942991,
    "duration": 26,
    "pid": 1940,
    "index": 3
  },
  {
    "name": "Require(0) config/config.default.js",
    "start": 1613112942966,
    "end": 1613112942966,
    "duration": 0,
    "pid": 1940,
    "index": 4
  },
  {
    "name": "Require(1) node_modules/egg-session/config/config.default.js",
    "start": 1613112942968,
    "end": 1613112942969,
    "duration": 1,
    "pid": 1940,
    "index": 5
  },
  {
    "name": "Require(2) node_modules/egg-security/config/config.default.js",
    "start": 1613112942969,
    "end": 1613112942970,
    "duration": 1,
    "pid": 1940,
    "index": 6
  },
  {
    "name": "Require(3) node_modules/egg-jsonp/config/config.default.js",
    "start": 1613112942971,
    "end": 1613112942971,
    "duration": 0,
    "pid": 1940,
    "index": 7
  },
  {
    "name": "Require(4) node_modules/egg-onerror/config/config.default.js",
    "start": 1613112942972,
    "end": 1613112942972,
    "duration": 0,
    "pid": 1940,
    "index": 8
  },
  {
    "name": "Require(5) node_modules/egg-i18n/config/config.default.js",
    "start": 1613112942973,
    "end": 1613112942973,
    "duration": 0,
    "pid": 1940,
    "index": 9
  },
  {
    "name": "Require(6) node_modules/egg-watcher/config/config.default.js",
    "start": 1613112942974,
    "end": 1613112942974,
    "duration": 0,
    "pid": 1940,
    "index": 10
  },
  {
    "name": "Require(7) node_modules/egg-schedule/config/config.default.js",
    "start": 1613112942975,
    "end": 1613112942975,
    "duration": 0,
    "pid": 1940,
    "index": 11
  },
  {
    "name": "Require(8) node_modules/egg-multipart/config/config.default.js",
    "start": 1613112942976,
    "end": 1613112942977,
    "duration": 1,
    "pid": 1940,
    "index": 12
  },
  {
    "name": "Require(9) node_modules/egg-development/config/config.default.js",
    "start": 1613112942977,
    "end": 1613112942978,
    "duration": 1,
    "pid": 1940,
    "index": 13
  },
  {
    "name": "Require(10) node_modules/egg-logrotator/config/config.default.js",
    "start": 1613112942978,
    "end": 1613112942979,
    "duration": 1,
    "pid": 1940,
    "index": 14
  },
  {
    "name": "Require(11) node_modules/egg-static/config/config.default.js",
    "start": 1613112942979,
    "end": 1613112942980,
    "duration": 1,
    "pid": 1940,
    "index": 15
  },
  {
    "name": "Require(12) node_modules/egg-view/config/config.default.js",
    "start": 1613112942980,
    "end": 1613112942981,
    "duration": 1,
    "pid": 1940,
    "index": 16
  },
  {
    "name": "Require(13) node_modules/egg-mysql/config/config.default.js",
    "start": 1613112942981,
    "end": 1613112942982,
    "duration": 1,
    "pid": 1940,
    "index": 17
  },
  {
    "name": "Require(14) node_modules/egg-cors/config/config.default.js",
    "start": 1613112942983,
    "end": 1613112942983,
    "duration": 0,
    "pid": 1940,
    "index": 18
  },
  {
    "name": "Require(15) node_modules/egg/config/config.default.js",
    "start": 1613112942983,
    "end": 1613112942984,
    "duration": 1,
    "pid": 1940,
    "index": 19
  },
  {
    "name": "Require(16) config/config.default.js",
    "start": 1613112942985,
    "end": 1613112942985,
    "duration": 0,
    "pid": 1940,
    "index": 20
  },
  {
    "name": "Require(17) node_modules/egg-security/config/config.local.js",
    "start": 1613112942986,
    "end": 1613112942986,
    "duration": 0,
    "pid": 1940,
    "index": 21
  },
  {
    "name": "Require(18) node_modules/egg-watcher/config/config.local.js",
    "start": 1613112942987,
    "end": 1613112942988,
    "duration": 1,
    "pid": 1940,
    "index": 22
  },
  {
    "name": "Require(19) node_modules/egg-view/config/config.local.js",
    "start": 1613112942989,
    "end": 1613112942989,
    "duration": 0,
    "pid": 1940,
    "index": 23
  },
  {
    "name": "Require(20) node_modules/egg/config/config.local.js",
    "start": 1613112942990,
    "end": 1613112942991,
    "duration": 1,
    "pid": 1940,
    "index": 24
  },
  {
    "name": "Load extend/application.js",
    "start": 1613112942992,
    "end": 1613112943017,
    "duration": 25,
    "pid": 1940,
    "index": 25
  },
  {
    "name": "Require(21) node_modules/egg-session/app/extend/application.js",
    "start": 1613112942992,
    "end": 1613112942993,
    "duration": 1,
    "pid": 1940,
    "index": 26
  },
  {
    "name": "Require(22) node_modules/egg-security/app/extend/application.js",
    "start": 1613112942993,
    "end": 1613112942995,
    "duration": 2,
    "pid": 1940,
    "index": 27
  },
  {
    "name": "Require(23) node_modules/egg-jsonp/app/extend/application.js",
    "start": 1613112942995,
    "end": 1613112942997,
    "duration": 2,
    "pid": 1940,
    "index": 28
  },
  {
    "name": "Require(24) node_modules/egg-logrotator/app/extend/application.js",
    "start": 1613112942999,
    "end": 1613112943009,
    "duration": 10,
    "pid": 1940,
    "index": 29
  },
  {
    "name": "Require(25) node_modules/egg-view/app/extend/application.js",
    "start": 1613112943011,
    "end": 1613112943013,
    "duration": 2,
    "pid": 1940,
    "index": 30
  },
  {
    "name": "Load extend/request.js",
    "start": 1613112943017,
    "end": 1613112943026,
    "duration": 9,
    "pid": 1940,
    "index": 31
  },
  {
    "name": "Require(26) node_modules/egg/app/extend/request.js",
    "start": 1613112943021,
    "end": 1613112943022,
    "duration": 1,
    "pid": 1940,
    "index": 32
  },
  {
    "name": "Load extend/response.js",
    "start": 1613112943026,
    "end": 1613112943037,
    "duration": 11,
    "pid": 1940,
    "index": 33
  },
  {
    "name": "Require(27) node_modules/egg/app/extend/response.js",
    "start": 1613112943030,
    "end": 1613112943033,
    "duration": 3,
    "pid": 1940,
    "index": 34
  },
  {
    "name": "Load extend/context.js",
    "start": 1613112943037,
    "end": 1613112943151,
    "duration": 114,
    "pid": 1940,
    "index": 35
  },
  {
    "name": "Require(28) node_modules/egg-security/app/extend/context.js",
    "start": 1613112943038,
    "end": 1613112943061,
    "duration": 23,
    "pid": 1940,
    "index": 36
  },
  {
    "name": "Require(29) node_modules/egg-jsonp/app/extend/context.js",
    "start": 1613112943061,
    "end": 1613112943063,
    "duration": 2,
    "pid": 1940,
    "index": 37
  },
  {
    "name": "Require(30) node_modules/egg-i18n/app/extend/context.js",
    "start": 1613112943064,
    "end": 1613112943064,
    "duration": 0,
    "pid": 1940,
    "index": 38
  },
  {
    "name": "Require(31) node_modules/egg-multipart/app/extend/context.js",
    "start": 1613112943065,
    "end": 1613112943125,
    "duration": 60,
    "pid": 1940,
    "index": 39
  },
  {
    "name": "Require(32) node_modules/egg-view/app/extend/context.js",
    "start": 1613112943126,
    "end": 1613112943127,
    "duration": 1,
    "pid": 1940,
    "index": 40
  },
  {
    "name": "Require(33) node_modules/egg/app/extend/context.js",
    "start": 1613112943128,
    "end": 1613112943130,
    "duration": 2,
    "pid": 1940,
    "index": 41
  },
  {
    "name": "Load extend/helper.js",
    "start": 1613112943151,
    "end": 1613112943186,
    "duration": 35,
    "pid": 1940,
    "index": 42
  },
  {
    "name": "Require(34) node_modules/egg-security/app/extend/helper.js",
    "start": 1613112943152,
    "end": 1613112943169,
    "duration": 17,
    "pid": 1940,
    "index": 43
  },
  {
    "name": "Require(35) node_modules/egg/app/extend/helper.js",
    "start": 1613112943180,
    "end": 1613112943180,
    "duration": 0,
    "pid": 1940,
    "index": 44
  },
  {
    "name": "Load app.js",
    "start": 1613112943186,
    "end": 1613112943235,
    "duration": 49,
    "pid": 1940,
    "index": 45
  },
  {
    "name": "Require(36) node_modules/egg-session/app.js",
    "start": 1613112943186,
    "end": 1613112943187,
    "duration": 1,
    "pid": 1940,
    "index": 46
  },
  {
    "name": "Require(37) node_modules/egg-security/app.js",
    "start": 1613112943187,
    "end": 1613112943189,
    "duration": 2,
    "pid": 1940,
    "index": 47
  },
  {
    "name": "Require(38) node_modules/egg-onerror/app.js",
    "start": 1613112943190,
    "end": 1613112943199,
    "duration": 9,
    "pid": 1940,
    "index": 48
  },
  {
    "name": "Require(39) node_modules/egg-i18n/app.js",
    "start": 1613112943200,
    "end": 1613112943210,
    "duration": 10,
    "pid": 1940,
    "index": 49
  },
  {
    "name": "Require(40) node_modules/egg-watcher/app.js",
    "start": 1613112943211,
    "end": 1613112943214,
    "duration": 3,
    "pid": 1940,
    "index": 50
  },
  {
    "name": "Require(41) node_modules/egg-schedule/app.js",
    "start": 1613112943215,
    "end": 1613112943216,
    "duration": 1,
    "pid": 1940,
    "index": 51
  },
  {
    "name": "Require(42) node_modules/egg-multipart/app.js",
    "start": 1613112943217,
    "end": 1613112943217,
    "duration": 0,
    "pid": 1940,
    "index": 52
  },
  {
    "name": "Require(43) node_modules/egg-development/app.js",
    "start": 1613112943218,
    "end": 1613112943218,
    "duration": 0,
    "pid": 1940,
    "index": 53
  },
  {
    "name": "Require(44) node_modules/egg-logrotator/app.js",
    "start": 1613112943218,
    "end": 1613112943218,
    "duration": 0,
    "pid": 1940,
    "index": 54
  },
  {
    "name": "Require(45) node_modules/egg-static/app.js",
    "start": 1613112943219,
    "end": 1613112943219,
    "duration": 0,
    "pid": 1940,
    "index": 55
  },
  {
    "name": "Require(46) node_modules/egg-mysql/app.js",
    "start": 1613112943220,
    "end": 1613112943233,
    "duration": 13,
    "pid": 1940,
    "index": 56
  },
  {
    "name": "Require(47) node_modules/egg-cors/app.js",
    "start": 1613112943234,
    "end": 1613112943234,
    "duration": 0,
    "pid": 1940,
    "index": 57
  },
  {
    "name": "Before Start in node_modules/egg-watcher/lib/init.js:15:14",
    "start": 1613112943247,
    "end": 1613112943563,
    "duration": 316,
    "pid": 1940,
    "index": 58
  },
  {
    "name": "Before Start in node_modules/egg-mysql/lib/mysql.js:20:7",
    "start": 1613112943349,
    "end": 1613112943743,
    "duration": 394,
    "pid": 1940,
    "index": 59
  },
  {
    "name": "Load Service",
    "start": 1613112943350,
    "end": 1613112943356,
    "duration": 6,
    "pid": 1940,
    "index": 60
  },
  {
    "name": "Load \"service\" to Context",
    "start": 1613112943350,
    "end": 1613112943356,
    "duration": 6,
    "pid": 1940,
    "index": 61
  },
  {
    "name": "Load Middleware",
    "start": 1613112943356,
    "end": 1613112943538,
    "duration": 182,
    "pid": 1940,
    "index": 62
  },
  {
    "name": "Load \"middlewares\" to Application",
    "start": 1613112943356,
    "end": 1613112943522,
    "duration": 166,
    "pid": 1940,
    "index": 63
  },
  {
    "name": "Load Controller",
    "start": 1613112943538,
    "end": 1613112943542,
    "duration": 4,
    "pid": 1940,
    "index": 64
  },
  {
    "name": "Load \"controller\" to Application",
    "start": 1613112943538,
    "end": 1613112943542,
    "duration": 4,
    "pid": 1940,
    "index": 65
  },
  {
    "name": "Load Router",
    "start": 1613112943542,
    "end": 1613112943546,
    "duration": 4,
    "pid": 1940,
    "index": 66
  },
  {
    "name": "Require(48) app/router.js",
    "start": 1613112943542,
    "end": 1613112943542,
    "duration": 0,
    "pid": 1940,
    "index": 67
  },
  {
    "name": "Before Start in node_modules/egg-core/lib/egg.js:303:10",
    "start": 1613112943543,
    "end": 1613112943556,
    "duration": 13,
    "pid": 1940,
    "index": 68
  }
]