[
  {
    "name": "Process Start",
    "start": 1613114564136,
    "end": 1613114565488,
    "duration": 1352,
    "pid": 18208,
    "index": 0
  },
  {
    "name": "Application Start",
    "start": 1613114565488,
    "end": 1613114566437,
    "duration": 949,
    "pid": 18208,
    "index": 1
  },
  {
    "name": "Load Plugin",
    "start": 1613114565496,
    "end": 1613114565573,
    "duration": 77,
    "pid": 18208,
    "index": 2
  },
  {
    "name": "Load Config",
    "start": 1613114565573,
    "end": 1613114565650,
    "duration": 77,
    "pid": 18208,
    "index": 3
  },
  {
    "name": "Require(0) config/config.default.js",
    "start": 1613114565579,
    "end": 1613114565580,
    "duration": 1,
    "pid": 18208,
    "index": 4
  },
  {
    "name": "Require(1) node_modules/egg-session/config/config.default.js",
    "start": 1613114565586,
    "end": 1613114565587,
    "duration": 1,
    "pid": 18208,
    "index": 5
  },
  {
    "name": "Require(2) node_modules/egg-security/config/config.default.js",
    "start": 1613114565595,
    "end": 1613114565609,
    "duration": 14,
    "pid": 18208,
    "index": 6
  },
  {
    "name": "Require(3) node_modules/egg-jsonp/config/config.default.js",
    "start": 1613114565616,
    "end": 1613114565617,
    "duration": 1,
    "pid": 18208,
    "index": 7
  },
  {
    "name": "Require(4) node_modules/egg-onerror/config/config.default.js",
    "start": 1613114565619,
    "end": 1613114565620,
    "duration": 1,
    "pid": 18208,
    "index": 8
  },
  {
    "name": "Require(5) node_modules/egg-i18n/config/config.default.js",
    "start": 1613114565621,
    "end": 1613114565623,
    "duration": 2,
    "pid": 18208,
    "index": 9
  },
  {
    "name": "Require(6) node_modules/egg-watcher/config/config.default.js",
    "start": 1613114565623,
    "end": 1613114565627,
    "duration": 4,
    "pid": 18208,
    "index": 10
  },
  {
    "name": "Require(7) node_modules/egg-schedule/config/config.default.js",
    "start": 1613114565629,
    "end": 1613114565630,
    "duration": 1,
    "pid": 18208,
    "index": 11
  },
  {
    "name": "Require(8) node_modules/egg-multipart/config/config.default.js",
    "start": 1613114565631,
    "end": 1613114565631,
    "duration": 0,
    "pid": 18208,
    "index": 12
  },
  {
    "name": "Require(9) node_modules/egg-development/config/config.default.js",
    "start": 1613114565632,
    "end": 1613114565633,
    "duration": 1,
    "pid": 18208,
    "index": 13
  },
  {
    "name": "Require(10) node_modules/egg-logrotator/config/config.default.js",
    "start": 1613114565633,
    "end": 1613114565634,
    "duration": 1,
    "pid": 18208,
    "index": 14
  },
  {
    "name": "Require(11) node_modules/egg-static/config/config.default.js",
    "start": 1613114565634,
    "end": 1613114565635,
    "duration": 1,
    "pid": 18208,
    "index": 15
  },
  {
    "name": "Require(12) node_modules/egg-view/config/config.default.js",
    "start": 1613114565635,
    "end": 1613114565636,
    "duration": 1,
    "pid": 18208,
    "index": 16
  },
  {
    "name": "Require(13) node_modules/egg-mysql/config/config.default.js",
    "start": 1613114565636,
    "end": 1613114565637,
    "duration": 1,
    "pid": 18208,
    "index": 17
  },
  {
    "name": "Require(14) node_modules/egg-cors/config/config.default.js",
    "start": 1613114565637,
    "end": 1613114565638,
    "duration": 1,
    "pid": 18208,
    "index": 18
  },
  {
    "name": "Require(15) node_modules/egg/config/config.default.js",
    "start": 1613114565638,
    "end": 1613114565639,
    "duration": 1,
    "pid": 18208,
    "index": 19
  },
  {
    "name": "Require(16) config/config.default.js",
    "start": 1613114565641,
    "end": 1613114565641,
    "duration": 0,
    "pid": 18208,
    "index": 20
  },
  {
    "name": "Require(17) node_modules/egg-security/config/config.local.js",
    "start": 1613114565643,
    "end": 1613114565644,
    "duration": 1,
    "pid": 18208,
    "index": 21
  },
  {
    "name": "Require(18) node_modules/egg-watcher/config/config.local.js",
    "start": 1613114565646,
    "end": 1613114565646,
    "duration": 0,
    "pid": 18208,
    "index": 22
  },
  {
    "name": "Require(19) node_modules/egg-view/config/config.local.js",
    "start": 1613114565648,
    "end": 1613114565649,
    "duration": 1,
    "pid": 18208,
    "index": 23
  },
  {
    "name": "Require(20) node_modules/egg/config/config.local.js",
    "start": 1613114565650,
    "end": 1613114565650,
    "duration": 0,
    "pid": 18208,
    "index": 24
  },
  {
    "name": "Load extend/application.js",
    "start": 1613114565652,
    "end": 1613114565687,
    "duration": 35,
    "pid": 18208,
    "index": 25
  },
  {
    "name": "Require(21) node_modules/egg-session/app/extend/application.js",
    "start": 1613114565652,
    "end": 1613114565653,
    "duration": 1,
    "pid": 18208,
    "index": 26
  },
  {
    "name": "Require(22) node_modules/egg-security/app/extend/application.js",
    "start": 1613114565653,
    "end": 1613114565655,
    "duration": 2,
    "pid": 18208,
    "index": 27
  },
  {
    "name": "Require(23) node_modules/egg-jsonp/app/extend/application.js",
    "start": 1613114565656,
    "end": 1613114565661,
    "duration": 5,
    "pid": 18208,
    "index": 28
  },
  {
    "name": "Require(24) node_modules/egg-logrotator/app/extend/application.js",
    "start": 1613114565667,
    "end": 1613114565679,
    "duration": 12,
    "pid": 18208,
    "index": 29
  },
  {
    "name": "Require(25) node_modules/egg-view/app/extend/application.js",
    "start": 1613114565680,
    "end": 1613114565681,
    "duration": 1,
    "pid": 18208,
    "index": 30
  },
  {
    "name": "Load extend/request.js",
    "start": 1613114565687,
    "end": 1613114565701,
    "duration": 14,
    "pid": 18208,
    "index": 31
  },
  {
    "name": "Require(26) node_modules/egg/app/extend/request.js",
    "start": 1613114565696,
    "end": 1613114565698,
    "duration": 2,
    "pid": 18208,
    "index": 32
  },
  {
    "name": "Load extend/response.js",
    "start": 1613114565701,
    "end": 1613114565714,
    "duration": 13,
    "pid": 18208,
    "index": 33
  },
  {
    "name": "Require(27) node_modules/egg/app/extend/response.js",
    "start": 1613114565705,
    "end": 1613114565708,
    "duration": 3,
    "pid": 18208,
    "index": 34
  },
  {
    "name": "Load extend/context.js",
    "start": 1613114565714,
    "end": 1613114565799,
    "duration": 85,
    "pid": 18208,
    "index": 35
  },
  {
    "name": "Require(28) node_modules/egg-security/app/extend/context.js",
    "start": 1613114565715,
    "end": 1613114565735,
    "duration": 20,
    "pid": 18208,
    "index": 36
  },
  {
    "name": "Require(29) node_modules/egg-jsonp/app/extend/context.js",
    "start": 1613114565735,
    "end": 1613114565737,
    "duration": 2,
    "pid": 18208,
    "index": 37
  },
  {
    "name": "Require(30) node_modules/egg-i18n/app/extend/context.js",
    "start": 1613114565738,
    "end": 1613114565738,
    "duration": 0,
    "pid": 18208,
    "index": 38
  },
  {
    "name": "Require(31) node_modules/egg-multipart/app/extend/context.js",
    "start": 1613114565739,
    "end": 1613114565790,
    "duration": 51,
    "pid": 18208,
    "index": 39
  },
  {
    "name": "Require(32) node_modules/egg-view/app/extend/context.js",
    "start": 1613114565792,
    "end": 1613114565793,
    "duration": 1,
    "pid": 18208,
    "index": 40
  },
  {
    "name": "Require(33) node_modules/egg/app/extend/context.js",
    "start": 1613114565794,
    "end": 1613114565795,
    "duration": 1,
    "pid": 18208,
    "index": 41
  },
  {
    "name": "Load extend/helper.js",
    "start": 1613114565799,
    "end": 1613114565831,
    "duration": 32,
    "pid": 18208,
    "index": 42
  },
  {
    "name": "Require(34) node_modules/egg-security/app/extend/helper.js",
    "start": 1613114565800,
    "end": 1613114565818,
    "duration": 18,
    "pid": 18208,
    "index": 43
  },
  {
    "name": "Require(35) node_modules/egg/app/extend/helper.js",
    "start": 1613114565825,
    "end": 1613114565825,
    "duration": 0,
    "pid": 18208,
    "index": 44
  },
  {
    "name": "Load app.js",
    "start": 1613114565831,
    "end": 1613114565898,
    "duration": 67,
    "pid": 18208,
    "index": 45
  },
  {
    "name": "Require(36) node_modules/egg-session/app.js",
    "start": 1613114565832,
    "end": 1613114565832,
    "duration": 0,
    "pid": 18208,
    "index": 46
  },
  {
    "name": "Require(37) node_modules/egg-security/app.js",
    "start": 1613114565833,
    "end": 1613114565834,
    "duration": 1,
    "pid": 18208,
    "index": 47
  },
  {
    "name": "Require(38) node_modules/egg-onerror/app.js",
    "start": 1613114565835,
    "end": 1613114565847,
    "duration": 12,
    "pid": 18208,
    "index": 48
  },
  {
    "name": "Require(39) node_modules/egg-i18n/app.js",
    "start": 1613114565847,
    "end": 1613114565871,
    "duration": 24,
    "pid": 18208,
    "index": 49
  },
  {
    "name": "Require(40) node_modules/egg-watcher/app.js",
    "start": 1613114565872,
    "end": 1613114565877,
    "duration": 5,
    "pid": 18208,
    "index": 50
  },
  {
    "name": "Require(41) node_modules/egg-schedule/app.js",
    "start": 1613114565877,
    "end": 1613114565879,
    "duration": 2,
    "pid": 18208,
    "index": 51
  },
  {
    "name": "Require(42) node_modules/egg-multipart/app.js",
    "start": 1613114565879,
    "end": 1613114565880,
    "duration": 1,
    "pid": 18208,
    "index": 52
  },
  {
    "name": "Require(43) node_modules/egg-development/app.js",
    "start": 1613114565881,
    "end": 1613114565881,
    "duration": 0,
    "pid": 18208,
    "index": 53
  },
  {
    "name": "Require(44) node_modules/egg-logrotator/app.js",
    "start": 1613114565881,
    "end": 1613114565881,
    "duration": 0,
    "pid": 18208,
    "index": 54
  },
  {
    "name": "Require(45) node_modules/egg-static/app.js",
    "start": 1613114565882,
    "end": 1613114565882,
    "duration": 0,
    "pid": 18208,
    "index": 55
  },
  {
    "name": "Require(46) node_modules/egg-mysql/app.js",
    "start": 1613114565883,
    "end": 1613114565897,
    "duration": 14,
    "pid": 18208,
    "index": 56
  },
  {
    "name": "Require(47) node_modules/egg-cors/app.js",
    "start": 1613114565897,
    "end": 1613114565897,
    "duration": 0,
    "pid": 18208,
    "index": 57
  },
  {
    "name": "Before Start in node_modules/egg-watcher/lib/init.js:15:14",
    "start": 1613114565911,
    "end": 1613114566263,
    "duration": 352,
    "pid": 18208,
    "index": 58
  },
  {
    "name": "Before Start in node_modules/egg-mysql/lib/mysql.js:20:7",
    "start": 1613114566014,
    "end": 1613114566437,
    "duration": 423,
    "pid": 18208,
    "index": 59
  },
  {
    "name": "Load Service",
    "start": 1613114566014,
    "end": 1613114566019,
    "duration": 5,
    "pid": 18208,
    "index": 60
  },
  {
    "name": "Load \"service\" to Context",
    "start": 1613114566014,
    "end": 1613114566019,
    "duration": 5,
    "pid": 18208,
    "index": 61
  },
  {
    "name": "Load Middleware",
    "start": 1613114566020,
    "end": 1613114566229,
    "duration": 209,
    "pid": 18208,
    "index": 62
  },
  {
    "name": "Load \"middlewares\" to Application",
    "start": 1613114566020,
    "end": 1613114566212,
    "duration": 192,
    "pid": 18208,
    "index": 63
  },
  {
    "name": "Load Controller",
    "start": 1613114566229,
    "end": 1613114566234,
    "duration": 5,
    "pid": 18208,
    "index": 64
  },
  {
    "name": "Load \"controller\" to Application",
    "start": 1613114566229,
    "end": 1613114566234,
    "duration": 5,
    "pid": 18208,
    "index": 65
  },
  {
    "name": "Load Router",
    "start": 1613114566234,
    "end": 1613114566241,
    "duration": 7,
    "pid": 18208,
    "index": 66
  },
  {
    "name": "Require(48) app/router.js",
    "start": 1613114566235,
    "end": 1613114566235,
    "duration": 0,
    "pid": 18208,
    "index": 67
  },
  {
    "name": "Before Start in node_modules/egg-core/lib/egg.js:303:10",
    "start": 1613114566236,
    "end": 1613114566253,
    "duration": 17,
    "pid": 18208,
    "index": 68
  }
]