[
  {
    "name": "Process Start",
    "start": 1613113667693,
    "end": 1613113668912,
    "duration": 1219,
    "pid": 18368,
    "index": 0
  },
  {
    "name": "Application Start",
    "start": 1613113668913,
    "end": 1613113669626,
    "duration": 713,
    "pid": 18368,
    "index": 1
  },
  {
    "name": "Load Plugin",
    "start": 1613113668920,
    "end": 1613113668944,
    "duration": 24,
    "pid": 18368,
    "index": 2
  },
  {
    "name": "Load Config",
    "start": 1613113668944,
    "end": 1613113668972,
    "duration": 28,
    "pid": 18368,
    "index": 3
  },
  {
    "name": "Require(0) config/config.default.js",
    "start": 1613113668945,
    "end": 1613113668945,
    "duration": 0,
    "pid": 18368,
    "index": 4
  },
  {
    "name": "Require(1) node_modules/egg-session/config/config.default.js",
    "start": 1613113668947,
    "end": 1613113668948,
    "duration": 1,
    "pid": 18368,
    "index": 5
  },
  {
    "name": "Require(2) node_modules/egg-security/config/config.default.js",
    "start": 1613113668949,
    "end": 1613113668949,
    "duration": 0,
    "pid": 18368,
    "index": 6
  },
  {
    "name": "Require(3) node_modules/egg-jsonp/config/config.default.js",
    "start": 1613113668950,
    "end": 1613113668951,
    "duration": 1,
    "pid": 18368,
    "index": 7
  },
  {
    "name": "Require(4) node_modules/egg-onerror/config/config.default.js",
    "start": 1613113668951,
    "end": 1613113668952,
    "duration": 1,
    "pid": 18368,
    "index": 8
  },
  {
    "name": "Require(5) node_modules/egg-i18n/config/config.default.js",
    "start": 1613113668952,
    "end": 1613113668953,
    "duration": 1,
    "pid": 18368,
    "index": 9
  },
  {
    "name": "Require(6) node_modules/egg-watcher/config/config.default.js",
    "start": 1613113668953,
    "end": 1613113668954,
    "duration": 1,
    "pid": 18368,
    "index": 10
  },
  {
    "name": "Require(7) node_modules/egg-schedule/config/config.default.js",
    "start": 1613113668954,
    "end": 1613113668955,
    "duration": 1,
    "pid": 18368,
    "index": 11
  },
  {
    "name": "Require(8) node_modules/egg-multipart/config/config.default.js",
    "start": 1613113668955,
    "end": 1613113668956,
    "duration": 1,
    "pid": 18368,
    "index": 12
  },
  {
    "name": "Require(9) node_modules/egg-development/config/config.default.js",
    "start": 1613113668957,
    "end": 1613113668957,
    "duration": 0,
    "pid": 18368,
    "index": 13
  },
  {
    "name": "Require(10) node_modules/egg-logrotator/config/config.default.js",
    "start": 1613113668958,
    "end": 1613113668958,
    "duration": 0,
    "pid": 18368,
    "index": 14
  },
  {
    "name": "Require(11) node_modules/egg-static/config/config.default.js",
    "start": 1613113668959,
    "end": 1613113668960,
    "duration": 1,
    "pid": 18368,
    "index": 15
  },
  {
    "name": "Require(12) node_modules/egg-view/config/config.default.js",
    "start": 1613113668961,
    "end": 1613113668961,
    "duration": 0,
    "pid": 18368,
    "index": 16
  },
  {
    "name": "Require(13) node_modules/egg-mysql/config/config.default.js",
    "start": 1613113668962,
    "end": 1613113668963,
    "duration": 1,
    "pid": 18368,
    "index": 17
  },
  {
    "name": "Require(14) node_modules/egg-cors/config/config.default.js",
    "start": 1613113668963,
    "end": 1613113668964,
    "duration": 1,
    "pid": 18368,
    "index": 18
  },
  {
    "name": "Require(15) node_modules/egg/config/config.default.js",
    "start": 1613113668965,
    "end": 1613113668965,
    "duration": 0,
    "pid": 18368,
    "index": 19
  },
  {
    "name": "Require(16) config/config.default.js",
    "start": 1613113668966,
    "end": 1613113668966,
    "duration": 0,
    "pid": 18368,
    "index": 20
  },
  {
    "name": "Require(17) node_modules/egg-security/config/config.local.js",
    "start": 1613113668967,
    "end": 1613113668967,
    "duration": 0,
    "pid": 18368,
    "index": 21
  },
  {
    "name": "Require(18) node_modules/egg-watcher/config/config.local.js",
    "start": 1613113668969,
    "end": 1613113668969,
    "duration": 0,
    "pid": 18368,
    "index": 22
  },
  {
    "name": "Require(19) node_modules/egg-view/config/config.local.js",
    "start": 1613113668971,
    "end": 1613113668971,
    "duration": 0,
    "pid": 18368,
    "index": 23
  },
  {
    "name": "Require(20) node_modules/egg/config/config.local.js",
    "start": 1613113668972,
    "end": 1613113668972,
    "duration": 0,
    "pid": 18368,
    "index": 24
  },
  {
    "name": "Load extend/application.js",
    "start": 1613113668974,
    "end": 1613113668998,
    "duration": 24,
    "pid": 18368,
    "index": 25
  },
  {
    "name": "Require(21) node_modules/egg-session/app/extend/application.js",
    "start": 1613113668974,
    "end": 1613113668975,
    "duration": 1,
    "pid": 18368,
    "index": 26
  },
  {
    "name": "Require(22) node_modules/egg-security/app/extend/application.js",
    "start": 1613113668976,
    "end": 1613113668977,
    "duration": 1,
    "pid": 18368,
    "index": 27
  },
  {
    "name": "Require(23) node_modules/egg-jsonp/app/extend/application.js",
    "start": 1613113668978,
    "end": 1613113668979,
    "duration": 1,
    "pid": 18368,
    "index": 28
  },
  {
    "name": "Require(24) node_modules/egg-logrotator/app/extend/application.js",
    "start": 1613113668982,
    "end": 1613113668991,
    "duration": 9,
    "pid": 18368,
    "index": 29
  },
  {
    "name": "Require(25) node_modules/egg-view/app/extend/application.js",
    "start": 1613113668992,
    "end": 1613113668994,
    "duration": 2,
    "pid": 18368,
    "index": 30
  },
  {
    "name": "Load extend/request.js",
    "start": 1613113668998,
    "end": 1613113669033,
    "duration": 35,
    "pid": 18368,
    "index": 31
  },
  {
    "name": "Require(26) node_modules/egg/app/extend/request.js",
    "start": 1613113669004,
    "end": 1613113669005,
    "duration": 1,
    "pid": 18368,
    "index": 32
  },
  {
    "name": "Load extend/response.js",
    "start": 1613113669033,
    "end": 1613113669049,
    "duration": 16,
    "pid": 18368,
    "index": 33
  },
  {
    "name": "Require(27) node_modules/egg/app/extend/response.js",
    "start": 1613113669039,
    "end": 1613113669045,
    "duration": 6,
    "pid": 18368,
    "index": 34
  },
  {
    "name": "Load extend/context.js",
    "start": 1613113669049,
    "end": 1613113669126,
    "duration": 77,
    "pid": 18368,
    "index": 35
  },
  {
    "name": "Require(28) node_modules/egg-security/app/extend/context.js",
    "start": 1613113669049,
    "end": 1613113669066,
    "duration": 17,
    "pid": 18368,
    "index": 36
  },
  {
    "name": "Require(29) node_modules/egg-jsonp/app/extend/context.js",
    "start": 1613113669066,
    "end": 1613113669068,
    "duration": 2,
    "pid": 18368,
    "index": 37
  },
  {
    "name": "Require(30) node_modules/egg-i18n/app/extend/context.js",
    "start": 1613113669068,
    "end": 1613113669069,
    "duration": 1,
    "pid": 18368,
    "index": 38
  },
  {
    "name": "Require(31) node_modules/egg-multipart/app/extend/context.js",
    "start": 1613113669070,
    "end": 1613113669118,
    "duration": 48,
    "pid": 18368,
    "index": 39
  },
  {
    "name": "Require(32) node_modules/egg-view/app/extend/context.js",
    "start": 1613113669119,
    "end": 1613113669121,
    "duration": 2,
    "pid": 18368,
    "index": 40
  },
  {
    "name": "Require(33) node_modules/egg/app/extend/context.js",
    "start": 1613113669122,
    "end": 1613113669123,
    "duration": 1,
    "pid": 18368,
    "index": 41
  },
  {
    "name": "Load extend/helper.js",
    "start": 1613113669127,
    "end": 1613113669154,
    "duration": 27,
    "pid": 18368,
    "index": 42
  },
  {
    "name": "Require(34) node_modules/egg-security/app/extend/helper.js",
    "start": 1613113669127,
    "end": 1613113669144,
    "duration": 17,
    "pid": 18368,
    "index": 43
  },
  {
    "name": "Require(35) node_modules/egg/app/extend/helper.js",
    "start": 1613113669150,
    "end": 1613113669150,
    "duration": 0,
    "pid": 18368,
    "index": 44
  },
  {
    "name": "Load app.js",
    "start": 1613113669155,
    "end": 1613113669200,
    "duration": 45,
    "pid": 18368,
    "index": 45
  },
  {
    "name": "Require(36) node_modules/egg-session/app.js",
    "start": 1613113669155,
    "end": 1613113669155,
    "duration": 0,
    "pid": 18368,
    "index": 46
  },
  {
    "name": "Require(37) node_modules/egg-security/app.js",
    "start": 1613113669156,
    "end": 1613113669157,
    "duration": 1,
    "pid": 18368,
    "index": 47
  },
  {
    "name": "Require(38) node_modules/egg-onerror/app.js",
    "start": 1613113669158,
    "end": 1613113669167,
    "duration": 9,
    "pid": 18368,
    "index": 48
  },
  {
    "name": "Require(39) node_modules/egg-i18n/app.js",
    "start": 1613113669168,
    "end": 1613113669176,
    "duration": 8,
    "pid": 18368,
    "index": 49
  },
  {
    "name": "Require(40) node_modules/egg-watcher/app.js",
    "start": 1613113669177,
    "end": 1613113669180,
    "duration": 3,
    "pid": 18368,
    "index": 50
  },
  {
    "name": "Require(41) node_modules/egg-schedule/app.js",
    "start": 1613113669180,
    "end": 1613113669182,
    "duration": 2,
    "pid": 18368,
    "index": 51
  },
  {
    "name": "Require(42) node_modules/egg-multipart/app.js",
    "start": 1613113669182,
    "end": 1613113669183,
    "duration": 1,
    "pid": 18368,
    "index": 52
  },
  {
    "name": "Require(43) node_modules/egg-development/app.js",
    "start": 1613113669183,
    "end": 1613113669183,
    "duration": 0,
    "pid": 18368,
    "index": 53
  },
  {
    "name": "Require(44) node_modules/egg-logrotator/app.js",
    "start": 1613113669184,
    "end": 1613113669184,
    "duration": 0,
    "pid": 18368,
    "index": 54
  },
  {
    "name": "Require(45) node_modules/egg-static/app.js",
    "start": 1613113669184,
    "end": 1613113669185,
    "duration": 1,
    "pid": 18368,
    "index": 55
  },
  {
    "name": "Require(46) node_modules/egg-mysql/app.js",
    "start": 1613113669185,
    "end": 1613113669198,
    "duration": 13,
    "pid": 18368,
    "index": 56
  },
  {
    "name": "Require(47) node_modules/egg-cors/app.js",
    "start": 1613113669198,
    "end": 1613113669199,
    "duration": 1,
    "pid": 18368,
    "index": 57
  },
  {
    "name": "Before Start in node_modules/egg-watcher/lib/init.js:15:14",
    "start": 1613113669211,
    "end": 1613113669489,
    "duration": 278,
    "pid": 18368,
    "index": 58
  },
  {
    "name": "Before Start in node_modules/egg-mysql/lib/mysql.js:20:7",
    "start": 1613113669327,
    "end": 1613113669625,
    "duration": 298,
    "pid": 18368,
    "index": 59
  },
  {
    "name": "Load Service",
    "start": 1613113669327,
    "end": 1613113669333,
    "duration": 6,
    "pid": 18368,
    "index": 60
  },
  {
    "name": "Load \"service\" to Context",
    "start": 1613113669327,
    "end": 1613113669333,
    "duration": 6,
    "pid": 18368,
    "index": 61
  },
  {
    "name": "Load Middleware",
    "start": 1613113669333,
    "end": 1613113669457,
    "duration": 124,
    "pid": 18368,
    "index": 62
  },
  {
    "name": "Load \"middlewares\" to Application",
    "start": 1613113669333,
    "end": 1613113669442,
    "duration": 109,
    "pid": 18368,
    "index": 63
  },
  {
    "name": "Load Controller",
    "start": 1613113669457,
    "end": 1613113669462,
    "duration": 5,
    "pid": 18368,
    "index": 64
  },
  {
    "name": "Load \"controller\" to Application",
    "start": 1613113669457,
    "end": 1613113669462,
    "duration": 5,
    "pid": 18368,
    "index": 65
  },
  {
    "name": "Load Router",
    "start": 1613113669462,
    "end": 1613113669467,
    "duration": 5,
    "pid": 18368,
    "index": 66
  },
  {
    "name": "Require(48) app/router.js",
    "start": 1613113669462,
    "end": 1613113669462,
    "duration": 0,
    "pid": 18368,
    "index": 67
  },
  {
    "name": "Before Start in node_modules/egg-core/lib/egg.js:303:10",
    "start": 1613113669464,
    "end": 1613113669480,
    "duration": 16,
    "pid": 18368,
    "index": 68
  }
]