[
  {
    "name": "Process Start",
    "start": 1613108043272,
    "end": 1613108044768,
    "duration": 1496,
    "pid": 19304,
    "index": 0
  },
  {
    "name": "Application Start",
    "start": 1613108044769,
    "end": 1613108045544,
    "duration": 775,
    "pid": 19304,
    "index": 1
  },
  {
    "name": "Load Plugin",
    "start": 1613108044776,
    "end": 1613108044799,
    "duration": 23,
    "pid": 19304,
    "index": 2
  },
  {
    "name": "Load Config",
    "start": 1613108044799,
    "end": 1613108044826,
    "duration": 27,
    "pid": 19304,
    "index": 3
  },
  {
    "name": "Require(0) config/config.default.js",
    "start": 1613108044800,
    "end": 1613108044800,
    "duration": 0,
    "pid": 19304,
    "index": 4
  },
  {
    "name": "Require(1) node_modules/egg-session/config/config.default.js",
    "start": 1613108044802,
    "end": 1613108044802,
    "duration": 0,
    "pid": 19304,
    "index": 5
  },
  {
    "name": "Require(2) node_modules/egg-security/config/config.default.js",
    "start": 1613108044803,
    "end": 1613108044803,
    "duration": 0,
    "pid": 19304,
    "index": 6
  },
  {
    "name": "Require(3) node_modules/egg-jsonp/config/config.default.js",
    "start": 1613108044804,
    "end": 1613108044805,
    "duration": 1,
    "pid": 19304,
    "index": 7
  },
  {
    "name": "Require(4) node_modules/egg-onerror/config/config.default.js",
    "start": 1613108044806,
    "end": 1613108044806,
    "duration": 0,
    "pid": 19304,
    "index": 8
  },
  {
    "name": "Require(5) node_modules/egg-i18n/config/config.default.js",
    "start": 1613108044807,
    "end": 1613108044808,
    "duration": 1,
    "pid": 19304,
    "index": 9
  },
  {
    "name": "Require(6) node_modules/egg-watcher/config/config.default.js",
    "start": 1613108044809,
    "end": 1613108044809,
    "duration": 0,
    "pid": 19304,
    "index": 10
  },
  {
    "name": "Require(7) node_modules/egg-schedule/config/config.default.js",
    "start": 1613108044810,
    "end": 1613108044810,
    "duration": 0,
    "pid": 19304,
    "index": 11
  },
  {
    "name": "Require(8) node_modules/egg-multipart/config/config.default.js",
    "start": 1613108044811,
    "end": 1613108044811,
    "duration": 0,
    "pid": 19304,
    "index": 12
  },
  {
    "name": "Require(9) node_modules/egg-development/config/config.default.js",
    "start": 1613108044812,
    "end": 1613108044813,
    "duration": 1,
    "pid": 19304,
    "index": 13
  },
  {
    "name": "Require(10) node_modules/egg-logrotator/config/config.default.js",
    "start": 1613108044813,
    "end": 1613108044814,
    "duration": 1,
    "pid": 19304,
    "index": 14
  },
  {
    "name": "Require(11) node_modules/egg-static/config/config.default.js",
    "start": 1613108044814,
    "end": 1613108044815,
    "duration": 1,
    "pid": 19304,
    "index": 15
  },
  {
    "name": "Require(12) node_modules/egg-view/config/config.default.js",
    "start": 1613108044815,
    "end": 1613108044816,
    "duration": 1,
    "pid": 19304,
    "index": 16
  },
  {
    "name": "Require(13) node_modules/egg-mysql/config/config.default.js",
    "start": 1613108044816,
    "end": 1613108044817,
    "duration": 1,
    "pid": 19304,
    "index": 17
  },
  {
    "name": "Require(14) node_modules/egg-cors/config/config.default.js",
    "start": 1613108044817,
    "end": 1613108044818,
    "duration": 1,
    "pid": 19304,
    "index": 18
  },
  {
    "name": "Require(15) node_modules/egg/config/config.default.js",
    "start": 1613108044818,
    "end": 1613108044819,
    "duration": 1,
    "pid": 19304,
    "index": 19
  },
  {
    "name": "Require(16) config/config.default.js",
    "start": 1613108044820,
    "end": 1613108044820,
    "duration": 0,
    "pid": 19304,
    "index": 20
  },
  {
    "name": "Require(17) node_modules/egg-security/config/config.local.js",
    "start": 1613108044820,
    "end": 1613108044821,
    "duration": 1,
    "pid": 19304,
    "index": 21
  },
  {
    "name": "Require(18) node_modules/egg-watcher/config/config.local.js",
    "start": 1613108044822,
    "end": 1613108044822,
    "duration": 0,
    "pid": 19304,
    "index": 22
  },
  {
    "name": "Require(19) node_modules/egg-view/config/config.local.js",
    "start": 1613108044824,
    "end": 1613108044824,
    "duration": 0,
    "pid": 19304,
    "index": 23
  },
  {
    "name": "Require(20) node_modules/egg/config/config.local.js",
    "start": 1613108044825,
    "end": 1613108044826,
    "duration": 1,
    "pid": 19304,
    "index": 24
  },
  {
    "name": "Load extend/application.js",
    "start": 1613108044827,
    "end": 1613108044850,
    "duration": 23,
    "pid": 19304,
    "index": 25
  },
  {
    "name": "Require(21) node_modules/egg-session/app/extend/application.js",
    "start": 1613108044828,
    "end": 1613108044828,
    "duration": 0,
    "pid": 19304,
    "index": 26
  },
  {
    "name": "Require(22) node_modules/egg-security/app/extend/application.js",
    "start": 1613108044829,
    "end": 1613108044830,
    "duration": 1,
    "pid": 19304,
    "index": 27
  },
  {
    "name": "Require(23) node_modules/egg-jsonp/app/extend/application.js",
    "start": 1613108044831,
    "end": 1613108044832,
    "duration": 1,
    "pid": 19304,
    "index": 28
  },
  {
    "name": "Require(24) node_modules/egg-logrotator/app/extend/application.js",
    "start": 1613108044834,
    "end": 1613108044843,
    "duration": 9,
    "pid": 19304,
    "index": 29
  },
  {
    "name": "Require(25) node_modules/egg-view/app/extend/application.js",
    "start": 1613108044844,
    "end": 1613108044846,
    "duration": 2,
    "pid": 19304,
    "index": 30
  },
  {
    "name": "Load extend/request.js",
    "start": 1613108044850,
    "end": 1613108044860,
    "duration": 10,
    "pid": 19304,
    "index": 31
  },
  {
    "name": "Require(26) node_modules/egg/app/extend/request.js",
    "start": 1613108044853,
    "end": 1613108044855,
    "duration": 2,
    "pid": 19304,
    "index": 32
  },
  {
    "name": "Load extend/response.js",
    "start": 1613108044860,
    "end": 1613108044869,
    "duration": 9,
    "pid": 19304,
    "index": 33
  },
  {
    "name": "Require(27) node_modules/egg/app/extend/response.js",
    "start": 1613108044863,
    "end": 1613108044865,
    "duration": 2,
    "pid": 19304,
    "index": 34
  },
  {
    "name": "Load extend/context.js",
    "start": 1613108044869,
    "end": 1613108044979,
    "duration": 110,
    "pid": 19304,
    "index": 35
  },
  {
    "name": "Require(28) node_modules/egg-security/app/extend/context.js",
    "start": 1613108044870,
    "end": 1613108044886,
    "duration": 16,
    "pid": 19304,
    "index": 36
  },
  {
    "name": "Require(29) node_modules/egg-jsonp/app/extend/context.js",
    "start": 1613108044887,
    "end": 1613108044889,
    "duration": 2,
    "pid": 19304,
    "index": 37
  },
  {
    "name": "Require(30) node_modules/egg-i18n/app/extend/context.js",
    "start": 1613108044890,
    "end": 1613108044890,
    "duration": 0,
    "pid": 19304,
    "index": 38
  },
  {
    "name": "Require(31) node_modules/egg-multipart/app/extend/context.js",
    "start": 1613108044891,
    "end": 1613108044969,
    "duration": 78,
    "pid": 19304,
    "index": 39
  },
  {
    "name": "Require(32) node_modules/egg-view/app/extend/context.js",
    "start": 1613108044970,
    "end": 1613108044971,
    "duration": 1,
    "pid": 19304,
    "index": 40
  },
  {
    "name": "Require(33) node_modules/egg/app/extend/context.js",
    "start": 1613108044972,
    "end": 1613108044973,
    "duration": 1,
    "pid": 19304,
    "index": 41
  },
  {
    "name": "Load extend/helper.js",
    "start": 1613108044979,
    "end": 1613108045010,
    "duration": 31,
    "pid": 19304,
    "index": 42
  },
  {
    "name": "Require(34) node_modules/egg-security/app/extend/helper.js",
    "start": 1613108044980,
    "end": 1613108045000,
    "duration": 20,
    "pid": 19304,
    "index": 43
  },
  {
    "name": "Require(35) node_modules/egg/app/extend/helper.js",
    "start": 1613108045005,
    "end": 1613108045005,
    "duration": 0,
    "pid": 19304,
    "index": 44
  },
  {
    "name": "Load app.js",
    "start": 1613108045010,
    "end": 1613108045060,
    "duration": 50,
    "pid": 19304,
    "index": 45
  },
  {
    "name": "Require(36) node_modules/egg-session/app.js",
    "start": 1613108045011,
    "end": 1613108045011,
    "duration": 0,
    "pid": 19304,
    "index": 46
  },
  {
    "name": "Require(37) node_modules/egg-security/app.js",
    "start": 1613108045012,
    "end": 1613108045013,
    "duration": 1,
    "pid": 19304,
    "index": 47
  },
  {
    "name": "Require(38) node_modules/egg-onerror/app.js",
    "start": 1613108045015,
    "end": 1613108045025,
    "duration": 10,
    "pid": 19304,
    "index": 48
  },
  {
    "name": "Require(39) node_modules/egg-i18n/app.js",
    "start": 1613108045026,
    "end": 1613108045035,
    "duration": 9,
    "pid": 19304,
    "index": 49
  },
  {
    "name": "Require(40) node_modules/egg-watcher/app.js",
    "start": 1613108045035,
    "end": 1613108045039,
    "duration": 4,
    "pid": 19304,
    "index": 50
  },
  {
    "name": "Require(41) node_modules/egg-schedule/app.js",
    "start": 1613108045040,
    "end": 1613108045041,
    "duration": 1,
    "pid": 19304,
    "index": 51
  },
  {
    "name": "Require(42) node_modules/egg-multipart/app.js",
    "start": 1613108045042,
    "end": 1613108045042,
    "duration": 0,
    "pid": 19304,
    "index": 52
  },
  {
    "name": "Require(43) node_modules/egg-development/app.js",
    "start": 1613108045043,
    "end": 1613108045043,
    "duration": 0,
    "pid": 19304,
    "index": 53
  },
  {
    "name": "Require(44) node_modules/egg-logrotator/app.js",
    "start": 1613108045044,
    "end": 1613108045044,
    "duration": 0,
    "pid": 19304,
    "index": 54
  },
  {
    "name": "Require(45) node_modules/egg-static/app.js",
    "start": 1613108045045,
    "end": 1613108045045,
    "duration": 0,
    "pid": 19304,
    "index": 55
  },
  {
    "name": "Require(46) node_modules/egg-mysql/app.js",
    "start": 1613108045046,
    "end": 1613108045058,
    "duration": 12,
    "pid": 19304,
    "index": 56
  },
  {
    "name": "Require(47) node_modules/egg-cors/app.js",
    "start": 1613108045059,
    "end": 1613108045059,
    "duration": 0,
    "pid": 19304,
    "index": 57
  },
  {
    "name": "Before Start in node_modules/egg-watcher/lib/init.js:15:14",
    "start": 1613108045075,
    "end": 1613108045387,
    "duration": 312,
    "pid": 19304,
    "index": 58
  },
  {
    "name": "Before Start in node_modules/egg-mysql/lib/mysql.js:20:7",
    "start": 1613108045225,
    "end": 1613108045543,
    "duration": 318,
    "pid": 19304,
    "index": 59
  },
  {
    "name": "Load Service",
    "start": 1613108045226,
    "end": 1613108045232,
    "duration": 6,
    "pid": 19304,
    "index": 60
  },
  {
    "name": "Load \"service\" to Context",
    "start": 1613108045226,
    "end": 1613108045232,
    "duration": 6,
    "pid": 19304,
    "index": 61
  },
  {
    "name": "Load Middleware",
    "start": 1613108045232,
    "end": 1613108045359,
    "duration": 127,
    "pid": 19304,
    "index": 62
  },
  {
    "name": "Load \"middlewares\" to Application",
    "start": 1613108045232,
    "end": 1613108045346,
    "duration": 114,
    "pid": 19304,
    "index": 63
  },
  {
    "name": "Load Controller",
    "start": 1613108045359,
    "end": 1613108045363,
    "duration": 4,
    "pid": 19304,
    "index": 64
  },
  {
    "name": "Load \"controller\" to Application",
    "start": 1613108045359,
    "end": 1613108045363,
    "duration": 4,
    "pid": 19304,
    "index": 65
  },
  {
    "name": "Load Router",
    "start": 1613108045363,
    "end": 1613108045368,
    "duration": 5,
    "pid": 19304,
    "index": 66
  },
  {
    "name": "Require(48) app/router.js",
    "start": 1613108045364,
    "end": 1613108045364,
    "duration": 0,
    "pid": 19304,
    "index": 67
  },
  {
    "name": "Before Start in node_modules/egg-core/lib/egg.js:303:10",
    "start": 1613108045365,
    "end": 1613108045379,
    "duration": 14,
    "pid": 19304,
    "index": 68
  }
]