[
  {
    "name": "Process Start",
    "start": 1613113389744,
    "end": 1613113391072,
    "duration": 1328,
    "pid": 5212,
    "index": 0
  },
  {
    "name": "Application Start",
    "start": 1613113391073,
    "end": 1613113391961,
    "duration": 888,
    "pid": 5212,
    "index": 1
  },
  {
    "name": "Load Plugin",
    "start": 1613113391087,
    "end": 1613113391118,
    "duration": 31,
    "pid": 5212,
    "index": 2
  },
  {
    "name": "Load Config",
    "start": 1613113391119,
    "end": 1613113391214,
    "duration": 95,
    "pid": 5212,
    "index": 3
  },
  {
    "name": "Require(0) config/config.default.js",
    "start": 1613113391119,
    "end": 1613113391120,
    "duration": 1,
    "pid": 5212,
    "index": 4
  },
  {
    "name": "Require(1) node_modules/egg-session/config/config.default.js",
    "start": 1613113391121,
    "end": 1613113391152,
    "duration": 31,
    "pid": 5212,
    "index": 5
  },
  {
    "name": "Require(2) node_modules/egg-security/config/config.default.js",
    "start": 1613113391154,
    "end": 1613113391155,
    "duration": 1,
    "pid": 5212,
    "index": 6
  },
  {
    "name": "Require(3) node_modules/egg-jsonp/config/config.default.js",
    "start": 1613113391179,
    "end": 1613113391179,
    "duration": 0,
    "pid": 5212,
    "index": 7
  },
  {
    "name": "Require(4) node_modules/egg-onerror/config/config.default.js",
    "start": 1613113391180,
    "end": 1613113391181,
    "duration": 1,
    "pid": 5212,
    "index": 8
  },
  {
    "name": "Require(5) node_modules/egg-i18n/config/config.default.js",
    "start": 1613113391183,
    "end": 1613113391184,
    "duration": 1,
    "pid": 5212,
    "index": 9
  },
  {
    "name": "Require(6) node_modules/egg-watcher/config/config.default.js",
    "start": 1613113391185,
    "end": 1613113391185,
    "duration": 0,
    "pid": 5212,
    "index": 10
  },
  {
    "name": "Require(7) node_modules/egg-schedule/config/config.default.js",
    "start": 1613113391188,
    "end": 1613113391194,
    "duration": 6,
    "pid": 5212,
    "index": 11
  },
  {
    "name": "Require(8) node_modules/egg-multipart/config/config.default.js",
    "start": 1613113391195,
    "end": 1613113391195,
    "duration": 0,
    "pid": 5212,
    "index": 12
  },
  {
    "name": "Require(9) node_modules/egg-development/config/config.default.js",
    "start": 1613113391196,
    "end": 1613113391197,
    "duration": 1,
    "pid": 5212,
    "index": 13
  },
  {
    "name": "Require(10) node_modules/egg-logrotator/config/config.default.js",
    "start": 1613113391197,
    "end": 1613113391198,
    "duration": 1,
    "pid": 5212,
    "index": 14
  },
  {
    "name": "Require(11) node_modules/egg-static/config/config.default.js",
    "start": 1613113391198,
    "end": 1613113391199,
    "duration": 1,
    "pid": 5212,
    "index": 15
  },
  {
    "name": "Require(12) node_modules/egg-view/config/config.default.js",
    "start": 1613113391200,
    "end": 1613113391200,
    "duration": 0,
    "pid": 5212,
    "index": 16
  },
  {
    "name": "Require(13) node_modules/egg-mysql/config/config.default.js",
    "start": 1613113391201,
    "end": 1613113391201,
    "duration": 0,
    "pid": 5212,
    "index": 17
  },
  {
    "name": "Require(14) node_modules/egg-cors/config/config.default.js",
    "start": 1613113391202,
    "end": 1613113391203,
    "duration": 1,
    "pid": 5212,
    "index": 18
  },
  {
    "name": "Require(15) node_modules/egg/config/config.default.js",
    "start": 1613113391205,
    "end": 1613113391206,
    "duration": 1,
    "pid": 5212,
    "index": 19
  },
  {
    "name": "Require(16) config/config.default.js",
    "start": 1613113391207,
    "end": 1613113391207,
    "duration": 0,
    "pid": 5212,
    "index": 20
  },
  {
    "name": "Require(17) node_modules/egg-security/config/config.local.js",
    "start": 1613113391208,
    "end": 1613113391208,
    "duration": 0,
    "pid": 5212,
    "index": 21
  },
  {
    "name": "Require(18) node_modules/egg-watcher/config/config.local.js",
    "start": 1613113391210,
    "end": 1613113391210,
    "duration": 0,
    "pid": 5212,
    "index": 22
  },
  {
    "name": "Require(19) node_modules/egg-view/config/config.local.js",
    "start": 1613113391212,
    "end": 1613113391212,
    "duration": 0,
    "pid": 5212,
    "index": 23
  },
  {
    "name": "Require(20) node_modules/egg/config/config.local.js",
    "start": 1613113391213,
    "end": 1613113391213,
    "duration": 0,
    "pid": 5212,
    "index": 24
  },
  {
    "name": "Load extend/application.js",
    "start": 1613113391215,
    "end": 1613113391249,
    "duration": 34,
    "pid": 5212,
    "index": 25
  },
  {
    "name": "Require(21) node_modules/egg-session/app/extend/application.js",
    "start": 1613113391216,
    "end": 1613113391216,
    "duration": 0,
    "pid": 5212,
    "index": 26
  },
  {
    "name": "Require(22) node_modules/egg-security/app/extend/application.js",
    "start": 1613113391217,
    "end": 1613113391223,
    "duration": 6,
    "pid": 5212,
    "index": 27
  },
  {
    "name": "Require(23) node_modules/egg-jsonp/app/extend/application.js",
    "start": 1613113391224,
    "end": 1613113391227,
    "duration": 3,
    "pid": 5212,
    "index": 28
  },
  {
    "name": "Require(24) node_modules/egg-logrotator/app/extend/application.js",
    "start": 1613113391230,
    "end": 1613113391241,
    "duration": 11,
    "pid": 5212,
    "index": 29
  },
  {
    "name": "Require(25) node_modules/egg-view/app/extend/application.js",
    "start": 1613113391242,
    "end": 1613113391245,
    "duration": 3,
    "pid": 5212,
    "index": 30
  },
  {
    "name": "Load extend/request.js",
    "start": 1613113391249,
    "end": 1613113391260,
    "duration": 11,
    "pid": 5212,
    "index": 31
  },
  {
    "name": "Require(26) node_modules/egg/app/extend/request.js",
    "start": 1613113391255,
    "end": 1613113391256,
    "duration": 1,
    "pid": 5212,
    "index": 32
  },
  {
    "name": "Load extend/response.js",
    "start": 1613113391260,
    "end": 1613113391272,
    "duration": 12,
    "pid": 5212,
    "index": 33
  },
  {
    "name": "Require(27) node_modules/egg/app/extend/response.js",
    "start": 1613113391264,
    "end": 1613113391266,
    "duration": 2,
    "pid": 5212,
    "index": 34
  },
  {
    "name": "Load extend/context.js",
    "start": 1613113391272,
    "end": 1613113391397,
    "duration": 125,
    "pid": 5212,
    "index": 35
  },
  {
    "name": "Require(28) node_modules/egg-security/app/extend/context.js",
    "start": 1613113391273,
    "end": 1613113391293,
    "duration": 20,
    "pid": 5212,
    "index": 36
  },
  {
    "name": "Require(29) node_modules/egg-jsonp/app/extend/context.js",
    "start": 1613113391295,
    "end": 1613113391297,
    "duration": 2,
    "pid": 5212,
    "index": 37
  },
  {
    "name": "Require(30) node_modules/egg-i18n/app/extend/context.js",
    "start": 1613113391298,
    "end": 1613113391299,
    "duration": 1,
    "pid": 5212,
    "index": 38
  },
  {
    "name": "Require(31) node_modules/egg-multipart/app/extend/context.js",
    "start": 1613113391300,
    "end": 1613113391357,
    "duration": 57,
    "pid": 5212,
    "index": 39
  },
  {
    "name": "Require(32) node_modules/egg-view/app/extend/context.js",
    "start": 1613113391358,
    "end": 1613113391359,
    "duration": 1,
    "pid": 5212,
    "index": 40
  },
  {
    "name": "Require(33) node_modules/egg/app/extend/context.js",
    "start": 1613113391360,
    "end": 1613113391361,
    "duration": 1,
    "pid": 5212,
    "index": 41
  },
  {
    "name": "Load extend/helper.js",
    "start": 1613113391397,
    "end": 1613113391432,
    "duration": 35,
    "pid": 5212,
    "index": 42
  },
  {
    "name": "Require(34) node_modules/egg-security/app/extend/helper.js",
    "start": 1613113391401,
    "end": 1613113391424,
    "duration": 23,
    "pid": 5212,
    "index": 43
  },
  {
    "name": "Require(35) node_modules/egg/app/extend/helper.js",
    "start": 1613113391428,
    "end": 1613113391428,
    "duration": 0,
    "pid": 5212,
    "index": 44
  },
  {
    "name": "Load app.js",
    "start": 1613113391432,
    "end": 1613113391481,
    "duration": 49,
    "pid": 5212,
    "index": 45
  },
  {
    "name": "Require(36) node_modules/egg-session/app.js",
    "start": 1613113391432,
    "end": 1613113391433,
    "duration": 1,
    "pid": 5212,
    "index": 46
  },
  {
    "name": "Require(37) node_modules/egg-security/app.js",
    "start": 1613113391433,
    "end": 1613113391435,
    "duration": 2,
    "pid": 5212,
    "index": 47
  },
  {
    "name": "Require(38) node_modules/egg-onerror/app.js",
    "start": 1613113391436,
    "end": 1613113391445,
    "duration": 9,
    "pid": 5212,
    "index": 48
  },
  {
    "name": "Require(39) node_modules/egg-i18n/app.js",
    "start": 1613113391445,
    "end": 1613113391454,
    "duration": 9,
    "pid": 5212,
    "index": 49
  },
  {
    "name": "Require(40) node_modules/egg-watcher/app.js",
    "start": 1613113391454,
    "end": 1613113391458,
    "duration": 4,
    "pid": 5212,
    "index": 50
  },
  {
    "name": "Require(41) node_modules/egg-schedule/app.js",
    "start": 1613113391458,
    "end": 1613113391459,
    "duration": 1,
    "pid": 5212,
    "index": 51
  },
  {
    "name": "Require(42) node_modules/egg-multipart/app.js",
    "start": 1613113391460,
    "end": 1613113391460,
    "duration": 0,
    "pid": 5212,
    "index": 52
  },
  {
    "name": "Require(43) node_modules/egg-development/app.js",
    "start": 1613113391461,
    "end": 1613113391461,
    "duration": 0,
    "pid": 5212,
    "index": 53
  },
  {
    "name": "Require(44) node_modules/egg-logrotator/app.js",
    "start": 1613113391461,
    "end": 1613113391462,
    "duration": 1,
    "pid": 5212,
    "index": 54
  },
  {
    "name": "Require(45) node_modules/egg-static/app.js",
    "start": 1613113391462,
    "end": 1613113391463,
    "duration": 1,
    "pid": 5212,
    "index": 55
  },
  {
    "name": "Require(46) node_modules/egg-mysql/app.js",
    "start": 1613113391464,
    "end": 1613113391476,
    "duration": 12,
    "pid": 5212,
    "index": 56
  },
  {
    "name": "Require(47) node_modules/egg-cors/app.js",
    "start": 1613113391477,
    "end": 1613113391477,
    "duration": 0,
    "pid": 5212,
    "index": 57
  },
  {
    "name": "Before Start in node_modules/egg-watcher/lib/init.js:15:14",
    "start": 1613113391496,
    "end": 1613113391844,
    "duration": 348,
    "pid": 5212,
    "index": 58
  },
  {
    "name": "Before Start in node_modules/egg-mysql/lib/mysql.js:20:7",
    "start": 1613113391604,
    "end": 1613113391960,
    "duration": 356,
    "pid": 5212,
    "index": 59
  },
  {
    "name": "Load Service",
    "start": 1613113391605,
    "end": 1613113391616,
    "duration": 11,
    "pid": 5212,
    "index": 60
  },
  {
    "name": "Load \"service\" to Context",
    "start": 1613113391605,
    "end": 1613113391616,
    "duration": 11,
    "pid": 5212,
    "index": 61
  },
  {
    "name": "Load Middleware",
    "start": 1613113391616,
    "end": 1613113391816,
    "duration": 200,
    "pid": 5212,
    "index": 62
  },
  {
    "name": "Load \"middlewares\" to Application",
    "start": 1613113391617,
    "end": 1613113391797,
    "duration": 180,
    "pid": 5212,
    "index": 63
  },
  {
    "name": "Load Controller",
    "start": 1613113391816,
    "end": 1613113391821,
    "duration": 5,
    "pid": 5212,
    "index": 64
  },
  {
    "name": "Load \"controller\" to Application",
    "start": 1613113391816,
    "end": 1613113391821,
    "duration": 5,
    "pid": 5212,
    "index": 65
  },
  {
    "name": "Load Router",
    "start": 1613113391821,
    "end": 1613113391825,
    "duration": 4,
    "pid": 5212,
    "index": 66
  },
  {
    "name": "Require(48) app/router.js",
    "start": 1613113391821,
    "end": 1613113391821,
    "duration": 0,
    "pid": 5212,
    "index": 67
  },
  {
    "name": "Before Start in node_modules/egg-core/lib/egg.js:303:10",
    "start": 1613113391822,
    "end": 1613113391835,
    "duration": 13,
    "pid": 5212,
    "index": 68
  }
]