[
  {
    "name": "Process Start",
    "start": 1613112919933,
    "end": 1613112921209,
    "duration": 1276,
    "pid": 24216,
    "index": 0
  },
  {
    "name": "Application Start",
    "start": 1613112921209,
    "end": 1613112922059,
    "duration": 850,
    "pid": 24216,
    "index": 1
  },
  {
    "name": "Load Plugin",
    "start": 1613112921216,
    "end": 1613112921237,
    "duration": 21,
    "pid": 24216,
    "index": 2
  },
  {
    "name": "Load Config",
    "start": 1613112921237,
    "end": 1613112921264,
    "duration": 27,
    "pid": 24216,
    "index": 3
  },
  {
    "name": "Require(0) config/config.default.js",
    "start": 1613112921238,
    "end": 1613112921238,
    "duration": 0,
    "pid": 24216,
    "index": 4
  },
  {
    "name": "Require(1) node_modules/egg-session/config/config.default.js",
    "start": 1613112921240,
    "end": 1613112921240,
    "duration": 0,
    "pid": 24216,
    "index": 5
  },
  {
    "name": "Require(2) node_modules/egg-security/config/config.default.js",
    "start": 1613112921241,
    "end": 1613112921241,
    "duration": 0,
    "pid": 24216,
    "index": 6
  },
  {
    "name": "Require(3) node_modules/egg-jsonp/config/config.default.js",
    "start": 1613112921242,
    "end": 1613112921243,
    "duration": 1,
    "pid": 24216,
    "index": 7
  },
  {
    "name": "Require(4) node_modules/egg-onerror/config/config.default.js",
    "start": 1613112921243,
    "end": 1613112921244,
    "duration": 1,
    "pid": 24216,
    "index": 8
  },
  {
    "name": "Require(5) node_modules/egg-i18n/config/config.default.js",
    "start": 1613112921245,
    "end": 1613112921245,
    "duration": 0,
    "pid": 24216,
    "index": 9
  },
  {
    "name": "Require(6) node_modules/egg-watcher/config/config.default.js",
    "start": 1613112921246,
    "end": 1613112921246,
    "duration": 0,
    "pid": 24216,
    "index": 10
  },
  {
    "name": "Require(7) node_modules/egg-schedule/config/config.default.js",
    "start": 1613112921247,
    "end": 1613112921247,
    "duration": 0,
    "pid": 24216,
    "index": 11
  },
  {
    "name": "Require(8) node_modules/egg-multipart/config/config.default.js",
    "start": 1613112921248,
    "end": 1613112921248,
    "duration": 0,
    "pid": 24216,
    "index": 12
  },
  {
    "name": "Require(9) node_modules/egg-development/config/config.default.js",
    "start": 1613112921249,
    "end": 1613112921250,
    "duration": 1,
    "pid": 24216,
    "index": 13
  },
  {
    "name": "Require(10) node_modules/egg-logrotator/config/config.default.js",
    "start": 1613112921250,
    "end": 1613112921251,
    "duration": 1,
    "pid": 24216,
    "index": 14
  },
  {
    "name": "Require(11) node_modules/egg-static/config/config.default.js",
    "start": 1613112921251,
    "end": 1613112921252,
    "duration": 1,
    "pid": 24216,
    "index": 15
  },
  {
    "name": "Require(12) node_modules/egg-view/config/config.default.js",
    "start": 1613112921252,
    "end": 1613112921253,
    "duration": 1,
    "pid": 24216,
    "index": 16
  },
  {
    "name": "Require(13) node_modules/egg-mysql/config/config.default.js",
    "start": 1613112921253,
    "end": 1613112921254,
    "duration": 1,
    "pid": 24216,
    "index": 17
  },
  {
    "name": "Require(14) node_modules/egg-cors/config/config.default.js",
    "start": 1613112921254,
    "end": 1613112921255,
    "duration": 1,
    "pid": 24216,
    "index": 18
  },
  {
    "name": "Require(15) node_modules/egg/config/config.default.js",
    "start": 1613112921255,
    "end": 1613112921256,
    "duration": 1,
    "pid": 24216,
    "index": 19
  },
  {
    "name": "Require(16) config/config.default.js",
    "start": 1613112921257,
    "end": 1613112921257,
    "duration": 0,
    "pid": 24216,
    "index": 20
  },
  {
    "name": "Require(17) node_modules/egg-security/config/config.local.js",
    "start": 1613112921258,
    "end": 1613112921258,
    "duration": 0,
    "pid": 24216,
    "index": 21
  },
  {
    "name": "Require(18) node_modules/egg-watcher/config/config.local.js",
    "start": 1613112921260,
    "end": 1613112921260,
    "duration": 0,
    "pid": 24216,
    "index": 22
  },
  {
    "name": "Require(19) node_modules/egg-view/config/config.local.js",
    "start": 1613112921263,
    "end": 1613112921263,
    "duration": 0,
    "pid": 24216,
    "index": 23
  },
  {
    "name": "Require(20) node_modules/egg/config/config.local.js",
    "start": 1613112921264,
    "end": 1613112921264,
    "duration": 0,
    "pid": 24216,
    "index": 24
  },
  {
    "name": "Load extend/application.js",
    "start": 1613112921265,
    "end": 1613112921289,
    "duration": 24,
    "pid": 24216,
    "index": 25
  },
  {
    "name": "Require(21) node_modules/egg-session/app/extend/application.js",
    "start": 1613112921266,
    "end": 1613112921267,
    "duration": 1,
    "pid": 24216,
    "index": 26
  },
  {
    "name": "Require(22) node_modules/egg-security/app/extend/application.js",
    "start": 1613112921267,
    "end": 1613112921268,
    "duration": 1,
    "pid": 24216,
    "index": 27
  },
  {
    "name": "Require(23) node_modules/egg-jsonp/app/extend/application.js",
    "start": 1613112921269,
    "end": 1613112921270,
    "duration": 1,
    "pid": 24216,
    "index": 28
  },
  {
    "name": "Require(24) node_modules/egg-logrotator/app/extend/application.js",
    "start": 1613112921273,
    "end": 1613112921283,
    "duration": 10,
    "pid": 24216,
    "index": 29
  },
  {
    "name": "Require(25) node_modules/egg-view/app/extend/application.js",
    "start": 1613112921283,
    "end": 1613112921285,
    "duration": 2,
    "pid": 24216,
    "index": 30
  },
  {
    "name": "Load extend/request.js",
    "start": 1613112921289,
    "end": 1613112921298,
    "duration": 9,
    "pid": 24216,
    "index": 31
  },
  {
    "name": "Require(26) node_modules/egg/app/extend/request.js",
    "start": 1613112921293,
    "end": 1613112921294,
    "duration": 1,
    "pid": 24216,
    "index": 32
  },
  {
    "name": "Load extend/response.js",
    "start": 1613112921298,
    "end": 1613112921307,
    "duration": 9,
    "pid": 24216,
    "index": 33
  },
  {
    "name": "Require(27) node_modules/egg/app/extend/response.js",
    "start": 1613112921301,
    "end": 1613112921303,
    "duration": 2,
    "pid": 24216,
    "index": 34
  },
  {
    "name": "Load extend/context.js",
    "start": 1613112921307,
    "end": 1613112921402,
    "duration": 95,
    "pid": 24216,
    "index": 35
  },
  {
    "name": "Require(28) node_modules/egg-security/app/extend/context.js",
    "start": 1613112921308,
    "end": 1613112921346,
    "duration": 38,
    "pid": 24216,
    "index": 36
  },
  {
    "name": "Require(29) node_modules/egg-jsonp/app/extend/context.js",
    "start": 1613112921346,
    "end": 1613112921348,
    "duration": 2,
    "pid": 24216,
    "index": 37
  },
  {
    "name": "Require(30) node_modules/egg-i18n/app/extend/context.js",
    "start": 1613112921348,
    "end": 1613112921349,
    "duration": 1,
    "pid": 24216,
    "index": 38
  },
  {
    "name": "Require(31) node_modules/egg-multipart/app/extend/context.js",
    "start": 1613112921350,
    "end": 1613112921395,
    "duration": 45,
    "pid": 24216,
    "index": 39
  },
  {
    "name": "Require(32) node_modules/egg-view/app/extend/context.js",
    "start": 1613112921396,
    "end": 1613112921397,
    "duration": 1,
    "pid": 24216,
    "index": 40
  },
  {
    "name": "Require(33) node_modules/egg/app/extend/context.js",
    "start": 1613112921398,
    "end": 1613112921398,
    "duration": 0,
    "pid": 24216,
    "index": 41
  },
  {
    "name": "Load extend/helper.js",
    "start": 1613112921402,
    "end": 1613112921439,
    "duration": 37,
    "pid": 24216,
    "index": 42
  },
  {
    "name": "Require(34) node_modules/egg-security/app/extend/helper.js",
    "start": 1613112921403,
    "end": 1613112921423,
    "duration": 20,
    "pid": 24216,
    "index": 43
  },
  {
    "name": "Require(35) node_modules/egg/app/extend/helper.js",
    "start": 1613112921434,
    "end": 1613112921434,
    "duration": 0,
    "pid": 24216,
    "index": 44
  },
  {
    "name": "Load app.js",
    "start": 1613112921440,
    "end": 1613112921533,
    "duration": 93,
    "pid": 24216,
    "index": 45
  },
  {
    "name": "Require(36) node_modules/egg-session/app.js",
    "start": 1613112921440,
    "end": 1613112921440,
    "duration": 0,
    "pid": 24216,
    "index": 46
  },
  {
    "name": "Require(37) node_modules/egg-security/app.js",
    "start": 1613112921441,
    "end": 1613112921442,
    "duration": 1,
    "pid": 24216,
    "index": 47
  },
  {
    "name": "Require(38) node_modules/egg-onerror/app.js",
    "start": 1613112921474,
    "end": 1613112921484,
    "duration": 10,
    "pid": 24216,
    "index": 48
  },
  {
    "name": "Require(39) node_modules/egg-i18n/app.js",
    "start": 1613112921485,
    "end": 1613112921506,
    "duration": 21,
    "pid": 24216,
    "index": 49
  },
  {
    "name": "Require(40) node_modules/egg-watcher/app.js",
    "start": 1613112921507,
    "end": 1613112921512,
    "duration": 5,
    "pid": 24216,
    "index": 50
  },
  {
    "name": "Require(41) node_modules/egg-schedule/app.js",
    "start": 1613112921514,
    "end": 1613112921515,
    "duration": 1,
    "pid": 24216,
    "index": 51
  },
  {
    "name": "Require(42) node_modules/egg-multipart/app.js",
    "start": 1613112921516,
    "end": 1613112921516,
    "duration": 0,
    "pid": 24216,
    "index": 52
  },
  {
    "name": "Require(43) node_modules/egg-development/app.js",
    "start": 1613112921517,
    "end": 1613112921517,
    "duration": 0,
    "pid": 24216,
    "index": 53
  },
  {
    "name": "Require(44) node_modules/egg-logrotator/app.js",
    "start": 1613112921517,
    "end": 1613112921518,
    "duration": 1,
    "pid": 24216,
    "index": 54
  },
  {
    "name": "Require(45) node_modules/egg-static/app.js",
    "start": 1613112921518,
    "end": 1613112921518,
    "duration": 0,
    "pid": 24216,
    "index": 55
  },
  {
    "name": "Require(46) node_modules/egg-mysql/app.js",
    "start": 1613112921519,
    "end": 1613112921532,
    "duration": 13,
    "pid": 24216,
    "index": 56
  },
  {
    "name": "Require(47) node_modules/egg-cors/app.js",
    "start": 1613112921532,
    "end": 1613112921532,
    "duration": 0,
    "pid": 24216,
    "index": 57
  },
  {
    "name": "Before Start in node_modules/egg-watcher/lib/init.js:15:14",
    "start": 1613112921545,
    "end": 1613112921922,
    "duration": 377,
    "pid": 24216,
    "index": 58
  },
  {
    "name": "Before Start in node_modules/egg-mysql/lib/mysql.js:20:7",
    "start": 1613112921661,
    "end": 1613112922058,
    "duration": 397,
    "pid": 24216,
    "index": 59
  },
  {
    "name": "Load Service",
    "start": 1613112921662,
    "end": 1613112921667,
    "duration": 5,
    "pid": 24216,
    "index": 60
  },
  {
    "name": "Load \"service\" to Context",
    "start": 1613112921662,
    "end": 1613112921667,
    "duration": 5,
    "pid": 24216,
    "index": 61
  },
  {
    "name": "Load Middleware",
    "start": 1613112921667,
    "end": 1613112921889,
    "duration": 222,
    "pid": 24216,
    "index": 62
  },
  {
    "name": "Load \"middlewares\" to Application",
    "start": 1613112921667,
    "end": 1613112921870,
    "duration": 203,
    "pid": 24216,
    "index": 63
  },
  {
    "name": "Load Controller",
    "start": 1613112921889,
    "end": 1613112921894,
    "duration": 5,
    "pid": 24216,
    "index": 64
  },
  {
    "name": "Load \"controller\" to Application",
    "start": 1613112921889,
    "end": 1613112921894,
    "duration": 5,
    "pid": 24216,
    "index": 65
  },
  {
    "name": "Load Router",
    "start": 1613112921894,
    "end": 1613112921901,
    "duration": 7,
    "pid": 24216,
    "index": 66
  },
  {
    "name": "Require(48) app/router.js",
    "start": 1613112921895,
    "end": 1613112921896,
    "duration": 1,
    "pid": 24216,
    "index": 67
  },
  {
    "name": "Before Start in node_modules/egg-core/lib/egg.js:303:10",
    "start": 1613112921898,
    "end": 1613112921914,
    "duration": 16,
    "pid": 24216,
    "index": 68
  }
]