[
  {
    "name": "Process Start",
    "start": 1613116376718,
    "end": 1613116377798,
    "duration": 1080,
    "pid": 1344,
    "index": 0
  },
  {
    "name": "Application Start",
    "start": 1613116377799,
    "end": 1613116378488,
    "duration": 689,
    "pid": 1344,
    "index": 1
  },
  {
    "name": "Load Plugin",
    "start": 1613116377805,
    "end": 1613116377825,
    "duration": 20,
    "pid": 1344,
    "index": 2
  },
  {
    "name": "Load Config",
    "start": 1613116377825,
    "end": 1613116377864,
    "duration": 39,
    "pid": 1344,
    "index": 3
  },
  {
    "name": "Require(0) config/config.default.js",
    "start": 1613116377826,
    "end": 1613116377827,
    "duration": 1,
    "pid": 1344,
    "index": 4
  },
  {
    "name": "Require(1) node_modules/egg-session/config/config.default.js",
    "start": 1613116377828,
    "end": 1613116377829,
    "duration": 1,
    "pid": 1344,
    "index": 5
  },
  {
    "name": "Require(2) node_modules/egg-security/config/config.default.js",
    "start": 1613116377829,
    "end": 1613116377830,
    "duration": 1,
    "pid": 1344,
    "index": 6
  },
  {
    "name": "Require(3) node_modules/egg-jsonp/config/config.default.js",
    "start": 1613116377831,
    "end": 1613116377832,
    "duration": 1,
    "pid": 1344,
    "index": 7
  },
  {
    "name": "Require(4) node_modules/egg-onerror/config/config.default.js",
    "start": 1613116377832,
    "end": 1613116377833,
    "duration": 1,
    "pid": 1344,
    "index": 8
  },
  {
    "name": "Require(5) node_modules/egg-i18n/config/config.default.js",
    "start": 1613116377833,
    "end": 1613116377834,
    "duration": 1,
    "pid": 1344,
    "index": 9
  },
  {
    "name": "Require(6) node_modules/egg-watcher/config/config.default.js",
    "start": 1613116377834,
    "end": 1613116377835,
    "duration": 1,
    "pid": 1344,
    "index": 10
  },
  {
    "name": "Require(7) node_modules/egg-schedule/config/config.default.js",
    "start": 1613116377835,
    "end": 1613116377836,
    "duration": 1,
    "pid": 1344,
    "index": 11
  },
  {
    "name": "Require(8) node_modules/egg-multipart/config/config.default.js",
    "start": 1613116377837,
    "end": 1613116377838,
    "duration": 1,
    "pid": 1344,
    "index": 12
  },
  {
    "name": "Require(9) node_modules/egg-development/config/config.default.js",
    "start": 1613116377838,
    "end": 1613116377839,
    "duration": 1,
    "pid": 1344,
    "index": 13
  },
  {
    "name": "Require(10) node_modules/egg-logrotator/config/config.default.js",
    "start": 1613116377839,
    "end": 1613116377840,
    "duration": 1,
    "pid": 1344,
    "index": 14
  },
  {
    "name": "Require(11) node_modules/egg-static/config/config.default.js",
    "start": 1613116377840,
    "end": 1613116377841,
    "duration": 1,
    "pid": 1344,
    "index": 15
  },
  {
    "name": "Require(12) node_modules/egg-view/config/config.default.js",
    "start": 1613116377842,
    "end": 1613116377848,
    "duration": 6,
    "pid": 1344,
    "index": 16
  },
  {
    "name": "Require(13) node_modules/egg-mysql/config/config.default.js",
    "start": 1613116377849,
    "end": 1613116377850,
    "duration": 1,
    "pid": 1344,
    "index": 17
  },
  {
    "name": "Require(14) node_modules/egg-cors/config/config.default.js",
    "start": 1613116377851,
    "end": 1613116377851,
    "duration": 0,
    "pid": 1344,
    "index": 18
  },
  {
    "name": "Require(15) node_modules/egg/config/config.default.js",
    "start": 1613116377851,
    "end": 1613116377852,
    "duration": 1,
    "pid": 1344,
    "index": 19
  },
  {
    "name": "Require(16) config/config.default.js",
    "start": 1613116377853,
    "end": 1613116377853,
    "duration": 0,
    "pid": 1344,
    "index": 20
  },
  {
    "name": "Require(17) node_modules/egg-security/config/config.local.js",
    "start": 1613116377854,
    "end": 1613116377857,
    "duration": 3,
    "pid": 1344,
    "index": 21
  },
  {
    "name": "Require(18) node_modules/egg-watcher/config/config.local.js",
    "start": 1613116377858,
    "end": 1613116377858,
    "duration": 0,
    "pid": 1344,
    "index": 22
  },
  {
    "name": "Require(19) node_modules/egg-view/config/config.local.js",
    "start": 1613116377860,
    "end": 1613116377860,
    "duration": 0,
    "pid": 1344,
    "index": 23
  },
  {
    "name": "Require(20) node_modules/egg/config/config.local.js",
    "start": 1613116377862,
    "end": 1613116377863,
    "duration": 1,
    "pid": 1344,
    "index": 24
  },
  {
    "name": "Load extend/application.js",
    "start": 1613116377865,
    "end": 1613116377894,
    "duration": 29,
    "pid": 1344,
    "index": 25
  },
  {
    "name": "Require(21) node_modules/egg-session/app/extend/application.js",
    "start": 1613116377865,
    "end": 1613116377866,
    "duration": 1,
    "pid": 1344,
    "index": 26
  },
  {
    "name": "Require(22) node_modules/egg-security/app/extend/application.js",
    "start": 1613116377866,
    "end": 1613116377868,
    "duration": 2,
    "pid": 1344,
    "index": 27
  },
  {
    "name": "Require(23) node_modules/egg-jsonp/app/extend/application.js",
    "start": 1613116377870,
    "end": 1613116377872,
    "duration": 2,
    "pid": 1344,
    "index": 28
  },
  {
    "name": "Require(24) node_modules/egg-logrotator/app/extend/application.js",
    "start": 1613116377876,
    "end": 1613116377887,
    "duration": 11,
    "pid": 1344,
    "index": 29
  },
  {
    "name": "Require(25) node_modules/egg-view/app/extend/application.js",
    "start": 1613116377888,
    "end": 1613116377889,
    "duration": 1,
    "pid": 1344,
    "index": 30
  },
  {
    "name": "Load extend/request.js",
    "start": 1613116377894,
    "end": 1613116377903,
    "duration": 9,
    "pid": 1344,
    "index": 31
  },
  {
    "name": "Require(26) node_modules/egg/app/extend/request.js",
    "start": 1613116377898,
    "end": 1613116377899,
    "duration": 1,
    "pid": 1344,
    "index": 32
  },
  {
    "name": "Load extend/response.js",
    "start": 1613116377903,
    "end": 1613116377913,
    "duration": 10,
    "pid": 1344,
    "index": 33
  },
  {
    "name": "Require(27) node_modules/egg/app/extend/response.js",
    "start": 1613116377907,
    "end": 1613116377909,
    "duration": 2,
    "pid": 1344,
    "index": 34
  },
  {
    "name": "Load extend/context.js",
    "start": 1613116377913,
    "end": 1613116377994,
    "duration": 81,
    "pid": 1344,
    "index": 35
  },
  {
    "name": "Require(28) node_modules/egg-security/app/extend/context.js",
    "start": 1613116377914,
    "end": 1613116377932,
    "duration": 18,
    "pid": 1344,
    "index": 36
  },
  {
    "name": "Require(29) node_modules/egg-jsonp/app/extend/context.js",
    "start": 1613116377932,
    "end": 1613116377934,
    "duration": 2,
    "pid": 1344,
    "index": 37
  },
  {
    "name": "Require(30) node_modules/egg-i18n/app/extend/context.js",
    "start": 1613116377934,
    "end": 1613116377935,
    "duration": 1,
    "pid": 1344,
    "index": 38
  },
  {
    "name": "Require(31) node_modules/egg-multipart/app/extend/context.js",
    "start": 1613116377936,
    "end": 1613116377986,
    "duration": 50,
    "pid": 1344,
    "index": 39
  },
  {
    "name": "Require(32) node_modules/egg-view/app/extend/context.js",
    "start": 1613116377987,
    "end": 1613116377988,
    "duration": 1,
    "pid": 1344,
    "index": 40
  },
  {
    "name": "Require(33) node_modules/egg/app/extend/context.js",
    "start": 1613116377989,
    "end": 1613116377990,
    "duration": 1,
    "pid": 1344,
    "index": 41
  },
  {
    "name": "Load extend/helper.js",
    "start": 1613116377994,
    "end": 1613116378022,
    "duration": 28,
    "pid": 1344,
    "index": 42
  },
  {
    "name": "Require(34) node_modules/egg-security/app/extend/helper.js",
    "start": 1613116377995,
    "end": 1613116378014,
    "duration": 19,
    "pid": 1344,
    "index": 43
  },
  {
    "name": "Require(35) node_modules/egg/app/extend/helper.js",
    "start": 1613116378018,
    "end": 1613116378018,
    "duration": 0,
    "pid": 1344,
    "index": 44
  },
  {
    "name": "Load app.js",
    "start": 1613116378023,
    "end": 1613116378079,
    "duration": 56,
    "pid": 1344,
    "index": 45
  },
  {
    "name": "Require(36) node_modules/egg-session/app.js",
    "start": 1613116378023,
    "end": 1613116378024,
    "duration": 1,
    "pid": 1344,
    "index": 46
  },
  {
    "name": "Require(37) node_modules/egg-security/app.js",
    "start": 1613116378024,
    "end": 1613116378026,
    "duration": 2,
    "pid": 1344,
    "index": 47
  },
  {
    "name": "Require(38) node_modules/egg-onerror/app.js",
    "start": 1613116378027,
    "end": 1613116378037,
    "duration": 10,
    "pid": 1344,
    "index": 48
  },
  {
    "name": "Require(39) node_modules/egg-i18n/app.js",
    "start": 1613116378038,
    "end": 1613116378050,
    "duration": 12,
    "pid": 1344,
    "index": 49
  },
  {
    "name": "Require(40) node_modules/egg-watcher/app.js",
    "start": 1613116378051,
    "end": 1613116378054,
    "duration": 3,
    "pid": 1344,
    "index": 50
  },
  {
    "name": "Require(41) node_modules/egg-schedule/app.js",
    "start": 1613116378055,
    "end": 1613116378056,
    "duration": 1,
    "pid": 1344,
    "index": 51
  },
  {
    "name": "Require(42) node_modules/egg-multipart/app.js",
    "start": 1613116378057,
    "end": 1613116378058,
    "duration": 1,
    "pid": 1344,
    "index": 52
  },
  {
    "name": "Require(43) node_modules/egg-development/app.js",
    "start": 1613116378058,
    "end": 1613116378058,
    "duration": 0,
    "pid": 1344,
    "index": 53
  },
  {
    "name": "Require(44) node_modules/egg-logrotator/app.js",
    "start": 1613116378059,
    "end": 1613116378059,
    "duration": 0,
    "pid": 1344,
    "index": 54
  },
  {
    "name": "Require(45) node_modules/egg-static/app.js",
    "start": 1613116378059,
    "end": 1613116378060,
    "duration": 1,
    "pid": 1344,
    "index": 55
  },
  {
    "name": "Require(46) node_modules/egg-mysql/app.js",
    "start": 1613116378060,
    "end": 1613116378075,
    "duration": 15,
    "pid": 1344,
    "index": 56
  },
  {
    "name": "Require(47) node_modules/egg-cors/app.js",
    "start": 1613116378075,
    "end": 1613116378078,
    "duration": 3,
    "pid": 1344,
    "index": 57
  },
  {
    "name": "Before Start in node_modules/egg-watcher/lib/init.js:15:14",
    "start": 1613116378088,
    "end": 1613116378364,
    "duration": 276,
    "pid": 1344,
    "index": 58
  },
  {
    "name": "Before Start in node_modules/egg-mysql/lib/mysql.js:20:7",
    "start": 1613116378185,
    "end": 1613116378488,
    "duration": 303,
    "pid": 1344,
    "index": 59
  },
  {
    "name": "Load Service",
    "start": 1613116378186,
    "end": 1613116378191,
    "duration": 5,
    "pid": 1344,
    "index": 60
  },
  {
    "name": "Load \"service\" to Context",
    "start": 1613116378186,
    "end": 1613116378191,
    "duration": 5,
    "pid": 1344,
    "index": 61
  },
  {
    "name": "Load Middleware",
    "start": 1613116378191,
    "end": 1613116378332,
    "duration": 141,
    "pid": 1344,
    "index": 62
  },
  {
    "name": "Load \"middlewares\" to Application",
    "start": 1613116378191,
    "end": 1613116378313,
    "duration": 122,
    "pid": 1344,
    "index": 63
  },
  {
    "name": "Load Controller",
    "start": 1613116378332,
    "end": 1613116378338,
    "duration": 6,
    "pid": 1344,
    "index": 64
  },
  {
    "name": "Load \"controller\" to Application",
    "start": 1613116378332,
    "end": 1613116378338,
    "duration": 6,
    "pid": 1344,
    "index": 65
  },
  {
    "name": "Load Router",
    "start": 1613116378338,
    "end": 1613116378342,
    "duration": 4,
    "pid": 1344,
    "index": 66
  },
  {
    "name": "Require(48) app/router.js",
    "start": 1613116378338,
    "end": 1613116378339,
    "duration": 1,
    "pid": 1344,
    "index": 67
  },
  {
    "name": "Before Start in node_modules/egg-core/lib/egg.js:303:10",
    "start": 1613116378340,
    "end": 1613116378355,
    "duration": 15,
    "pid": 1344,
    "index": 68
  }
]