[
  {
    "name": "Process Start",
    "start": 1613111917407,
    "end": 1613111918666,
    "duration": 1259,
    "pid": 21556,
    "index": 0
  },
  {
    "name": "Application Start",
    "start": 1613111918666,
    "end": 1613111919391,
    "duration": 725,
    "pid": 21556,
    "index": 1
  },
  {
    "name": "Load Plugin",
    "start": 1613111918673,
    "end": 1613111918695,
    "duration": 22,
    "pid": 21556,
    "index": 2
  },
  {
    "name": "Load Config",
    "start": 1613111918695,
    "end": 1613111918722,
    "duration": 27,
    "pid": 21556,
    "index": 3
  },
  {
    "name": "Require(0) config/config.default.js",
    "start": 1613111918696,
    "end": 1613111918696,
    "duration": 0,
    "pid": 21556,
    "index": 4
  },
  {
    "name": "Require(1) node_modules/egg-session/config/config.default.js",
    "start": 1613111918698,
    "end": 1613111918699,
    "duration": 1,
    "pid": 21556,
    "index": 5
  },
  {
    "name": "Require(2) node_modules/egg-security/config/config.default.js",
    "start": 1613111918699,
    "end": 1613111918700,
    "duration": 1,
    "pid": 21556,
    "index": 6
  },
  {
    "name": "Require(3) node_modules/egg-jsonp/config/config.default.js",
    "start": 1613111918701,
    "end": 1613111918702,
    "duration": 1,
    "pid": 21556,
    "index": 7
  },
  {
    "name": "Require(4) node_modules/egg-onerror/config/config.default.js",
    "start": 1613111918702,
    "end": 1613111918702,
    "duration": 0,
    "pid": 21556,
    "index": 8
  },
  {
    "name": "Require(5) node_modules/egg-i18n/config/config.default.js",
    "start": 1613111918703,
    "end": 1613111918703,
    "duration": 0,
    "pid": 21556,
    "index": 9
  },
  {
    "name": "Require(6) node_modules/egg-watcher/config/config.default.js",
    "start": 1613111918704,
    "end": 1613111918704,
    "duration": 0,
    "pid": 21556,
    "index": 10
  },
  {
    "name": "Require(7) node_modules/egg-schedule/config/config.default.js",
    "start": 1613111918705,
    "end": 1613111918705,
    "duration": 0,
    "pid": 21556,
    "index": 11
  },
  {
    "name": "Require(8) node_modules/egg-multipart/config/config.default.js",
    "start": 1613111918706,
    "end": 1613111918706,
    "duration": 0,
    "pid": 21556,
    "index": 12
  },
  {
    "name": "Require(9) node_modules/egg-development/config/config.default.js",
    "start": 1613111918707,
    "end": 1613111918708,
    "duration": 1,
    "pid": 21556,
    "index": 13
  },
  {
    "name": "Require(10) node_modules/egg-logrotator/config/config.default.js",
    "start": 1613111918708,
    "end": 1613111918709,
    "duration": 1,
    "pid": 21556,
    "index": 14
  },
  {
    "name": "Require(11) node_modules/egg-static/config/config.default.js",
    "start": 1613111918709,
    "end": 1613111918710,
    "duration": 1,
    "pid": 21556,
    "index": 15
  },
  {
    "name": "Require(12) node_modules/egg-view/config/config.default.js",
    "start": 1613111918710,
    "end": 1613111918711,
    "duration": 1,
    "pid": 21556,
    "index": 16
  },
  {
    "name": "Require(13) node_modules/egg-mysql/config/config.default.js",
    "start": 1613111918711,
    "end": 1613111918712,
    "duration": 1,
    "pid": 21556,
    "index": 17
  },
  {
    "name": "Require(14) node_modules/egg-cors/config/config.default.js",
    "start": 1613111918712,
    "end": 1613111918713,
    "duration": 1,
    "pid": 21556,
    "index": 18
  },
  {
    "name": "Require(15) node_modules/egg/config/config.default.js",
    "start": 1613111918713,
    "end": 1613111918714,
    "duration": 1,
    "pid": 21556,
    "index": 19
  },
  {
    "name": "Require(16) config/config.default.js",
    "start": 1613111918716,
    "end": 1613111918716,
    "duration": 0,
    "pid": 21556,
    "index": 20
  },
  {
    "name": "Require(17) node_modules/egg-security/config/config.local.js",
    "start": 1613111918716,
    "end": 1613111918717,
    "duration": 1,
    "pid": 21556,
    "index": 21
  },
  {
    "name": "Require(18) node_modules/egg-watcher/config/config.local.js",
    "start": 1613111918718,
    "end": 1613111918718,
    "duration": 0,
    "pid": 21556,
    "index": 22
  },
  {
    "name": "Require(19) node_modules/egg-view/config/config.local.js",
    "start": 1613111918720,
    "end": 1613111918720,
    "duration": 0,
    "pid": 21556,
    "index": 23
  },
  {
    "name": "Require(20) node_modules/egg/config/config.local.js",
    "start": 1613111918721,
    "end": 1613111918721,
    "duration": 0,
    "pid": 21556,
    "index": 24
  },
  {
    "name": "Load extend/application.js",
    "start": 1613111918723,
    "end": 1613111918746,
    "duration": 23,
    "pid": 21556,
    "index": 25
  },
  {
    "name": "Require(21) node_modules/egg-session/app/extend/application.js",
    "start": 1613111918723,
    "end": 1613111918724,
    "duration": 1,
    "pid": 21556,
    "index": 26
  },
  {
    "name": "Require(22) node_modules/egg-security/app/extend/application.js",
    "start": 1613111918724,
    "end": 1613111918725,
    "duration": 1,
    "pid": 21556,
    "index": 27
  },
  {
    "name": "Require(23) node_modules/egg-jsonp/app/extend/application.js",
    "start": 1613111918726,
    "end": 1613111918727,
    "duration": 1,
    "pid": 21556,
    "index": 28
  },
  {
    "name": "Require(24) node_modules/egg-logrotator/app/extend/application.js",
    "start": 1613111918732,
    "end": 1613111918740,
    "duration": 8,
    "pid": 21556,
    "index": 29
  },
  {
    "name": "Require(25) node_modules/egg-view/app/extend/application.js",
    "start": 1613111918741,
    "end": 1613111918742,
    "duration": 1,
    "pid": 21556,
    "index": 30
  },
  {
    "name": "Load extend/request.js",
    "start": 1613111918746,
    "end": 1613111918756,
    "duration": 10,
    "pid": 21556,
    "index": 31
  },
  {
    "name": "Require(26) node_modules/egg/app/extend/request.js",
    "start": 1613111918752,
    "end": 1613111918753,
    "duration": 1,
    "pid": 21556,
    "index": 32
  },
  {
    "name": "Load extend/response.js",
    "start": 1613111918756,
    "end": 1613111918767,
    "duration": 11,
    "pid": 21556,
    "index": 33
  },
  {
    "name": "Require(27) node_modules/egg/app/extend/response.js",
    "start": 1613111918760,
    "end": 1613111918763,
    "duration": 3,
    "pid": 21556,
    "index": 34
  },
  {
    "name": "Load extend/context.js",
    "start": 1613111918767,
    "end": 1613111918861,
    "duration": 94,
    "pid": 21556,
    "index": 35
  },
  {
    "name": "Require(28) node_modules/egg-security/app/extend/context.js",
    "start": 1613111918768,
    "end": 1613111918783,
    "duration": 15,
    "pid": 21556,
    "index": 36
  },
  {
    "name": "Require(29) node_modules/egg-jsonp/app/extend/context.js",
    "start": 1613111918784,
    "end": 1613111918785,
    "duration": 1,
    "pid": 21556,
    "index": 37
  },
  {
    "name": "Require(30) node_modules/egg-i18n/app/extend/context.js",
    "start": 1613111918786,
    "end": 1613111918786,
    "duration": 0,
    "pid": 21556,
    "index": 38
  },
  {
    "name": "Require(31) node_modules/egg-multipart/app/extend/context.js",
    "start": 1613111918787,
    "end": 1613111918853,
    "duration": 66,
    "pid": 21556,
    "index": 39
  },
  {
    "name": "Require(32) node_modules/egg-view/app/extend/context.js",
    "start": 1613111918854,
    "end": 1613111918855,
    "duration": 1,
    "pid": 21556,
    "index": 40
  },
  {
    "name": "Require(33) node_modules/egg/app/extend/context.js",
    "start": 1613111918856,
    "end": 1613111918857,
    "duration": 1,
    "pid": 21556,
    "index": 41
  },
  {
    "name": "Load extend/helper.js",
    "start": 1613111918861,
    "end": 1613111918889,
    "duration": 28,
    "pid": 21556,
    "index": 42
  },
  {
    "name": "Require(34) node_modules/egg-security/app/extend/helper.js",
    "start": 1613111918862,
    "end": 1613111918879,
    "duration": 17,
    "pid": 21556,
    "index": 43
  },
  {
    "name": "Require(35) node_modules/egg/app/extend/helper.js",
    "start": 1613111918884,
    "end": 1613111918885,
    "duration": 1,
    "pid": 21556,
    "index": 44
  },
  {
    "name": "Load app.js",
    "start": 1613111918890,
    "end": 1613111918940,
    "duration": 50,
    "pid": 21556,
    "index": 45
  },
  {
    "name": "Require(36) node_modules/egg-session/app.js",
    "start": 1613111918890,
    "end": 1613111918891,
    "duration": 1,
    "pid": 21556,
    "index": 46
  },
  {
    "name": "Require(37) node_modules/egg-security/app.js",
    "start": 1613111918891,
    "end": 1613111918892,
    "duration": 1,
    "pid": 21556,
    "index": 47
  },
  {
    "name": "Require(38) node_modules/egg-onerror/app.js",
    "start": 1613111918893,
    "end": 1613111918903,
    "duration": 10,
    "pid": 21556,
    "index": 48
  },
  {
    "name": "Require(39) node_modules/egg-i18n/app.js",
    "start": 1613111918903,
    "end": 1613111918912,
    "duration": 9,
    "pid": 21556,
    "index": 49
  },
  {
    "name": "Require(40) node_modules/egg-watcher/app.js",
    "start": 1613111918912,
    "end": 1613111918917,
    "duration": 5,
    "pid": 21556,
    "index": 50
  },
  {
    "name": "Require(41) node_modules/egg-schedule/app.js",
    "start": 1613111918917,
    "end": 1613111918919,
    "duration": 2,
    "pid": 21556,
    "index": 51
  },
  {
    "name": "Require(42) node_modules/egg-multipart/app.js",
    "start": 1613111918919,
    "end": 1613111918920,
    "duration": 1,
    "pid": 21556,
    "index": 52
  },
  {
    "name": "Require(43) node_modules/egg-development/app.js",
    "start": 1613111918920,
    "end": 1613111918920,
    "duration": 0,
    "pid": 21556,
    "index": 53
  },
  {
    "name": "Require(44) node_modules/egg-logrotator/app.js",
    "start": 1613111918921,
    "end": 1613111918921,
    "duration": 0,
    "pid": 21556,
    "index": 54
  },
  {
    "name": "Require(45) node_modules/egg-static/app.js",
    "start": 1613111918921,
    "end": 1613111918921,
    "duration": 0,
    "pid": 21556,
    "index": 55
  },
  {
    "name": "Require(46) node_modules/egg-mysql/app.js",
    "start": 1613111918922,
    "end": 1613111918938,
    "duration": 16,
    "pid": 21556,
    "index": 56
  },
  {
    "name": "Require(47) node_modules/egg-cors/app.js",
    "start": 1613111918938,
    "end": 1613111918939,
    "duration": 1,
    "pid": 21556,
    "index": 57
  },
  {
    "name": "Before Start in node_modules/egg-watcher/lib/init.js:15:14",
    "start": 1613111918950,
    "end": 1613111919221,
    "duration": 271,
    "pid": 21556,
    "index": 58
  },
  {
    "name": "Before Start in node_modules/egg-mysql/lib/mysql.js:20:7",
    "start": 1613111919046,
    "end": 1613111919391,
    "duration": 345,
    "pid": 21556,
    "index": 59
  },
  {
    "name": "Load Service",
    "start": 1613111919047,
    "end": 1613111919052,
    "duration": 5,
    "pid": 21556,
    "index": 60
  },
  {
    "name": "Load \"service\" to Context",
    "start": 1613111919047,
    "end": 1613111919052,
    "duration": 5,
    "pid": 21556,
    "index": 61
  },
  {
    "name": "Load Middleware",
    "start": 1613111919052,
    "end": 1613111919193,
    "duration": 141,
    "pid": 21556,
    "index": 62
  },
  {
    "name": "Load \"middlewares\" to Application",
    "start": 1613111919052,
    "end": 1613111919179,
    "duration": 127,
    "pid": 21556,
    "index": 63
  },
  {
    "name": "Load Controller",
    "start": 1613111919193,
    "end": 1613111919198,
    "duration": 5,
    "pid": 21556,
    "index": 64
  },
  {
    "name": "Load \"controller\" to Application",
    "start": 1613111919193,
    "end": 1613111919198,
    "duration": 5,
    "pid": 21556,
    "index": 65
  },
  {
    "name": "Load Router",
    "start": 1613111919199,
    "end": 1613111919203,
    "duration": 4,
    "pid": 21556,
    "index": 66
  },
  {
    "name": "Require(48) app/router.js",
    "start": 1613111919199,
    "end": 1613111919199,
    "duration": 0,
    "pid": 21556,
    "index": 67
  },
  {
    "name": "Before Start in node_modules/egg-core/lib/egg.js:303:10",
    "start": 1613111919200,
    "end": 1613111919213,
    "duration": 13,
    "pid": 21556,
    "index": 68
  }
]