[
  {
    "name": "Process Start",
    "start": 1613113422411,
    "end": 1613113423951,
    "duration": 1540,
    "pid": 21296,
    "index": 0
  },
  {
    "name": "Application Start",
    "start": 1613113423951,
    "end": 1613113424989,
    "duration": 1038,
    "pid": 21296,
    "index": 1
  },
  {
    "name": "Load Plugin",
    "start": 1613113423995,
    "end": 1613113424135,
    "duration": 140,
    "pid": 21296,
    "index": 2
  },
  {
    "name": "Load Config",
    "start": 1613113424135,
    "end": 1613113424193,
    "duration": 58,
    "pid": 21296,
    "index": 3
  },
  {
    "name": "Require(0) config/config.default.js",
    "start": 1613113424137,
    "end": 1613113424137,
    "duration": 0,
    "pid": 21296,
    "index": 4
  },
  {
    "name": "Require(1) node_modules/egg-session/config/config.default.js",
    "start": 1613113424139,
    "end": 1613113424140,
    "duration": 1,
    "pid": 21296,
    "index": 5
  },
  {
    "name": "Require(2) node_modules/egg-security/config/config.default.js",
    "start": 1613113424140,
    "end": 1613113424141,
    "duration": 1,
    "pid": 21296,
    "index": 6
  },
  {
    "name": "Require(3) node_modules/egg-jsonp/config/config.default.js",
    "start": 1613113424144,
    "end": 1613113424146,
    "duration": 2,
    "pid": 21296,
    "index": 7
  },
  {
    "name": "Require(4) node_modules/egg-onerror/config/config.default.js",
    "start": 1613113424147,
    "end": 1613113424148,
    "duration": 1,
    "pid": 21296,
    "index": 8
  },
  {
    "name": "Require(5) node_modules/egg-i18n/config/config.default.js",
    "start": 1613113424149,
    "end": 1613113424150,
    "duration": 1,
    "pid": 21296,
    "index": 9
  },
  {
    "name": "Require(6) node_modules/egg-watcher/config/config.default.js",
    "start": 1613113424152,
    "end": 1613113424153,
    "duration": 1,
    "pid": 21296,
    "index": 10
  },
  {
    "name": "Require(7) node_modules/egg-schedule/config/config.default.js",
    "start": 1613113424154,
    "end": 1613113424155,
    "duration": 1,
    "pid": 21296,
    "index": 11
  },
  {
    "name": "Require(8) node_modules/egg-multipart/config/config.default.js",
    "start": 1613113424156,
    "end": 1613113424160,
    "duration": 4,
    "pid": 21296,
    "index": 12
  },
  {
    "name": "Require(9) node_modules/egg-development/config/config.default.js",
    "start": 1613113424163,
    "end": 1613113424165,
    "duration": 2,
    "pid": 21296,
    "index": 13
  },
  {
    "name": "Require(10) node_modules/egg-logrotator/config/config.default.js",
    "start": 1613113424165,
    "end": 1613113424166,
    "duration": 1,
    "pid": 21296,
    "index": 14
  },
  {
    "name": "Require(11) node_modules/egg-static/config/config.default.js",
    "start": 1613113424167,
    "end": 1613113424168,
    "duration": 1,
    "pid": 21296,
    "index": 15
  },
  {
    "name": "Require(12) node_modules/egg-view/config/config.default.js",
    "start": 1613113424169,
    "end": 1613113424169,
    "duration": 0,
    "pid": 21296,
    "index": 16
  },
  {
    "name": "Require(13) node_modules/egg-mysql/config/config.default.js",
    "start": 1613113424172,
    "end": 1613113424173,
    "duration": 1,
    "pid": 21296,
    "index": 17
  },
  {
    "name": "Require(14) node_modules/egg-cors/config/config.default.js",
    "start": 1613113424175,
    "end": 1613113424178,
    "duration": 3,
    "pid": 21296,
    "index": 18
  },
  {
    "name": "Require(15) node_modules/egg/config/config.default.js",
    "start": 1613113424179,
    "end": 1613113424180,
    "duration": 1,
    "pid": 21296,
    "index": 19
  },
  {
    "name": "Require(16) config/config.default.js",
    "start": 1613113424181,
    "end": 1613113424182,
    "duration": 1,
    "pid": 21296,
    "index": 20
  },
  {
    "name": "Require(17) node_modules/egg-security/config/config.local.js",
    "start": 1613113424182,
    "end": 1613113424183,
    "duration": 1,
    "pid": 21296,
    "index": 21
  },
  {
    "name": "Require(18) node_modules/egg-watcher/config/config.local.js",
    "start": 1613113424185,
    "end": 1613113424186,
    "duration": 1,
    "pid": 21296,
    "index": 22
  },
  {
    "name": "Require(19) node_modules/egg-view/config/config.local.js",
    "start": 1613113424189,
    "end": 1613113424189,
    "duration": 0,
    "pid": 21296,
    "index": 23
  },
  {
    "name": "Require(20) node_modules/egg/config/config.local.js",
    "start": 1613113424192,
    "end": 1613113424193,
    "duration": 1,
    "pid": 21296,
    "index": 24
  },
  {
    "name": "Load extend/application.js",
    "start": 1613113424195,
    "end": 1613113424221,
    "duration": 26,
    "pid": 21296,
    "index": 25
  },
  {
    "name": "Require(21) node_modules/egg-session/app/extend/application.js",
    "start": 1613113424196,
    "end": 1613113424197,
    "duration": 1,
    "pid": 21296,
    "index": 26
  },
  {
    "name": "Require(22) node_modules/egg-security/app/extend/application.js",
    "start": 1613113424198,
    "end": 1613113424200,
    "duration": 2,
    "pid": 21296,
    "index": 27
  },
  {
    "name": "Require(23) node_modules/egg-jsonp/app/extend/application.js",
    "start": 1613113424201,
    "end": 1613113424202,
    "duration": 1,
    "pid": 21296,
    "index": 28
  },
  {
    "name": "Require(24) node_modules/egg-logrotator/app/extend/application.js",
    "start": 1613113424206,
    "end": 1613113424214,
    "duration": 8,
    "pid": 21296,
    "index": 29
  },
  {
    "name": "Require(25) node_modules/egg-view/app/extend/application.js",
    "start": 1613113424215,
    "end": 1613113424216,
    "duration": 1,
    "pid": 21296,
    "index": 30
  },
  {
    "name": "Load extend/request.js",
    "start": 1613113424221,
    "end": 1613113424230,
    "duration": 9,
    "pid": 21296,
    "index": 31
  },
  {
    "name": "Require(26) node_modules/egg/app/extend/request.js",
    "start": 1613113424224,
    "end": 1613113424226,
    "duration": 2,
    "pid": 21296,
    "index": 32
  },
  {
    "name": "Load extend/response.js",
    "start": 1613113424230,
    "end": 1613113424241,
    "duration": 11,
    "pid": 21296,
    "index": 33
  },
  {
    "name": "Require(27) node_modules/egg/app/extend/response.js",
    "start": 1613113424233,
    "end": 1613113424236,
    "duration": 3,
    "pid": 21296,
    "index": 34
  },
  {
    "name": "Load extend/context.js",
    "start": 1613113424241,
    "end": 1613113424347,
    "duration": 106,
    "pid": 21296,
    "index": 35
  },
  {
    "name": "Require(28) node_modules/egg-security/app/extend/context.js",
    "start": 1613113424242,
    "end": 1613113424263,
    "duration": 21,
    "pid": 21296,
    "index": 36
  },
  {
    "name": "Require(29) node_modules/egg-jsonp/app/extend/context.js",
    "start": 1613113424264,
    "end": 1613113424268,
    "duration": 4,
    "pid": 21296,
    "index": 37
  },
  {
    "name": "Require(30) node_modules/egg-i18n/app/extend/context.js",
    "start": 1613113424273,
    "end": 1613113424275,
    "duration": 2,
    "pid": 21296,
    "index": 38
  },
  {
    "name": "Require(31) node_modules/egg-multipart/app/extend/context.js",
    "start": 1613113424278,
    "end": 1613113424336,
    "duration": 58,
    "pid": 21296,
    "index": 39
  },
  {
    "name": "Require(32) node_modules/egg-view/app/extend/context.js",
    "start": 1613113424338,
    "end": 1613113424339,
    "duration": 1,
    "pid": 21296,
    "index": 40
  },
  {
    "name": "Require(33) node_modules/egg/app/extend/context.js",
    "start": 1613113424340,
    "end": 1613113424342,
    "duration": 2,
    "pid": 21296,
    "index": 41
  },
  {
    "name": "Load extend/helper.js",
    "start": 1613113424347,
    "end": 1613113424406,
    "duration": 59,
    "pid": 21296,
    "index": 42
  },
  {
    "name": "Require(34) node_modules/egg-security/app/extend/helper.js",
    "start": 1613113424348,
    "end": 1613113424371,
    "duration": 23,
    "pid": 21296,
    "index": 43
  },
  {
    "name": "Require(35) node_modules/egg/app/extend/helper.js",
    "start": 1613113424383,
    "end": 1613113424384,
    "duration": 1,
    "pid": 21296,
    "index": 44
  },
  {
    "name": "Load app.js",
    "start": 1613113424407,
    "end": 1613113424521,
    "duration": 114,
    "pid": 21296,
    "index": 45
  },
  {
    "name": "Require(36) node_modules/egg-session/app.js",
    "start": 1613113424408,
    "end": 1613113424408,
    "duration": 0,
    "pid": 21296,
    "index": 46
  },
  {
    "name": "Require(37) node_modules/egg-security/app.js",
    "start": 1613113424409,
    "end": 1613113424412,
    "duration": 3,
    "pid": 21296,
    "index": 47
  },
  {
    "name": "Require(38) node_modules/egg-onerror/app.js",
    "start": 1613113424413,
    "end": 1613113424431,
    "duration": 18,
    "pid": 21296,
    "index": 48
  },
  {
    "name": "Require(39) node_modules/egg-i18n/app.js",
    "start": 1613113424432,
    "end": 1613113424449,
    "duration": 17,
    "pid": 21296,
    "index": 49
  },
  {
    "name": "Require(40) node_modules/egg-watcher/app.js",
    "start": 1613113424450,
    "end": 1613113424456,
    "duration": 6,
    "pid": 21296,
    "index": 50
  },
  {
    "name": "Require(41) node_modules/egg-schedule/app.js",
    "start": 1613113424457,
    "end": 1613113424461,
    "duration": 4,
    "pid": 21296,
    "index": 51
  },
  {
    "name": "Require(42) node_modules/egg-multipart/app.js",
    "start": 1613113424461,
    "end": 1613113424464,
    "duration": 3,
    "pid": 21296,
    "index": 52
  },
  {
    "name": "Require(43) node_modules/egg-development/app.js",
    "start": 1613113424465,
    "end": 1613113424465,
    "duration": 0,
    "pid": 21296,
    "index": 53
  },
  {
    "name": "Require(44) node_modules/egg-logrotator/app.js",
    "start": 1613113424466,
    "end": 1613113424467,
    "duration": 1,
    "pid": 21296,
    "index": 54
  },
  {
    "name": "Require(45) node_modules/egg-static/app.js",
    "start": 1613113424467,
    "end": 1613113424468,
    "duration": 1,
    "pid": 21296,
    "index": 55
  },
  {
    "name": "Require(46) node_modules/egg-mysql/app.js",
    "start": 1613113424469,
    "end": 1613113424520,
    "duration": 51,
    "pid": 21296,
    "index": 56
  },
  {
    "name": "Require(47) node_modules/egg-cors/app.js",
    "start": 1613113424520,
    "end": 1613113424520,
    "duration": 0,
    "pid": 21296,
    "index": 57
  },
  {
    "name": "Before Start in node_modules/egg-watcher/lib/init.js:15:14",
    "start": 1613113424535,
    "end": 1613113424841,
    "duration": 306,
    "pid": 21296,
    "index": 58
  },
  {
    "name": "Before Start in node_modules/egg-mysql/lib/mysql.js:20:7",
    "start": 1613113424641,
    "end": 1613113424988,
    "duration": 347,
    "pid": 21296,
    "index": 59
  },
  {
    "name": "Load Service",
    "start": 1613113424642,
    "end": 1613113424648,
    "duration": 6,
    "pid": 21296,
    "index": 60
  },
  {
    "name": "Load \"service\" to Context",
    "start": 1613113424642,
    "end": 1613113424648,
    "duration": 6,
    "pid": 21296,
    "index": 61
  },
  {
    "name": "Load Middleware",
    "start": 1613113424649,
    "end": 1613113424812,
    "duration": 163,
    "pid": 21296,
    "index": 62
  },
  {
    "name": "Load \"middlewares\" to Application",
    "start": 1613113424649,
    "end": 1613113424797,
    "duration": 148,
    "pid": 21296,
    "index": 63
  },
  {
    "name": "Load Controller",
    "start": 1613113424812,
    "end": 1613113424816,
    "duration": 4,
    "pid": 21296,
    "index": 64
  },
  {
    "name": "Load \"controller\" to Application",
    "start": 1613113424812,
    "end": 1613113424816,
    "duration": 4,
    "pid": 21296,
    "index": 65
  },
  {
    "name": "Load Router",
    "start": 1613113424816,
    "end": 1613113424820,
    "duration": 4,
    "pid": 21296,
    "index": 66
  },
  {
    "name": "Require(48) app/router.js",
    "start": 1613113424816,
    "end": 1613113424817,
    "duration": 1,
    "pid": 21296,
    "index": 67
  },
  {
    "name": "Before Start in node_modules/egg-core/lib/egg.js:303:10",
    "start": 1613113424818,
    "end": 1613113424833,
    "duration": 15,
    "pid": 21296,
    "index": 68
  }
]