[
  {
    "name": "Process Start",
    "start": 1613111435576,
    "end": 1613111436781,
    "duration": 1205,
    "pid": 6948,
    "index": 0
  },
  {
    "name": "Application Start",
    "start": 1613111436782,
    "end": 1613111437544,
    "duration": 762,
    "pid": 6948,
    "index": 1
  },
  {
    "name": "Load Plugin",
    "start": 1613111436789,
    "end": 1613111436813,
    "duration": 24,
    "pid": 6948,
    "index": 2
  },
  {
    "name": "Load Config",
    "start": 1613111436813,
    "end": 1613111436842,
    "duration": 29,
    "pid": 6948,
    "index": 3
  },
  {
    "name": "Require(0) config/config.default.js",
    "start": 1613111436814,
    "end": 1613111436814,
    "duration": 0,
    "pid": 6948,
    "index": 4
  },
  {
    "name": "Require(1) node_modules/egg-session/config/config.default.js",
    "start": 1613111436816,
    "end": 1613111436817,
    "duration": 1,
    "pid": 6948,
    "index": 5
  },
  {
    "name": "Require(2) node_modules/egg-security/config/config.default.js",
    "start": 1613111436817,
    "end": 1613111436818,
    "duration": 1,
    "pid": 6948,
    "index": 6
  },
  {
    "name": "Require(3) node_modules/egg-jsonp/config/config.default.js",
    "start": 1613111436819,
    "end": 1613111436819,
    "duration": 0,
    "pid": 6948,
    "index": 7
  },
  {
    "name": "Require(4) node_modules/egg-onerror/config/config.default.js",
    "start": 1613111436820,
    "end": 1613111436820,
    "duration": 0,
    "pid": 6948,
    "index": 8
  },
  {
    "name": "Require(5) node_modules/egg-i18n/config/config.default.js",
    "start": 1613111436821,
    "end": 1613111436821,
    "duration": 0,
    "pid": 6948,
    "index": 9
  },
  {
    "name": "Require(6) node_modules/egg-watcher/config/config.default.js",
    "start": 1613111436822,
    "end": 1613111436823,
    "duration": 1,
    "pid": 6948,
    "index": 10
  },
  {
    "name": "Require(7) node_modules/egg-schedule/config/config.default.js",
    "start": 1613111436824,
    "end": 1613111436825,
    "duration": 1,
    "pid": 6948,
    "index": 11
  },
  {
    "name": "Require(8) node_modules/egg-multipart/config/config.default.js",
    "start": 1613111436825,
    "end": 1613111436826,
    "duration": 1,
    "pid": 6948,
    "index": 12
  },
  {
    "name": "Require(9) node_modules/egg-development/config/config.default.js",
    "start": 1613111436827,
    "end": 1613111436827,
    "duration": 0,
    "pid": 6948,
    "index": 13
  },
  {
    "name": "Require(10) node_modules/egg-logrotator/config/config.default.js",
    "start": 1613111436828,
    "end": 1613111436828,
    "duration": 0,
    "pid": 6948,
    "index": 14
  },
  {
    "name": "Require(11) node_modules/egg-static/config/config.default.js",
    "start": 1613111436829,
    "end": 1613111436830,
    "duration": 1,
    "pid": 6948,
    "index": 15
  },
  {
    "name": "Require(12) node_modules/egg-view/config/config.default.js",
    "start": 1613111436830,
    "end": 1613111436831,
    "duration": 1,
    "pid": 6948,
    "index": 16
  },
  {
    "name": "Require(13) node_modules/egg-mysql/config/config.default.js",
    "start": 1613111436831,
    "end": 1613111436832,
    "duration": 1,
    "pid": 6948,
    "index": 17
  },
  {
    "name": "Require(14) node_modules/egg-cors/config/config.default.js",
    "start": 1613111436832,
    "end": 1613111436833,
    "duration": 1,
    "pid": 6948,
    "index": 18
  },
  {
    "name": "Require(15) node_modules/egg/config/config.default.js",
    "start": 1613111436833,
    "end": 1613111436834,
    "duration": 1,
    "pid": 6948,
    "index": 19
  },
  {
    "name": "Require(16) config/config.default.js",
    "start": 1613111436835,
    "end": 1613111436835,
    "duration": 0,
    "pid": 6948,
    "index": 20
  },
  {
    "name": "Require(17) node_modules/egg-security/config/config.local.js",
    "start": 1613111436836,
    "end": 1613111436836,
    "duration": 0,
    "pid": 6948,
    "index": 21
  },
  {
    "name": "Require(18) node_modules/egg-watcher/config/config.local.js",
    "start": 1613111436837,
    "end": 1613111436837,
    "duration": 0,
    "pid": 6948,
    "index": 22
  },
  {
    "name": "Require(19) node_modules/egg-view/config/config.local.js",
    "start": 1613111436839,
    "end": 1613111436839,
    "duration": 0,
    "pid": 6948,
    "index": 23
  },
  {
    "name": "Require(20) node_modules/egg/config/config.local.js",
    "start": 1613111436841,
    "end": 1613111436842,
    "duration": 1,
    "pid": 6948,
    "index": 24
  },
  {
    "name": "Load extend/application.js",
    "start": 1613111436843,
    "end": 1613111436867,
    "duration": 24,
    "pid": 6948,
    "index": 25
  },
  {
    "name": "Require(21) node_modules/egg-session/app/extend/application.js",
    "start": 1613111436844,
    "end": 1613111436844,
    "duration": 0,
    "pid": 6948,
    "index": 26
  },
  {
    "name": "Require(22) node_modules/egg-security/app/extend/application.js",
    "start": 1613111436845,
    "end": 1613111436846,
    "duration": 1,
    "pid": 6948,
    "index": 27
  },
  {
    "name": "Require(23) node_modules/egg-jsonp/app/extend/application.js",
    "start": 1613111436847,
    "end": 1613111436848,
    "duration": 1,
    "pid": 6948,
    "index": 28
  },
  {
    "name": "Require(24) node_modules/egg-logrotator/app/extend/application.js",
    "start": 1613111436852,
    "end": 1613111436860,
    "duration": 8,
    "pid": 6948,
    "index": 29
  },
  {
    "name": "Require(25) node_modules/egg-view/app/extend/application.js",
    "start": 1613111436861,
    "end": 1613111436863,
    "duration": 2,
    "pid": 6948,
    "index": 30
  },
  {
    "name": "Load extend/request.js",
    "start": 1613111436867,
    "end": 1613111436876,
    "duration": 9,
    "pid": 6948,
    "index": 31
  },
  {
    "name": "Require(26) node_modules/egg/app/extend/request.js",
    "start": 1613111436871,
    "end": 1613111436872,
    "duration": 1,
    "pid": 6948,
    "index": 32
  },
  {
    "name": "Load extend/response.js",
    "start": 1613111436876,
    "end": 1613111436886,
    "duration": 10,
    "pid": 6948,
    "index": 33
  },
  {
    "name": "Require(27) node_modules/egg/app/extend/response.js",
    "start": 1613111436880,
    "end": 1613111436882,
    "duration": 2,
    "pid": 6948,
    "index": 34
  },
  {
    "name": "Load extend/context.js",
    "start": 1613111436886,
    "end": 1613111436991,
    "duration": 105,
    "pid": 6948,
    "index": 35
  },
  {
    "name": "Require(28) node_modules/egg-security/app/extend/context.js",
    "start": 1613111436887,
    "end": 1613111436904,
    "duration": 17,
    "pid": 6948,
    "index": 36
  },
  {
    "name": "Require(29) node_modules/egg-jsonp/app/extend/context.js",
    "start": 1613111436904,
    "end": 1613111436906,
    "duration": 2,
    "pid": 6948,
    "index": 37
  },
  {
    "name": "Require(30) node_modules/egg-i18n/app/extend/context.js",
    "start": 1613111436906,
    "end": 1613111436907,
    "duration": 1,
    "pid": 6948,
    "index": 38
  },
  {
    "name": "Require(31) node_modules/egg-multipart/app/extend/context.js",
    "start": 1613111436908,
    "end": 1613111436959,
    "duration": 51,
    "pid": 6948,
    "index": 39
  },
  {
    "name": "Require(32) node_modules/egg-view/app/extend/context.js",
    "start": 1613111436966,
    "end": 1613111436969,
    "duration": 3,
    "pid": 6948,
    "index": 40
  },
  {
    "name": "Require(33) node_modules/egg/app/extend/context.js",
    "start": 1613111436973,
    "end": 1613111436976,
    "duration": 3,
    "pid": 6948,
    "index": 41
  },
  {
    "name": "Load extend/helper.js",
    "start": 1613111436991,
    "end": 1613111437021,
    "duration": 30,
    "pid": 6948,
    "index": 42
  },
  {
    "name": "Require(34) node_modules/egg-security/app/extend/helper.js",
    "start": 1613111436991,
    "end": 1613111437013,
    "duration": 22,
    "pid": 6948,
    "index": 43
  },
  {
    "name": "Require(35) node_modules/egg/app/extend/helper.js",
    "start": 1613111437017,
    "end": 1613111437017,
    "duration": 0,
    "pid": 6948,
    "index": 44
  },
  {
    "name": "Load app.js",
    "start": 1613111437021,
    "end": 1613111437075,
    "duration": 54,
    "pid": 6948,
    "index": 45
  },
  {
    "name": "Require(36) node_modules/egg-session/app.js",
    "start": 1613111437021,
    "end": 1613111437022,
    "duration": 1,
    "pid": 6948,
    "index": 46
  },
  {
    "name": "Require(37) node_modules/egg-security/app.js",
    "start": 1613111437023,
    "end": 1613111437024,
    "duration": 1,
    "pid": 6948,
    "index": 47
  },
  {
    "name": "Require(38) node_modules/egg-onerror/app.js",
    "start": 1613111437025,
    "end": 1613111437036,
    "duration": 11,
    "pid": 6948,
    "index": 48
  },
  {
    "name": "Require(39) node_modules/egg-i18n/app.js",
    "start": 1613111437037,
    "end": 1613111437047,
    "duration": 10,
    "pid": 6948,
    "index": 49
  },
  {
    "name": "Require(40) node_modules/egg-watcher/app.js",
    "start": 1613111437048,
    "end": 1613111437051,
    "duration": 3,
    "pid": 6948,
    "index": 50
  },
  {
    "name": "Require(41) node_modules/egg-schedule/app.js",
    "start": 1613111437051,
    "end": 1613111437053,
    "duration": 2,
    "pid": 6948,
    "index": 51
  },
  {
    "name": "Require(42) node_modules/egg-multipart/app.js",
    "start": 1613111437053,
    "end": 1613111437054,
    "duration": 1,
    "pid": 6948,
    "index": 52
  },
  {
    "name": "Require(43) node_modules/egg-development/app.js",
    "start": 1613111437054,
    "end": 1613111437055,
    "duration": 1,
    "pid": 6948,
    "index": 53
  },
  {
    "name": "Require(44) node_modules/egg-logrotator/app.js",
    "start": 1613111437055,
    "end": 1613111437055,
    "duration": 0,
    "pid": 6948,
    "index": 54
  },
  {
    "name": "Require(45) node_modules/egg-static/app.js",
    "start": 1613111437056,
    "end": 1613111437056,
    "duration": 0,
    "pid": 6948,
    "index": 55
  },
  {
    "name": "Require(46) node_modules/egg-mysql/app.js",
    "start": 1613111437057,
    "end": 1613111437070,
    "duration": 13,
    "pid": 6948,
    "index": 56
  },
  {
    "name": "Require(47) node_modules/egg-cors/app.js",
    "start": 1613111437071,
    "end": 1613111437074,
    "duration": 3,
    "pid": 6948,
    "index": 57
  },
  {
    "name": "Before Start in node_modules/egg-watcher/lib/init.js:15:14",
    "start": 1613111437084,
    "end": 1613111437374,
    "duration": 290,
    "pid": 6948,
    "index": 58
  },
  {
    "name": "Before Start in node_modules/egg-mysql/lib/mysql.js:20:7",
    "start": 1613111437185,
    "end": 1613111437544,
    "duration": 359,
    "pid": 6948,
    "index": 59
  },
  {
    "name": "Load Service",
    "start": 1613111437185,
    "end": 1613111437191,
    "duration": 6,
    "pid": 6948,
    "index": 60
  },
  {
    "name": "Load \"service\" to Context",
    "start": 1613111437186,
    "end": 1613111437191,
    "duration": 5,
    "pid": 6948,
    "index": 61
  },
  {
    "name": "Load Middleware",
    "start": 1613111437191,
    "end": 1613111437346,
    "duration": 155,
    "pid": 6948,
    "index": 62
  },
  {
    "name": "Load \"middlewares\" to Application",
    "start": 1613111437191,
    "end": 1613111437331,
    "duration": 140,
    "pid": 6948,
    "index": 63
  },
  {
    "name": "Load Controller",
    "start": 1613111437346,
    "end": 1613111437349,
    "duration": 3,
    "pid": 6948,
    "index": 64
  },
  {
    "name": "Load \"controller\" to Application",
    "start": 1613111437346,
    "end": 1613111437349,
    "duration": 3,
    "pid": 6948,
    "index": 65
  },
  {
    "name": "Load Router",
    "start": 1613111437349,
    "end": 1613111437354,
    "duration": 5,
    "pid": 6948,
    "index": 66
  },
  {
    "name": "Require(48) app/router.js",
    "start": 1613111437350,
    "end": 1613111437350,
    "duration": 0,
    "pid": 6948,
    "index": 67
  },
  {
    "name": "Before Start in node_modules/egg-core/lib/egg.js:303:10",
    "start": 1613111437351,
    "end": 1613111437366,
    "duration": 15,
    "pid": 6948,
    "index": 68
  }
]