[
  {
    "name": "Process Start",
    "start": 1613111694733,
    "end": 1613111695985,
    "duration": 1252,
    "pid": 8244,
    "index": 0
  },
  {
    "name": "Application Start",
    "start": 1613111695986,
    "end": 1613111696736,
    "duration": 750,
    "pid": 8244,
    "index": 1
  },
  {
    "name": "Load Plugin",
    "start": 1613111695992,
    "end": 1613111696014,
    "duration": 22,
    "pid": 8244,
    "index": 2
  },
  {
    "name": "Load Config",
    "start": 1613111696015,
    "end": 1613111696046,
    "duration": 31,
    "pid": 8244,
    "index": 3
  },
  {
    "name": "Require(0) config/config.default.js",
    "start": 1613111696015,
    "end": 1613111696016,
    "duration": 1,
    "pid": 8244,
    "index": 4
  },
  {
    "name": "Require(1) node_modules/egg-session/config/config.default.js",
    "start": 1613111696017,
    "end": 1613111696018,
    "duration": 1,
    "pid": 8244,
    "index": 5
  },
  {
    "name": "Require(2) node_modules/egg-security/config/config.default.js",
    "start": 1613111696018,
    "end": 1613111696019,
    "duration": 1,
    "pid": 8244,
    "index": 6
  },
  {
    "name": "Require(3) node_modules/egg-jsonp/config/config.default.js",
    "start": 1613111696020,
    "end": 1613111696021,
    "duration": 1,
    "pid": 8244,
    "index": 7
  },
  {
    "name": "Require(4) node_modules/egg-onerror/config/config.default.js",
    "start": 1613111696021,
    "end": 1613111696022,
    "duration": 1,
    "pid": 8244,
    "index": 8
  },
  {
    "name": "Require(5) node_modules/egg-i18n/config/config.default.js",
    "start": 1613111696022,
    "end": 1613111696023,
    "duration": 1,
    "pid": 8244,
    "index": 9
  },
  {
    "name": "Require(6) node_modules/egg-watcher/config/config.default.js",
    "start": 1613111696023,
    "end": 1613111696024,
    "duration": 1,
    "pid": 8244,
    "index": 10
  },
  {
    "name": "Require(7) node_modules/egg-schedule/config/config.default.js",
    "start": 1613111696024,
    "end": 1613111696025,
    "duration": 1,
    "pid": 8244,
    "index": 11
  },
  {
    "name": "Require(8) node_modules/egg-multipart/config/config.default.js",
    "start": 1613111696025,
    "end": 1613111696026,
    "duration": 1,
    "pid": 8244,
    "index": 12
  },
  {
    "name": "Require(9) node_modules/egg-development/config/config.default.js",
    "start": 1613111696027,
    "end": 1613111696028,
    "duration": 1,
    "pid": 8244,
    "index": 13
  },
  {
    "name": "Require(10) node_modules/egg-logrotator/config/config.default.js",
    "start": 1613111696028,
    "end": 1613111696028,
    "duration": 0,
    "pid": 8244,
    "index": 14
  },
  {
    "name": "Require(11) node_modules/egg-static/config/config.default.js",
    "start": 1613111696029,
    "end": 1613111696029,
    "duration": 0,
    "pid": 8244,
    "index": 15
  },
  {
    "name": "Require(12) node_modules/egg-view/config/config.default.js",
    "start": 1613111696030,
    "end": 1613111696030,
    "duration": 0,
    "pid": 8244,
    "index": 16
  },
  {
    "name": "Require(13) node_modules/egg-mysql/config/config.default.js",
    "start": 1613111696031,
    "end": 1613111696032,
    "duration": 1,
    "pid": 8244,
    "index": 17
  },
  {
    "name": "Require(14) node_modules/egg-cors/config/config.default.js",
    "start": 1613111696032,
    "end": 1613111696033,
    "duration": 1,
    "pid": 8244,
    "index": 18
  },
  {
    "name": "Require(15) node_modules/egg/config/config.default.js",
    "start": 1613111696034,
    "end": 1613111696035,
    "duration": 1,
    "pid": 8244,
    "index": 19
  },
  {
    "name": "Require(16) config/config.default.js",
    "start": 1613111696037,
    "end": 1613111696037,
    "duration": 0,
    "pid": 8244,
    "index": 20
  },
  {
    "name": "Require(17) node_modules/egg-security/config/config.local.js",
    "start": 1613111696038,
    "end": 1613111696038,
    "duration": 0,
    "pid": 8244,
    "index": 21
  },
  {
    "name": "Require(18) node_modules/egg-watcher/config/config.local.js",
    "start": 1613111696040,
    "end": 1613111696040,
    "duration": 0,
    "pid": 8244,
    "index": 22
  },
  {
    "name": "Require(19) node_modules/egg-view/config/config.local.js",
    "start": 1613111696043,
    "end": 1613111696043,
    "duration": 0,
    "pid": 8244,
    "index": 23
  },
  {
    "name": "Require(20) node_modules/egg/config/config.local.js",
    "start": 1613111696046,
    "end": 1613111696046,
    "duration": 0,
    "pid": 8244,
    "index": 24
  },
  {
    "name": "Load extend/application.js",
    "start": 1613111696047,
    "end": 1613111696073,
    "duration": 26,
    "pid": 8244,
    "index": 25
  },
  {
    "name": "Require(21) node_modules/egg-session/app/extend/application.js",
    "start": 1613111696048,
    "end": 1613111696049,
    "duration": 1,
    "pid": 8244,
    "index": 26
  },
  {
    "name": "Require(22) node_modules/egg-security/app/extend/application.js",
    "start": 1613111696049,
    "end": 1613111696051,
    "duration": 2,
    "pid": 8244,
    "index": 27
  },
  {
    "name": "Require(23) node_modules/egg-jsonp/app/extend/application.js",
    "start": 1613111696051,
    "end": 1613111696053,
    "duration": 2,
    "pid": 8244,
    "index": 28
  },
  {
    "name": "Require(24) node_modules/egg-logrotator/app/extend/application.js",
    "start": 1613111696055,
    "end": 1613111696065,
    "duration": 10,
    "pid": 8244,
    "index": 29
  },
  {
    "name": "Require(25) node_modules/egg-view/app/extend/application.js",
    "start": 1613111696066,
    "end": 1613111696068,
    "duration": 2,
    "pid": 8244,
    "index": 30
  },
  {
    "name": "Load extend/request.js",
    "start": 1613111696073,
    "end": 1613111696083,
    "duration": 10,
    "pid": 8244,
    "index": 31
  },
  {
    "name": "Require(26) node_modules/egg/app/extend/request.js",
    "start": 1613111696077,
    "end": 1613111696078,
    "duration": 1,
    "pid": 8244,
    "index": 32
  },
  {
    "name": "Load extend/response.js",
    "start": 1613111696083,
    "end": 1613111696094,
    "duration": 11,
    "pid": 8244,
    "index": 33
  },
  {
    "name": "Require(27) node_modules/egg/app/extend/response.js",
    "start": 1613111696086,
    "end": 1613111696090,
    "duration": 4,
    "pid": 8244,
    "index": 34
  },
  {
    "name": "Load extend/context.js",
    "start": 1613111696094,
    "end": 1613111696198,
    "duration": 104,
    "pid": 8244,
    "index": 35
  },
  {
    "name": "Require(28) node_modules/egg-security/app/extend/context.js",
    "start": 1613111696095,
    "end": 1613111696111,
    "duration": 16,
    "pid": 8244,
    "index": 36
  },
  {
    "name": "Require(29) node_modules/egg-jsonp/app/extend/context.js",
    "start": 1613111696112,
    "end": 1613111696113,
    "duration": 1,
    "pid": 8244,
    "index": 37
  },
  {
    "name": "Require(30) node_modules/egg-i18n/app/extend/context.js",
    "start": 1613111696113,
    "end": 1613111696114,
    "duration": 1,
    "pid": 8244,
    "index": 38
  },
  {
    "name": "Require(31) node_modules/egg-multipart/app/extend/context.js",
    "start": 1613111696115,
    "end": 1613111696190,
    "duration": 75,
    "pid": 8244,
    "index": 39
  },
  {
    "name": "Require(32) node_modules/egg-view/app/extend/context.js",
    "start": 1613111696191,
    "end": 1613111696192,
    "duration": 1,
    "pid": 8244,
    "index": 40
  },
  {
    "name": "Require(33) node_modules/egg/app/extend/context.js",
    "start": 1613111696193,
    "end": 1613111696194,
    "duration": 1,
    "pid": 8244,
    "index": 41
  },
  {
    "name": "Load extend/helper.js",
    "start": 1613111696198,
    "end": 1613111696225,
    "duration": 27,
    "pid": 8244,
    "index": 42
  },
  {
    "name": "Require(34) node_modules/egg-security/app/extend/helper.js",
    "start": 1613111696199,
    "end": 1613111696216,
    "duration": 17,
    "pid": 8244,
    "index": 43
  },
  {
    "name": "Require(35) node_modules/egg/app/extend/helper.js",
    "start": 1613111696221,
    "end": 1613111696221,
    "duration": 0,
    "pid": 8244,
    "index": 44
  },
  {
    "name": "Load app.js",
    "start": 1613111696226,
    "end": 1613111696277,
    "duration": 51,
    "pid": 8244,
    "index": 45
  },
  {
    "name": "Require(36) node_modules/egg-session/app.js",
    "start": 1613111696226,
    "end": 1613111696227,
    "duration": 1,
    "pid": 8244,
    "index": 46
  },
  {
    "name": "Require(37) node_modules/egg-security/app.js",
    "start": 1613111696227,
    "end": 1613111696229,
    "duration": 2,
    "pid": 8244,
    "index": 47
  },
  {
    "name": "Require(38) node_modules/egg-onerror/app.js",
    "start": 1613111696230,
    "end": 1613111696239,
    "duration": 9,
    "pid": 8244,
    "index": 48
  },
  {
    "name": "Require(39) node_modules/egg-i18n/app.js",
    "start": 1613111696240,
    "end": 1613111696249,
    "duration": 9,
    "pid": 8244,
    "index": 49
  },
  {
    "name": "Require(40) node_modules/egg-watcher/app.js",
    "start": 1613111696250,
    "end": 1613111696254,
    "duration": 4,
    "pid": 8244,
    "index": 50
  },
  {
    "name": "Require(41) node_modules/egg-schedule/app.js",
    "start": 1613111696255,
    "end": 1613111696256,
    "duration": 1,
    "pid": 8244,
    "index": 51
  },
  {
    "name": "Require(42) node_modules/egg-multipart/app.js",
    "start": 1613111696257,
    "end": 1613111696257,
    "duration": 0,
    "pid": 8244,
    "index": 52
  },
  {
    "name": "Require(43) node_modules/egg-development/app.js",
    "start": 1613111696258,
    "end": 1613111696258,
    "duration": 0,
    "pid": 8244,
    "index": 53
  },
  {
    "name": "Require(44) node_modules/egg-logrotator/app.js",
    "start": 1613111696258,
    "end": 1613111696258,
    "duration": 0,
    "pid": 8244,
    "index": 54
  },
  {
    "name": "Require(45) node_modules/egg-static/app.js",
    "start": 1613111696259,
    "end": 1613111696259,
    "duration": 0,
    "pid": 8244,
    "index": 55
  },
  {
    "name": "Require(46) node_modules/egg-mysql/app.js",
    "start": 1613111696260,
    "end": 1613111696274,
    "duration": 14,
    "pid": 8244,
    "index": 56
  },
  {
    "name": "Require(47) node_modules/egg-cors/app.js",
    "start": 1613111696275,
    "end": 1613111696275,
    "duration": 0,
    "pid": 8244,
    "index": 57
  },
  {
    "name": "Before Start in node_modules/egg-watcher/lib/init.js:15:14",
    "start": 1613111696289,
    "end": 1613111696583,
    "duration": 294,
    "pid": 8244,
    "index": 58
  },
  {
    "name": "Before Start in node_modules/egg-mysql/lib/mysql.js:20:7",
    "start": 1613111696389,
    "end": 1613111696736,
    "duration": 347,
    "pid": 8244,
    "index": 59
  },
  {
    "name": "Load Service",
    "start": 1613111696389,
    "end": 1613111696395,
    "duration": 6,
    "pid": 8244,
    "index": 60
  },
  {
    "name": "Load \"service\" to Context",
    "start": 1613111696389,
    "end": 1613111696395,
    "duration": 6,
    "pid": 8244,
    "index": 61
  },
  {
    "name": "Load Middleware",
    "start": 1613111696395,
    "end": 1613111696553,
    "duration": 158,
    "pid": 8244,
    "index": 62
  },
  {
    "name": "Load \"middlewares\" to Application",
    "start": 1613111696395,
    "end": 1613111696536,
    "duration": 141,
    "pid": 8244,
    "index": 63
  },
  {
    "name": "Load Controller",
    "start": 1613111696553,
    "end": 1613111696557,
    "duration": 4,
    "pid": 8244,
    "index": 64
  },
  {
    "name": "Load \"controller\" to Application",
    "start": 1613111696553,
    "end": 1613111696557,
    "duration": 4,
    "pid": 8244,
    "index": 65
  },
  {
    "name": "Load Router",
    "start": 1613111696557,
    "end": 1613111696562,
    "duration": 5,
    "pid": 8244,
    "index": 66
  },
  {
    "name": "Require(48) app/router.js",
    "start": 1613111696558,
    "end": 1613111696558,
    "duration": 0,
    "pid": 8244,
    "index": 67
  },
  {
    "name": "Before Start in node_modules/egg-core/lib/egg.js:303:10",
    "start": 1613111696559,
    "end": 1613111696573,
    "duration": 14,
    "pid": 8244,
    "index": 68
  }
]