[
  {
    "name": "Process Start",
    "start": 1613114275713,
    "end": 1613114276921,
    "duration": 1208,
    "pid": 20196,
    "index": 0
  },
  {
    "name": "Application Start",
    "start": 1613114276922,
    "end": 1613114277662,
    "duration": 740,
    "pid": 20196,
    "index": 1
  },
  {
    "name": "Load Plugin",
    "start": 1613114276928,
    "end": 1613114276949,
    "duration": 21,
    "pid": 20196,
    "index": 2
  },
  {
    "name": "Load Config",
    "start": 1613114276949,
    "end": 1613114276978,
    "duration": 29,
    "pid": 20196,
    "index": 3
  },
  {
    "name": "Require(0) config/config.default.js",
    "start": 1613114276950,
    "end": 1613114276950,
    "duration": 0,
    "pid": 20196,
    "index": 4
  },
  {
    "name": "Require(1) node_modules/egg-session/config/config.default.js",
    "start": 1613114276952,
    "end": 1613114276953,
    "duration": 1,
    "pid": 20196,
    "index": 5
  },
  {
    "name": "Require(2) node_modules/egg-security/config/config.default.js",
    "start": 1613114276953,
    "end": 1613114276954,
    "duration": 1,
    "pid": 20196,
    "index": 6
  },
  {
    "name": "Require(3) node_modules/egg-jsonp/config/config.default.js",
    "start": 1613114276955,
    "end": 1613114276955,
    "duration": 0,
    "pid": 20196,
    "index": 7
  },
  {
    "name": "Require(4) node_modules/egg-onerror/config/config.default.js",
    "start": 1613114276956,
    "end": 1613114276956,
    "duration": 0,
    "pid": 20196,
    "index": 8
  },
  {
    "name": "Require(5) node_modules/egg-i18n/config/config.default.js",
    "start": 1613114276957,
    "end": 1613114276957,
    "duration": 0,
    "pid": 20196,
    "index": 9
  },
  {
    "name": "Require(6) node_modules/egg-watcher/config/config.default.js",
    "start": 1613114276958,
    "end": 1613114276958,
    "duration": 0,
    "pid": 20196,
    "index": 10
  },
  {
    "name": "Require(7) node_modules/egg-schedule/config/config.default.js",
    "start": 1613114276959,
    "end": 1613114276959,
    "duration": 0,
    "pid": 20196,
    "index": 11
  },
  {
    "name": "Require(8) node_modules/egg-multipart/config/config.default.js",
    "start": 1613114276960,
    "end": 1613114276961,
    "duration": 1,
    "pid": 20196,
    "index": 12
  },
  {
    "name": "Require(9) node_modules/egg-development/config/config.default.js",
    "start": 1613114276961,
    "end": 1613114276962,
    "duration": 1,
    "pid": 20196,
    "index": 13
  },
  {
    "name": "Require(10) node_modules/egg-logrotator/config/config.default.js",
    "start": 1613114276962,
    "end": 1613114276963,
    "duration": 1,
    "pid": 20196,
    "index": 14
  },
  {
    "name": "Require(11) node_modules/egg-static/config/config.default.js",
    "start": 1613114276965,
    "end": 1613114276966,
    "duration": 1,
    "pid": 20196,
    "index": 15
  },
  {
    "name": "Require(12) node_modules/egg-view/config/config.default.js",
    "start": 1613114276967,
    "end": 1613114276967,
    "duration": 0,
    "pid": 20196,
    "index": 16
  },
  {
    "name": "Require(13) node_modules/egg-mysql/config/config.default.js",
    "start": 1613114276968,
    "end": 1613114276968,
    "duration": 0,
    "pid": 20196,
    "index": 17
  },
  {
    "name": "Require(14) node_modules/egg-cors/config/config.default.js",
    "start": 1613114276969,
    "end": 1613114276970,
    "duration": 1,
    "pid": 20196,
    "index": 18
  },
  {
    "name": "Require(15) node_modules/egg/config/config.default.js",
    "start": 1613114276970,
    "end": 1613114276970,
    "duration": 0,
    "pid": 20196,
    "index": 19
  },
  {
    "name": "Require(16) config/config.default.js",
    "start": 1613114276972,
    "end": 1613114276972,
    "duration": 0,
    "pid": 20196,
    "index": 20
  },
  {
    "name": "Require(17) node_modules/egg-security/config/config.local.js",
    "start": 1613114276973,
    "end": 1613114276973,
    "duration": 0,
    "pid": 20196,
    "index": 21
  },
  {
    "name": "Require(18) node_modules/egg-watcher/config/config.local.js",
    "start": 1613114276974,
    "end": 1613114276975,
    "duration": 1,
    "pid": 20196,
    "index": 22
  },
  {
    "name": "Require(19) node_modules/egg-view/config/config.local.js",
    "start": 1613114276976,
    "end": 1613114276977,
    "duration": 1,
    "pid": 20196,
    "index": 23
  },
  {
    "name": "Require(20) node_modules/egg/config/config.local.js",
    "start": 1613114276978,
    "end": 1613114276978,
    "duration": 0,
    "pid": 20196,
    "index": 24
  },
  {
    "name": "Load extend/application.js",
    "start": 1613114276980,
    "end": 1613114277008,
    "duration": 28,
    "pid": 20196,
    "index": 25
  },
  {
    "name": "Require(21) node_modules/egg-session/app/extend/application.js",
    "start": 1613114276980,
    "end": 1613114276981,
    "duration": 1,
    "pid": 20196,
    "index": 26
  },
  {
    "name": "Require(22) node_modules/egg-security/app/extend/application.js",
    "start": 1613114276981,
    "end": 1613114276983,
    "duration": 2,
    "pid": 20196,
    "index": 27
  },
  {
    "name": "Require(23) node_modules/egg-jsonp/app/extend/application.js",
    "start": 1613114276983,
    "end": 1613114276985,
    "duration": 2,
    "pid": 20196,
    "index": 28
  },
  {
    "name": "Require(24) node_modules/egg-logrotator/app/extend/application.js",
    "start": 1613114276987,
    "end": 1613114277001,
    "duration": 14,
    "pid": 20196,
    "index": 29
  },
  {
    "name": "Require(25) node_modules/egg-view/app/extend/application.js",
    "start": 1613114277002,
    "end": 1613114277004,
    "duration": 2,
    "pid": 20196,
    "index": 30
  },
  {
    "name": "Load extend/request.js",
    "start": 1613114277008,
    "end": 1613114277017,
    "duration": 9,
    "pid": 20196,
    "index": 31
  },
  {
    "name": "Require(26) node_modules/egg/app/extend/request.js",
    "start": 1613114277012,
    "end": 1613114277014,
    "duration": 2,
    "pid": 20196,
    "index": 32
  },
  {
    "name": "Load extend/response.js",
    "start": 1613114277017,
    "end": 1613114277026,
    "duration": 9,
    "pid": 20196,
    "index": 33
  },
  {
    "name": "Require(27) node_modules/egg/app/extend/response.js",
    "start": 1613114277021,
    "end": 1613114277022,
    "duration": 1,
    "pid": 20196,
    "index": 34
  },
  {
    "name": "Load extend/context.js",
    "start": 1613114277026,
    "end": 1613114277097,
    "duration": 71,
    "pid": 20196,
    "index": 35
  },
  {
    "name": "Require(28) node_modules/egg-security/app/extend/context.js",
    "start": 1613114277027,
    "end": 1613114277042,
    "duration": 15,
    "pid": 20196,
    "index": 36
  },
  {
    "name": "Require(29) node_modules/egg-jsonp/app/extend/context.js",
    "start": 1613114277043,
    "end": 1613114277044,
    "duration": 1,
    "pid": 20196,
    "index": 37
  },
  {
    "name": "Require(30) node_modules/egg-i18n/app/extend/context.js",
    "start": 1613114277045,
    "end": 1613114277045,
    "duration": 0,
    "pid": 20196,
    "index": 38
  },
  {
    "name": "Require(31) node_modules/egg-multipart/app/extend/context.js",
    "start": 1613114277046,
    "end": 1613114277090,
    "duration": 44,
    "pid": 20196,
    "index": 39
  },
  {
    "name": "Require(32) node_modules/egg-view/app/extend/context.js",
    "start": 1613114277091,
    "end": 1613114277092,
    "duration": 1,
    "pid": 20196,
    "index": 40
  },
  {
    "name": "Require(33) node_modules/egg/app/extend/context.js",
    "start": 1613114277092,
    "end": 1613114277093,
    "duration": 1,
    "pid": 20196,
    "index": 41
  },
  {
    "name": "Load extend/helper.js",
    "start": 1613114277097,
    "end": 1613114277122,
    "duration": 25,
    "pid": 20196,
    "index": 42
  },
  {
    "name": "Require(34) node_modules/egg-security/app/extend/helper.js",
    "start": 1613114277097,
    "end": 1613114277113,
    "duration": 16,
    "pid": 20196,
    "index": 43
  },
  {
    "name": "Require(35) node_modules/egg/app/extend/helper.js",
    "start": 1613114277118,
    "end": 1613114277118,
    "duration": 0,
    "pid": 20196,
    "index": 44
  },
  {
    "name": "Load app.js",
    "start": 1613114277123,
    "end": 1613114277182,
    "duration": 59,
    "pid": 20196,
    "index": 45
  },
  {
    "name": "Require(36) node_modules/egg-session/app.js",
    "start": 1613114277123,
    "end": 1613114277123,
    "duration": 0,
    "pid": 20196,
    "index": 46
  },
  {
    "name": "Require(37) node_modules/egg-security/app.js",
    "start": 1613114277124,
    "end": 1613114277125,
    "duration": 1,
    "pid": 20196,
    "index": 47
  },
  {
    "name": "Require(38) node_modules/egg-onerror/app.js",
    "start": 1613114277126,
    "end": 1613114277149,
    "duration": 23,
    "pid": 20196,
    "index": 48
  },
  {
    "name": "Require(39) node_modules/egg-i18n/app.js",
    "start": 1613114277149,
    "end": 1613114277158,
    "duration": 9,
    "pid": 20196,
    "index": 49
  },
  {
    "name": "Require(40) node_modules/egg-watcher/app.js",
    "start": 1613114277158,
    "end": 1613114277161,
    "duration": 3,
    "pid": 20196,
    "index": 50
  },
  {
    "name": "Require(41) node_modules/egg-schedule/app.js",
    "start": 1613114277162,
    "end": 1613114277163,
    "duration": 1,
    "pid": 20196,
    "index": 51
  },
  {
    "name": "Require(42) node_modules/egg-multipart/app.js",
    "start": 1613114277163,
    "end": 1613114277164,
    "duration": 1,
    "pid": 20196,
    "index": 52
  },
  {
    "name": "Require(43) node_modules/egg-development/app.js",
    "start": 1613114277164,
    "end": 1613114277165,
    "duration": 1,
    "pid": 20196,
    "index": 53
  },
  {
    "name": "Require(44) node_modules/egg-logrotator/app.js",
    "start": 1613114277165,
    "end": 1613114277165,
    "duration": 0,
    "pid": 20196,
    "index": 54
  },
  {
    "name": "Require(45) node_modules/egg-static/app.js",
    "start": 1613114277166,
    "end": 1613114277166,
    "duration": 0,
    "pid": 20196,
    "index": 55
  },
  {
    "name": "Require(46) node_modules/egg-mysql/app.js",
    "start": 1613114277167,
    "end": 1613114277180,
    "duration": 13,
    "pid": 20196,
    "index": 56
  },
  {
    "name": "Require(47) node_modules/egg-cors/app.js",
    "start": 1613114277180,
    "end": 1613114277181,
    "duration": 1,
    "pid": 20196,
    "index": 57
  },
  {
    "name": "Before Start in node_modules/egg-watcher/lib/init.js:15:14",
    "start": 1613114277193,
    "end": 1613114277470,
    "duration": 277,
    "pid": 20196,
    "index": 58
  },
  {
    "name": "Before Start in node_modules/egg-mysql/lib/mysql.js:20:7",
    "start": 1613114277286,
    "end": 1613114277661,
    "duration": 375,
    "pid": 20196,
    "index": 59
  },
  {
    "name": "Load Service",
    "start": 1613114277286,
    "end": 1613114277291,
    "duration": 5,
    "pid": 20196,
    "index": 60
  },
  {
    "name": "Load \"service\" to Context",
    "start": 1613114277286,
    "end": 1613114277291,
    "duration": 5,
    "pid": 20196,
    "index": 61
  },
  {
    "name": "Load Middleware",
    "start": 1613114277292,
    "end": 1613114277442,
    "duration": 150,
    "pid": 20196,
    "index": 62
  },
  {
    "name": "Load \"middlewares\" to Application",
    "start": 1613114277292,
    "end": 1613114277427,
    "duration": 135,
    "pid": 20196,
    "index": 63
  },
  {
    "name": "Load Controller",
    "start": 1613114277442,
    "end": 1613114277446,
    "duration": 4,
    "pid": 20196,
    "index": 64
  },
  {
    "name": "Load \"controller\" to Application",
    "start": 1613114277442,
    "end": 1613114277446,
    "duration": 4,
    "pid": 20196,
    "index": 65
  },
  {
    "name": "Load Router",
    "start": 1613114277446,
    "end": 1613114277450,
    "duration": 4,
    "pid": 20196,
    "index": 66
  },
  {
    "name": "Require(48) app/router.js",
    "start": 1613114277447,
    "end": 1613114277447,
    "duration": 0,
    "pid": 20196,
    "index": 67
  },
  {
    "name": "Before Start in node_modules/egg-core/lib/egg.js:303:10",
    "start": 1613114277448,
    "end": 1613114277462,
    "duration": 14,
    "pid": 20196,
    "index": 68
  }
]