[
  {
    "name": "Process Start",
    "start": 1613015258562,
    "end": 1613015259776,
    "duration": 1214,
    "pid": 17952,
    "index": 0
  },
  {
    "name": "Application Start",
    "start": 1613015259776,
    "end": 1613015260542,
    "duration": 766,
    "pid": 17952,
    "index": 1
  },
  {
    "name": "Load Plugin",
    "start": 1613015259783,
    "end": 1613015259806,
    "duration": 23,
    "pid": 17952,
    "index": 2
  },
  {
    "name": "Load Config",
    "start": 1613015259806,
    "end": 1613015259833,
    "duration": 27,
    "pid": 17952,
    "index": 3
  },
  {
    "name": "Require(0) config/config.default.js",
    "start": 1613015259807,
    "end": 1613015259807,
    "duration": 0,
    "pid": 17952,
    "index": 4
  },
  {
    "name": "Require(1) node_modules/egg-session/config/config.default.js",
    "start": 1613015259809,
    "end": 1613015259809,
    "duration": 0,
    "pid": 17952,
    "index": 5
  },
  {
    "name": "Require(2) node_modules/egg-security/config/config.default.js",
    "start": 1613015259810,
    "end": 1613015259810,
    "duration": 0,
    "pid": 17952,
    "index": 6
  },
  {
    "name": "Require(3) node_modules/egg-jsonp/config/config.default.js",
    "start": 1613015259811,
    "end": 1613015259812,
    "duration": 1,
    "pid": 17952,
    "index": 7
  },
  {
    "name": "Require(4) node_modules/egg-onerror/config/config.default.js",
    "start": 1613015259812,
    "end": 1613015259813,
    "duration": 1,
    "pid": 17952,
    "index": 8
  },
  {
    "name": "Require(5) node_modules/egg-i18n/config/config.default.js",
    "start": 1613015259813,
    "end": 1613015259814,
    "duration": 1,
    "pid": 17952,
    "index": 9
  },
  {
    "name": "Require(6) node_modules/egg-watcher/config/config.default.js",
    "start": 1613015259814,
    "end": 1613015259815,
    "duration": 1,
    "pid": 17952,
    "index": 10
  },
  {
    "name": "Require(7) node_modules/egg-schedule/config/config.default.js",
    "start": 1613015259815,
    "end": 1613015259816,
    "duration": 1,
    "pid": 17952,
    "index": 11
  },
  {
    "name": "Require(8) node_modules/egg-multipart/config/config.default.js",
    "start": 1613015259816,
    "end": 1613015259817,
    "duration": 1,
    "pid": 17952,
    "index": 12
  },
  {
    "name": "Require(9) node_modules/egg-development/config/config.default.js",
    "start": 1613015259817,
    "end": 1613015259818,
    "duration": 1,
    "pid": 17952,
    "index": 13
  },
  {
    "name": "Require(10) node_modules/egg-logrotator/config/config.default.js",
    "start": 1613015259818,
    "end": 1613015259819,
    "duration": 1,
    "pid": 17952,
    "index": 14
  },
  {
    "name": "Require(11) node_modules/egg-static/config/config.default.js",
    "start": 1613015259819,
    "end": 1613015259820,
    "duration": 1,
    "pid": 17952,
    "index": 15
  },
  {
    "name": "Require(12) node_modules/egg-view/config/config.default.js",
    "start": 1613015259821,
    "end": 1613015259822,
    "duration": 1,
    "pid": 17952,
    "index": 16
  },
  {
    "name": "Require(13) node_modules/egg-mysql/config/config.default.js",
    "start": 1613015259822,
    "end": 1613015259823,
    "duration": 1,
    "pid": 17952,
    "index": 17
  },
  {
    "name": "Require(14) node_modules/egg-cors/config/config.default.js",
    "start": 1613015259824,
    "end": 1613015259824,
    "duration": 0,
    "pid": 17952,
    "index": 18
  },
  {
    "name": "Require(15) node_modules/egg/config/config.default.js",
    "start": 1613015259825,
    "end": 1613015259825,
    "duration": 0,
    "pid": 17952,
    "index": 19
  },
  {
    "name": "Require(16) config/config.default.js",
    "start": 1613015259826,
    "end": 1613015259826,
    "duration": 0,
    "pid": 17952,
    "index": 20
  },
  {
    "name": "Require(17) node_modules/egg-security/config/config.local.js",
    "start": 1613015259827,
    "end": 1613015259828,
    "duration": 1,
    "pid": 17952,
    "index": 21
  },
  {
    "name": "Require(18) node_modules/egg-watcher/config/config.local.js",
    "start": 1613015259829,
    "end": 1613015259829,
    "duration": 0,
    "pid": 17952,
    "index": 22
  },
  {
    "name": "Require(19) node_modules/egg-view/config/config.local.js",
    "start": 1613015259831,
    "end": 1613015259832,
    "duration": 1,
    "pid": 17952,
    "index": 23
  },
  {
    "name": "Require(20) node_modules/egg/config/config.local.js",
    "start": 1613015259832,
    "end": 1613015259833,
    "duration": 1,
    "pid": 17952,
    "index": 24
  },
  {
    "name": "Load extend/application.js",
    "start": 1613015259834,
    "end": 1613015259857,
    "duration": 23,
    "pid": 17952,
    "index": 25
  },
  {
    "name": "Require(21) node_modules/egg-session/app/extend/application.js",
    "start": 1613015259835,
    "end": 1613015259835,
    "duration": 0,
    "pid": 17952,
    "index": 26
  },
  {
    "name": "Require(22) node_modules/egg-security/app/extend/application.js",
    "start": 1613015259836,
    "end": 1613015259837,
    "duration": 1,
    "pid": 17952,
    "index": 27
  },
  {
    "name": "Require(23) node_modules/egg-jsonp/app/extend/application.js",
    "start": 1613015259838,
    "end": 1613015259839,
    "duration": 1,
    "pid": 17952,
    "index": 28
  },
  {
    "name": "Require(24) node_modules/egg-logrotator/app/extend/application.js",
    "start": 1613015259844,
    "end": 1613015259850,
    "duration": 6,
    "pid": 17952,
    "index": 29
  },
  {
    "name": "Require(25) node_modules/egg-view/app/extend/application.js",
    "start": 1613015259851,
    "end": 1613015259852,
    "duration": 1,
    "pid": 17952,
    "index": 30
  },
  {
    "name": "Load extend/request.js",
    "start": 1613015259857,
    "end": 1613015259866,
    "duration": 9,
    "pid": 17952,
    "index": 31
  },
  {
    "name": "Require(26) node_modules/egg/app/extend/request.js",
    "start": 1613015259861,
    "end": 1613015259862,
    "duration": 1,
    "pid": 17952,
    "index": 32
  },
  {
    "name": "Load extend/response.js",
    "start": 1613015259866,
    "end": 1613015259876,
    "duration": 10,
    "pid": 17952,
    "index": 33
  },
  {
    "name": "Require(27) node_modules/egg/app/extend/response.js",
    "start": 1613015259869,
    "end": 1613015259871,
    "duration": 2,
    "pid": 17952,
    "index": 34
  },
  {
    "name": "Load extend/context.js",
    "start": 1613015259876,
    "end": 1613015259949,
    "duration": 73,
    "pid": 17952,
    "index": 35
  },
  {
    "name": "Require(28) node_modules/egg-security/app/extend/context.js",
    "start": 1613015259876,
    "end": 1613015259892,
    "duration": 16,
    "pid": 17952,
    "index": 36
  },
  {
    "name": "Require(29) node_modules/egg-jsonp/app/extend/context.js",
    "start": 1613015259892,
    "end": 1613015259893,
    "duration": 1,
    "pid": 17952,
    "index": 37
  },
  {
    "name": "Require(30) node_modules/egg-i18n/app/extend/context.js",
    "start": 1613015259894,
    "end": 1613015259894,
    "duration": 0,
    "pid": 17952,
    "index": 38
  },
  {
    "name": "Require(31) node_modules/egg-multipart/app/extend/context.js",
    "start": 1613015259895,
    "end": 1613015259941,
    "duration": 46,
    "pid": 17952,
    "index": 39
  },
  {
    "name": "Require(32) node_modules/egg-view/app/extend/context.js",
    "start": 1613015259942,
    "end": 1613015259943,
    "duration": 1,
    "pid": 17952,
    "index": 40
  },
  {
    "name": "Require(33) node_modules/egg/app/extend/context.js",
    "start": 1613015259944,
    "end": 1613015259945,
    "duration": 1,
    "pid": 17952,
    "index": 41
  },
  {
    "name": "Load extend/helper.js",
    "start": 1613015259949,
    "end": 1613015259977,
    "duration": 28,
    "pid": 17952,
    "index": 42
  },
  {
    "name": "Require(34) node_modules/egg-security/app/extend/helper.js",
    "start": 1613015259950,
    "end": 1613015259968,
    "duration": 18,
    "pid": 17952,
    "index": 43
  },
  {
    "name": "Require(35) node_modules/egg/app/extend/helper.js",
    "start": 1613015259973,
    "end": 1613015259974,
    "duration": 1,
    "pid": 17952,
    "index": 44
  },
  {
    "name": "Load app.js",
    "start": 1613015259978,
    "end": 1613015260055,
    "duration": 77,
    "pid": 17952,
    "index": 45
  },
  {
    "name": "Require(36) node_modules/egg-session/app.js",
    "start": 1613015259978,
    "end": 1613015259978,
    "duration": 0,
    "pid": 17952,
    "index": 46
  },
  {
    "name": "Require(37) node_modules/egg-security/app.js",
    "start": 1613015259979,
    "end": 1613015259981,
    "duration": 2,
    "pid": 17952,
    "index": 47
  },
  {
    "name": "Require(38) node_modules/egg-onerror/app.js",
    "start": 1613015259982,
    "end": 1613015260015,
    "duration": 33,
    "pid": 17952,
    "index": 48
  },
  {
    "name": "Require(39) node_modules/egg-i18n/app.js",
    "start": 1613015260016,
    "end": 1613015260026,
    "duration": 10,
    "pid": 17952,
    "index": 49
  },
  {
    "name": "Require(40) node_modules/egg-watcher/app.js",
    "start": 1613015260026,
    "end": 1613015260030,
    "duration": 4,
    "pid": 17952,
    "index": 50
  },
  {
    "name": "Require(41) node_modules/egg-schedule/app.js",
    "start": 1613015260030,
    "end": 1613015260032,
    "duration": 2,
    "pid": 17952,
    "index": 51
  },
  {
    "name": "Require(42) node_modules/egg-multipart/app.js",
    "start": 1613015260032,
    "end": 1613015260033,
    "duration": 1,
    "pid": 17952,
    "index": 52
  },
  {
    "name": "Require(43) node_modules/egg-development/app.js",
    "start": 1613015260033,
    "end": 1613015260033,
    "duration": 0,
    "pid": 17952,
    "index": 53
  },
  {
    "name": "Require(44) node_modules/egg-logrotator/app.js",
    "start": 1613015260034,
    "end": 1613015260034,
    "duration": 0,
    "pid": 17952,
    "index": 54
  },
  {
    "name": "Require(45) node_modules/egg-static/app.js",
    "start": 1613015260034,
    "end": 1613015260035,
    "duration": 1,
    "pid": 17952,
    "index": 55
  },
  {
    "name": "Require(46) node_modules/egg-mysql/app.js",
    "start": 1613015260035,
    "end": 1613015260051,
    "duration": 16,
    "pid": 17952,
    "index": 56
  },
  {
    "name": "Require(47) node_modules/egg-cors/app.js",
    "start": 1613015260051,
    "end": 1613015260054,
    "duration": 3,
    "pid": 17952,
    "index": 57
  },
  {
    "name": "Before Start in node_modules/egg-watcher/lib/init.js:15:14",
    "start": 1613015260065,
    "end": 1613015260391,
    "duration": 326,
    "pid": 17952,
    "index": 58
  },
  {
    "name": "Before Start in node_modules/egg-mysql/lib/mysql.js:20:7",
    "start": 1613015260165,
    "end": 1613015260541,
    "duration": 376,
    "pid": 17952,
    "index": 59
  },
  {
    "name": "Load Service",
    "start": 1613015260165,
    "end": 1613015260171,
    "duration": 6,
    "pid": 17952,
    "index": 60
  },
  {
    "name": "Load \"service\" to Context",
    "start": 1613015260165,
    "end": 1613015260171,
    "duration": 6,
    "pid": 17952,
    "index": 61
  },
  {
    "name": "Load Middleware",
    "start": 1613015260171,
    "end": 1613015260356,
    "duration": 185,
    "pid": 17952,
    "index": 62
  },
  {
    "name": "Load \"middlewares\" to Application",
    "start": 1613015260171,
    "end": 1613015260338,
    "duration": 167,
    "pid": 17952,
    "index": 63
  },
  {
    "name": "Load Controller",
    "start": 1613015260356,
    "end": 1613015260362,
    "duration": 6,
    "pid": 17952,
    "index": 64
  },
  {
    "name": "Load \"controller\" to Application",
    "start": 1613015260356,
    "end": 1613015260362,
    "duration": 6,
    "pid": 17952,
    "index": 65
  },
  {
    "name": "Load Router",
    "start": 1613015260362,
    "end": 1613015260368,
    "duration": 6,
    "pid": 17952,
    "index": 66
  },
  {
    "name": "Require(48) app/router.js",
    "start": 1613015260363,
    "end": 1613015260363,
    "duration": 0,
    "pid": 17952,
    "index": 67
  },
  {
    "name": "Before Start in node_modules/egg-core/lib/egg.js:303:10",
    "start": 1613015260365,
    "end": 1613015260381,
    "duration": 16,
    "pid": 17952,
    "index": 68
  }
]