[
  {
    "name": "Process Start",
    "start": 1613111462079,
    "end": 1613111463279,
    "duration": 1200,
    "pid": 22656,
    "index": 0
  },
  {
    "name": "Application Start",
    "start": 1613111463281,
    "end": 1613111463995,
    "duration": 714,
    "pid": 22656,
    "index": 1
  },
  {
    "name": "Load Plugin",
    "start": 1613111463288,
    "end": 1613111463311,
    "duration": 23,
    "pid": 22656,
    "index": 2
  },
  {
    "name": "Load Config",
    "start": 1613111463311,
    "end": 1613111463339,
    "duration": 28,
    "pid": 22656,
    "index": 3
  },
  {
    "name": "Require(0) config/config.default.js",
    "start": 1613111463311,
    "end": 1613111463312,
    "duration": 1,
    "pid": 22656,
    "index": 4
  },
  {
    "name": "Require(1) node_modules/egg-session/config/config.default.js",
    "start": 1613111463314,
    "end": 1613111463314,
    "duration": 0,
    "pid": 22656,
    "index": 5
  },
  {
    "name": "Require(2) node_modules/egg-security/config/config.default.js",
    "start": 1613111463315,
    "end": 1613111463315,
    "duration": 0,
    "pid": 22656,
    "index": 6
  },
  {
    "name": "Require(3) node_modules/egg-jsonp/config/config.default.js",
    "start": 1613111463317,
    "end": 1613111463317,
    "duration": 0,
    "pid": 22656,
    "index": 7
  },
  {
    "name": "Require(4) node_modules/egg-onerror/config/config.default.js",
    "start": 1613111463318,
    "end": 1613111463318,
    "duration": 0,
    "pid": 22656,
    "index": 8
  },
  {
    "name": "Require(5) node_modules/egg-i18n/config/config.default.js",
    "start": 1613111463319,
    "end": 1613111463319,
    "duration": 0,
    "pid": 22656,
    "index": 9
  },
  {
    "name": "Require(6) node_modules/egg-watcher/config/config.default.js",
    "start": 1613111463320,
    "end": 1613111463321,
    "duration": 1,
    "pid": 22656,
    "index": 10
  },
  {
    "name": "Require(7) node_modules/egg-schedule/config/config.default.js",
    "start": 1613111463321,
    "end": 1613111463322,
    "duration": 1,
    "pid": 22656,
    "index": 11
  },
  {
    "name": "Require(8) node_modules/egg-multipart/config/config.default.js",
    "start": 1613111463323,
    "end": 1613111463323,
    "duration": 0,
    "pid": 22656,
    "index": 12
  },
  {
    "name": "Require(9) node_modules/egg-development/config/config.default.js",
    "start": 1613111463324,
    "end": 1613111463325,
    "duration": 1,
    "pid": 22656,
    "index": 13
  },
  {
    "name": "Require(10) node_modules/egg-logrotator/config/config.default.js",
    "start": 1613111463325,
    "end": 1613111463326,
    "duration": 1,
    "pid": 22656,
    "index": 14
  },
  {
    "name": "Require(11) node_modules/egg-static/config/config.default.js",
    "start": 1613111463326,
    "end": 1613111463327,
    "duration": 1,
    "pid": 22656,
    "index": 15
  },
  {
    "name": "Require(12) node_modules/egg-view/config/config.default.js",
    "start": 1613111463328,
    "end": 1613111463328,
    "duration": 0,
    "pid": 22656,
    "index": 16
  },
  {
    "name": "Require(13) node_modules/egg-mysql/config/config.default.js",
    "start": 1613111463329,
    "end": 1613111463329,
    "duration": 0,
    "pid": 22656,
    "index": 17
  },
  {
    "name": "Require(14) node_modules/egg-cors/config/config.default.js",
    "start": 1613111463330,
    "end": 1613111463331,
    "duration": 1,
    "pid": 22656,
    "index": 18
  },
  {
    "name": "Require(15) node_modules/egg/config/config.default.js",
    "start": 1613111463331,
    "end": 1613111463331,
    "duration": 0,
    "pid": 22656,
    "index": 19
  },
  {
    "name": "Require(16) config/config.default.js",
    "start": 1613111463333,
    "end": 1613111463333,
    "duration": 0,
    "pid": 22656,
    "index": 20
  },
  {
    "name": "Require(17) node_modules/egg-security/config/config.local.js",
    "start": 1613111463333,
    "end": 1613111463334,
    "duration": 1,
    "pid": 22656,
    "index": 21
  },
  {
    "name": "Require(18) node_modules/egg-watcher/config/config.local.js",
    "start": 1613111463335,
    "end": 1613111463335,
    "duration": 0,
    "pid": 22656,
    "index": 22
  },
  {
    "name": "Require(19) node_modules/egg-view/config/config.local.js",
    "start": 1613111463337,
    "end": 1613111463337,
    "duration": 0,
    "pid": 22656,
    "index": 23
  },
  {
    "name": "Require(20) node_modules/egg/config/config.local.js",
    "start": 1613111463338,
    "end": 1613111463339,
    "duration": 1,
    "pid": 22656,
    "index": 24
  },
  {
    "name": "Load extend/application.js",
    "start": 1613111463340,
    "end": 1613111463367,
    "duration": 27,
    "pid": 22656,
    "index": 25
  },
  {
    "name": "Require(21) node_modules/egg-session/app/extend/application.js",
    "start": 1613111463341,
    "end": 1613111463341,
    "duration": 0,
    "pid": 22656,
    "index": 26
  },
  {
    "name": "Require(22) node_modules/egg-security/app/extend/application.js",
    "start": 1613111463342,
    "end": 1613111463344,
    "duration": 2,
    "pid": 22656,
    "index": 27
  },
  {
    "name": "Require(23) node_modules/egg-jsonp/app/extend/application.js",
    "start": 1613111463344,
    "end": 1613111463346,
    "duration": 2,
    "pid": 22656,
    "index": 28
  },
  {
    "name": "Require(24) node_modules/egg-logrotator/app/extend/application.js",
    "start": 1613111463351,
    "end": 1613111463358,
    "duration": 7,
    "pid": 22656,
    "index": 29
  },
  {
    "name": "Require(25) node_modules/egg-view/app/extend/application.js",
    "start": 1613111463359,
    "end": 1613111463362,
    "duration": 3,
    "pid": 22656,
    "index": 30
  },
  {
    "name": "Load extend/request.js",
    "start": 1613111463367,
    "end": 1613111463376,
    "duration": 9,
    "pid": 22656,
    "index": 31
  },
  {
    "name": "Require(26) node_modules/egg/app/extend/request.js",
    "start": 1613111463371,
    "end": 1613111463372,
    "duration": 1,
    "pid": 22656,
    "index": 32
  },
  {
    "name": "Load extend/response.js",
    "start": 1613111463376,
    "end": 1613111463386,
    "duration": 10,
    "pid": 22656,
    "index": 33
  },
  {
    "name": "Require(27) node_modules/egg/app/extend/response.js",
    "start": 1613111463379,
    "end": 1613111463382,
    "duration": 3,
    "pid": 22656,
    "index": 34
  },
  {
    "name": "Load extend/context.js",
    "start": 1613111463386,
    "end": 1613111463463,
    "duration": 77,
    "pid": 22656,
    "index": 35
  },
  {
    "name": "Require(28) node_modules/egg-security/app/extend/context.js",
    "start": 1613111463387,
    "end": 1613111463403,
    "duration": 16,
    "pid": 22656,
    "index": 36
  },
  {
    "name": "Require(29) node_modules/egg-jsonp/app/extend/context.js",
    "start": 1613111463403,
    "end": 1613111463405,
    "duration": 2,
    "pid": 22656,
    "index": 37
  },
  {
    "name": "Require(30) node_modules/egg-i18n/app/extend/context.js",
    "start": 1613111463406,
    "end": 1613111463406,
    "duration": 0,
    "pid": 22656,
    "index": 38
  },
  {
    "name": "Require(31) node_modules/egg-multipart/app/extend/context.js",
    "start": 1613111463407,
    "end": 1613111463455,
    "duration": 48,
    "pid": 22656,
    "index": 39
  },
  {
    "name": "Require(32) node_modules/egg-view/app/extend/context.js",
    "start": 1613111463456,
    "end": 1613111463457,
    "duration": 1,
    "pid": 22656,
    "index": 40
  },
  {
    "name": "Require(33) node_modules/egg/app/extend/context.js",
    "start": 1613111463458,
    "end": 1613111463459,
    "duration": 1,
    "pid": 22656,
    "index": 41
  },
  {
    "name": "Load extend/helper.js",
    "start": 1613111463463,
    "end": 1613111463498,
    "duration": 35,
    "pid": 22656,
    "index": 42
  },
  {
    "name": "Require(34) node_modules/egg-security/app/extend/helper.js",
    "start": 1613111463464,
    "end": 1613111463486,
    "duration": 22,
    "pid": 22656,
    "index": 43
  },
  {
    "name": "Require(35) node_modules/egg/app/extend/helper.js",
    "start": 1613111463491,
    "end": 1613111463491,
    "duration": 0,
    "pid": 22656,
    "index": 44
  },
  {
    "name": "Load app.js",
    "start": 1613111463499,
    "end": 1613111463566,
    "duration": 67,
    "pid": 22656,
    "index": 45
  },
  {
    "name": "Require(36) node_modules/egg-session/app.js",
    "start": 1613111463500,
    "end": 1613111463500,
    "duration": 0,
    "pid": 22656,
    "index": 46
  },
  {
    "name": "Require(37) node_modules/egg-security/app.js",
    "start": 1613111463501,
    "end": 1613111463504,
    "duration": 3,
    "pid": 22656,
    "index": 47
  },
  {
    "name": "Require(38) node_modules/egg-onerror/app.js",
    "start": 1613111463504,
    "end": 1613111463514,
    "duration": 10,
    "pid": 22656,
    "index": 48
  },
  {
    "name": "Require(39) node_modules/egg-i18n/app.js",
    "start": 1613111463515,
    "end": 1613111463539,
    "duration": 24,
    "pid": 22656,
    "index": 49
  },
  {
    "name": "Require(40) node_modules/egg-watcher/app.js",
    "start": 1613111463540,
    "end": 1613111463543,
    "duration": 3,
    "pid": 22656,
    "index": 50
  },
  {
    "name": "Require(41) node_modules/egg-schedule/app.js",
    "start": 1613111463544,
    "end": 1613111463545,
    "duration": 1,
    "pid": 22656,
    "index": 51
  },
  {
    "name": "Require(42) node_modules/egg-multipart/app.js",
    "start": 1613111463546,
    "end": 1613111463546,
    "duration": 0,
    "pid": 22656,
    "index": 52
  },
  {
    "name": "Require(43) node_modules/egg-development/app.js",
    "start": 1613111463547,
    "end": 1613111463547,
    "duration": 0,
    "pid": 22656,
    "index": 53
  },
  {
    "name": "Require(44) node_modules/egg-logrotator/app.js",
    "start": 1613111463547,
    "end": 1613111463548,
    "duration": 1,
    "pid": 22656,
    "index": 54
  },
  {
    "name": "Require(45) node_modules/egg-static/app.js",
    "start": 1613111463548,
    "end": 1613111463548,
    "duration": 0,
    "pid": 22656,
    "index": 55
  },
  {
    "name": "Require(46) node_modules/egg-mysql/app.js",
    "start": 1613111463549,
    "end": 1613111463564,
    "duration": 15,
    "pid": 22656,
    "index": 56
  },
  {
    "name": "Require(47) node_modules/egg-cors/app.js",
    "start": 1613111463565,
    "end": 1613111463565,
    "duration": 0,
    "pid": 22656,
    "index": 57
  },
  {
    "name": "Before Start in node_modules/egg-watcher/lib/init.js:15:14",
    "start": 1613111463579,
    "end": 1613111463861,
    "duration": 282,
    "pid": 22656,
    "index": 58
  },
  {
    "name": "Before Start in node_modules/egg-mysql/lib/mysql.js:20:7",
    "start": 1613111463674,
    "end": 1613111463994,
    "duration": 320,
    "pid": 22656,
    "index": 59
  },
  {
    "name": "Load Service",
    "start": 1613111463674,
    "end": 1613111463680,
    "duration": 6,
    "pid": 22656,
    "index": 60
  },
  {
    "name": "Load \"service\" to Context",
    "start": 1613111463674,
    "end": 1613111463680,
    "duration": 6,
    "pid": 22656,
    "index": 61
  },
  {
    "name": "Load Middleware",
    "start": 1613111463680,
    "end": 1613111463832,
    "duration": 152,
    "pid": 22656,
    "index": 62
  },
  {
    "name": "Load \"middlewares\" to Application",
    "start": 1613111463680,
    "end": 1613111463817,
    "duration": 137,
    "pid": 22656,
    "index": 63
  },
  {
    "name": "Load Controller",
    "start": 1613111463832,
    "end": 1613111463835,
    "duration": 3,
    "pid": 22656,
    "index": 64
  },
  {
    "name": "Load \"controller\" to Application",
    "start": 1613111463832,
    "end": 1613111463835,
    "duration": 3,
    "pid": 22656,
    "index": 65
  },
  {
    "name": "Load Router",
    "start": 1613111463835,
    "end": 1613111463840,
    "duration": 5,
    "pid": 22656,
    "index": 66
  },
  {
    "name": "Require(48) app/router.js",
    "start": 1613111463836,
    "end": 1613111463836,
    "duration": 0,
    "pid": 22656,
    "index": 67
  },
  {
    "name": "Before Start in node_modules/egg-core/lib/egg.js:303:10",
    "start": 1613111463837,
    "end": 1613111463852,
    "duration": 15,
    "pid": 22656,
    "index": 68
  }
]