[
  {
    "name": "Process Start",
    "start": 1613116385719,
    "end": 1613116386920,
    "duration": 1201,
    "pid": 128,
    "index": 0
  },
  {
    "name": "Application Start",
    "start": 1613116386921,
    "end": 1613116387628,
    "duration": 707,
    "pid": 128,
    "index": 1
  },
  {
    "name": "Load Plugin",
    "start": 1613116386928,
    "end": 1613116386953,
    "duration": 25,
    "pid": 128,
    "index": 2
  },
  {
    "name": "Load Config",
    "start": 1613116386953,
    "end": 1613116386982,
    "duration": 29,
    "pid": 128,
    "index": 3
  },
  {
    "name": "Require(0) config/config.default.js",
    "start": 1613116386954,
    "end": 1613116386955,
    "duration": 1,
    "pid": 128,
    "index": 4
  },
  {
    "name": "Require(1) node_modules/egg-session/config/config.default.js",
    "start": 1613116386956,
    "end": 1613116386957,
    "duration": 1,
    "pid": 128,
    "index": 5
  },
  {
    "name": "Require(2) node_modules/egg-security/config/config.default.js",
    "start": 1613116386958,
    "end": 1613116386959,
    "duration": 1,
    "pid": 128,
    "index": 6
  },
  {
    "name": "Require(3) node_modules/egg-jsonp/config/config.default.js",
    "start": 1613116386960,
    "end": 1613116386961,
    "duration": 1,
    "pid": 128,
    "index": 7
  },
  {
    "name": "Require(4) node_modules/egg-onerror/config/config.default.js",
    "start": 1613116386961,
    "end": 1613116386962,
    "duration": 1,
    "pid": 128,
    "index": 8
  },
  {
    "name": "Require(5) node_modules/egg-i18n/config/config.default.js",
    "start": 1613116386962,
    "end": 1613116386963,
    "duration": 1,
    "pid": 128,
    "index": 9
  },
  {
    "name": "Require(6) node_modules/egg-watcher/config/config.default.js",
    "start": 1613116386964,
    "end": 1613116386964,
    "duration": 0,
    "pid": 128,
    "index": 10
  },
  {
    "name": "Require(7) node_modules/egg-schedule/config/config.default.js",
    "start": 1613116386965,
    "end": 1613116386965,
    "duration": 0,
    "pid": 128,
    "index": 11
  },
  {
    "name": "Require(8) node_modules/egg-multipart/config/config.default.js",
    "start": 1613116386966,
    "end": 1613116386966,
    "duration": 0,
    "pid": 128,
    "index": 12
  },
  {
    "name": "Require(9) node_modules/egg-development/config/config.default.js",
    "start": 1613116386967,
    "end": 1613116386968,
    "duration": 1,
    "pid": 128,
    "index": 13
  },
  {
    "name": "Require(10) node_modules/egg-logrotator/config/config.default.js",
    "start": 1613116386968,
    "end": 1613116386969,
    "duration": 1,
    "pid": 128,
    "index": 14
  },
  {
    "name": "Require(11) node_modules/egg-static/config/config.default.js",
    "start": 1613116386969,
    "end": 1613116386970,
    "duration": 1,
    "pid": 128,
    "index": 15
  },
  {
    "name": "Require(12) node_modules/egg-view/config/config.default.js",
    "start": 1613116386971,
    "end": 1613116386971,
    "duration": 0,
    "pid": 128,
    "index": 16
  },
  {
    "name": "Require(13) node_modules/egg-mysql/config/config.default.js",
    "start": 1613116386972,
    "end": 1613116386972,
    "duration": 0,
    "pid": 128,
    "index": 17
  },
  {
    "name": "Require(14) node_modules/egg-cors/config/config.default.js",
    "start": 1613116386973,
    "end": 1613116386973,
    "duration": 0,
    "pid": 128,
    "index": 18
  },
  {
    "name": "Require(15) node_modules/egg/config/config.default.js",
    "start": 1613116386974,
    "end": 1613116386974,
    "duration": 0,
    "pid": 128,
    "index": 19
  },
  {
    "name": "Require(16) config/config.default.js",
    "start": 1613116386976,
    "end": 1613116386976,
    "duration": 0,
    "pid": 128,
    "index": 20
  },
  {
    "name": "Require(17) node_modules/egg-security/config/config.local.js",
    "start": 1613116386977,
    "end": 1613116386977,
    "duration": 0,
    "pid": 128,
    "index": 21
  },
  {
    "name": "Require(18) node_modules/egg-watcher/config/config.local.js",
    "start": 1613116386978,
    "end": 1613116386978,
    "duration": 0,
    "pid": 128,
    "index": 22
  },
  {
    "name": "Require(19) node_modules/egg-view/config/config.local.js",
    "start": 1613116386980,
    "end": 1613116386980,
    "duration": 0,
    "pid": 128,
    "index": 23
  },
  {
    "name": "Require(20) node_modules/egg/config/config.local.js",
    "start": 1613116386982,
    "end": 1613116386982,
    "duration": 0,
    "pid": 128,
    "index": 24
  },
  {
    "name": "Load extend/application.js",
    "start": 1613116386983,
    "end": 1613116387014,
    "duration": 31,
    "pid": 128,
    "index": 25
  },
  {
    "name": "Require(21) node_modules/egg-session/app/extend/application.js",
    "start": 1613116386984,
    "end": 1613116386985,
    "duration": 1,
    "pid": 128,
    "index": 26
  },
  {
    "name": "Require(22) node_modules/egg-security/app/extend/application.js",
    "start": 1613116386985,
    "end": 1613116386987,
    "duration": 2,
    "pid": 128,
    "index": 27
  },
  {
    "name": "Require(23) node_modules/egg-jsonp/app/extend/application.js",
    "start": 1613116386987,
    "end": 1613116386989,
    "duration": 2,
    "pid": 128,
    "index": 28
  },
  {
    "name": "Require(24) node_modules/egg-logrotator/app/extend/application.js",
    "start": 1613116386993,
    "end": 1613116387002,
    "duration": 9,
    "pid": 128,
    "index": 29
  },
  {
    "name": "Require(25) node_modules/egg-view/app/extend/application.js",
    "start": 1613116387004,
    "end": 1613116387006,
    "duration": 2,
    "pid": 128,
    "index": 30
  },
  {
    "name": "Load extend/request.js",
    "start": 1613116387014,
    "end": 1613116387023,
    "duration": 9,
    "pid": 128,
    "index": 31
  },
  {
    "name": "Require(26) node_modules/egg/app/extend/request.js",
    "start": 1613116387018,
    "end": 1613116387019,
    "duration": 1,
    "pid": 128,
    "index": 32
  },
  {
    "name": "Load extend/response.js",
    "start": 1613116387023,
    "end": 1613116387036,
    "duration": 13,
    "pid": 128,
    "index": 33
  },
  {
    "name": "Require(27) node_modules/egg/app/extend/response.js",
    "start": 1613116387029,
    "end": 1613116387031,
    "duration": 2,
    "pid": 128,
    "index": 34
  },
  {
    "name": "Load extend/context.js",
    "start": 1613116387036,
    "end": 1613116387139,
    "duration": 103,
    "pid": 128,
    "index": 35
  },
  {
    "name": "Require(28) node_modules/egg-security/app/extend/context.js",
    "start": 1613116387037,
    "end": 1613116387061,
    "duration": 24,
    "pid": 128,
    "index": 36
  },
  {
    "name": "Require(29) node_modules/egg-jsonp/app/extend/context.js",
    "start": 1613116387062,
    "end": 1613116387064,
    "duration": 2,
    "pid": 128,
    "index": 37
  },
  {
    "name": "Require(30) node_modules/egg-i18n/app/extend/context.js",
    "start": 1613116387065,
    "end": 1613116387066,
    "duration": 1,
    "pid": 128,
    "index": 38
  },
  {
    "name": "Require(31) node_modules/egg-multipart/app/extend/context.js",
    "start": 1613116387067,
    "end": 1613116387131,
    "duration": 64,
    "pid": 128,
    "index": 39
  },
  {
    "name": "Require(32) node_modules/egg-view/app/extend/context.js",
    "start": 1613116387132,
    "end": 1613116387133,
    "duration": 1,
    "pid": 128,
    "index": 40
  },
  {
    "name": "Require(33) node_modules/egg/app/extend/context.js",
    "start": 1613116387134,
    "end": 1613116387135,
    "duration": 1,
    "pid": 128,
    "index": 41
  },
  {
    "name": "Load extend/helper.js",
    "start": 1613116387139,
    "end": 1613116387165,
    "duration": 26,
    "pid": 128,
    "index": 42
  },
  {
    "name": "Require(34) node_modules/egg-security/app/extend/helper.js",
    "start": 1613116387139,
    "end": 1613116387156,
    "duration": 17,
    "pid": 128,
    "index": 43
  },
  {
    "name": "Require(35) node_modules/egg/app/extend/helper.js",
    "start": 1613116387161,
    "end": 1613116387161,
    "duration": 0,
    "pid": 128,
    "index": 44
  },
  {
    "name": "Load app.js",
    "start": 1613116387165,
    "end": 1613116387218,
    "duration": 53,
    "pid": 128,
    "index": 45
  },
  {
    "name": "Require(36) node_modules/egg-session/app.js",
    "start": 1613116387167,
    "end": 1613116387167,
    "duration": 0,
    "pid": 128,
    "index": 46
  },
  {
    "name": "Require(37) node_modules/egg-security/app.js",
    "start": 1613116387168,
    "end": 1613116387169,
    "duration": 1,
    "pid": 128,
    "index": 47
  },
  {
    "name": "Require(38) node_modules/egg-onerror/app.js",
    "start": 1613116387170,
    "end": 1613116387181,
    "duration": 11,
    "pid": 128,
    "index": 48
  },
  {
    "name": "Require(39) node_modules/egg-i18n/app.js",
    "start": 1613116387181,
    "end": 1613116387190,
    "duration": 9,
    "pid": 128,
    "index": 49
  },
  {
    "name": "Require(40) node_modules/egg-watcher/app.js",
    "start": 1613116387190,
    "end": 1613116387194,
    "duration": 4,
    "pid": 128,
    "index": 50
  },
  {
    "name": "Require(41) node_modules/egg-schedule/app.js",
    "start": 1613116387194,
    "end": 1613116387195,
    "duration": 1,
    "pid": 128,
    "index": 51
  },
  {
    "name": "Require(42) node_modules/egg-multipart/app.js",
    "start": 1613116387196,
    "end": 1613116387196,
    "duration": 0,
    "pid": 128,
    "index": 52
  },
  {
    "name": "Require(43) node_modules/egg-development/app.js",
    "start": 1613116387197,
    "end": 1613116387197,
    "duration": 0,
    "pid": 128,
    "index": 53
  },
  {
    "name": "Require(44) node_modules/egg-logrotator/app.js",
    "start": 1613116387197,
    "end": 1613116387198,
    "duration": 1,
    "pid": 128,
    "index": 54
  },
  {
    "name": "Require(45) node_modules/egg-static/app.js",
    "start": 1613116387198,
    "end": 1613116387198,
    "duration": 0,
    "pid": 128,
    "index": 55
  },
  {
    "name": "Require(46) node_modules/egg-mysql/app.js",
    "start": 1613116387200,
    "end": 1613116387213,
    "duration": 13,
    "pid": 128,
    "index": 56
  },
  {
    "name": "Require(47) node_modules/egg-cors/app.js",
    "start": 1613116387214,
    "end": 1613116387217,
    "duration": 3,
    "pid": 128,
    "index": 57
  },
  {
    "name": "Before Start in node_modules/egg-watcher/lib/init.js:15:14",
    "start": 1613116387229,
    "end": 1613116387486,
    "duration": 257,
    "pid": 128,
    "index": 58
  },
  {
    "name": "Before Start in node_modules/egg-mysql/lib/mysql.js:20:7",
    "start": 1613116387323,
    "end": 1613116387627,
    "duration": 304,
    "pid": 128,
    "index": 59
  },
  {
    "name": "Load Service",
    "start": 1613116387324,
    "end": 1613116387330,
    "duration": 6,
    "pid": 128,
    "index": 60
  },
  {
    "name": "Load \"service\" to Context",
    "start": 1613116387324,
    "end": 1613116387330,
    "duration": 6,
    "pid": 128,
    "index": 61
  },
  {
    "name": "Load Middleware",
    "start": 1613116387330,
    "end": 1613116387455,
    "duration": 125,
    "pid": 128,
    "index": 62
  },
  {
    "name": "Load \"middlewares\" to Application",
    "start": 1613116387331,
    "end": 1613116387440,
    "duration": 109,
    "pid": 128,
    "index": 63
  },
  {
    "name": "Load Controller",
    "start": 1613116387455,
    "end": 1613116387459,
    "duration": 4,
    "pid": 128,
    "index": 64
  },
  {
    "name": "Load \"controller\" to Application",
    "start": 1613116387455,
    "end": 1613116387459,
    "duration": 4,
    "pid": 128,
    "index": 65
  },
  {
    "name": "Load Router",
    "start": 1613116387459,
    "end": 1613116387465,
    "duration": 6,
    "pid": 128,
    "index": 66
  },
  {
    "name": "Require(48) app/router.js",
    "start": 1613116387460,
    "end": 1613116387460,
    "duration": 0,
    "pid": 128,
    "index": 67
  },
  {
    "name": "Before Start in node_modules/egg-core/lib/egg.js:303:10",
    "start": 1613116387461,
    "end": 1613116387479,
    "duration": 18,
    "pid": 128,
    "index": 68
  }
]