[
  {
    "name": "Process Start",
    "start": 1613116373152,
    "end": 1613116375915,
    "duration": 2763,
    "pid": 20832,
    "index": 0
  },
  {
    "name": "Application Start",
    "start": 1613116375915,
    "end": 1613116376615,
    "duration": 700,
    "pid": 20832,
    "index": 1
  },
  {
    "name": "Load Plugin",
    "start": 1613116375921,
    "end": 1613116375945,
    "duration": 24,
    "pid": 20832,
    "index": 2
  },
  {
    "name": "Load Config",
    "start": 1613116375945,
    "end": 1613116375975,
    "duration": 30,
    "pid": 20832,
    "index": 3
  },
  {
    "name": "Require(0) config/config.default.js",
    "start": 1613116375945,
    "end": 1613116375946,
    "duration": 1,
    "pid": 20832,
    "index": 4
  },
  {
    "name": "Require(1) node_modules/egg-session/config/config.default.js",
    "start": 1613116375948,
    "end": 1613116375949,
    "duration": 1,
    "pid": 20832,
    "index": 5
  },
  {
    "name": "Require(2) node_modules/egg-security/config/config.default.js",
    "start": 1613116375949,
    "end": 1613116375950,
    "duration": 1,
    "pid": 20832,
    "index": 6
  },
  {
    "name": "Require(3) node_modules/egg-jsonp/config/config.default.js",
    "start": 1613116375954,
    "end": 1613116375955,
    "duration": 1,
    "pid": 20832,
    "index": 7
  },
  {
    "name": "Require(4) node_modules/egg-onerror/config/config.default.js",
    "start": 1613116375955,
    "end": 1613116375956,
    "duration": 1,
    "pid": 20832,
    "index": 8
  },
  {
    "name": "Require(5) node_modules/egg-i18n/config/config.default.js",
    "start": 1613116375956,
    "end": 1613116375957,
    "duration": 1,
    "pid": 20832,
    "index": 9
  },
  {
    "name": "Require(6) node_modules/egg-watcher/config/config.default.js",
    "start": 1613116375957,
    "end": 1613116375958,
    "duration": 1,
    "pid": 20832,
    "index": 10
  },
  {
    "name": "Require(7) node_modules/egg-schedule/config/config.default.js",
    "start": 1613116375958,
    "end": 1613116375959,
    "duration": 1,
    "pid": 20832,
    "index": 11
  },
  {
    "name": "Require(8) node_modules/egg-multipart/config/config.default.js",
    "start": 1613116375959,
    "end": 1613116375960,
    "duration": 1,
    "pid": 20832,
    "index": 12
  },
  {
    "name": "Require(9) node_modules/egg-development/config/config.default.js",
    "start": 1613116375961,
    "end": 1613116375961,
    "duration": 0,
    "pid": 20832,
    "index": 13
  },
  {
    "name": "Require(10) node_modules/egg-logrotator/config/config.default.js",
    "start": 1613116375962,
    "end": 1613116375962,
    "duration": 0,
    "pid": 20832,
    "index": 14
  },
  {
    "name": "Require(11) node_modules/egg-static/config/config.default.js",
    "start": 1613116375963,
    "end": 1613116375963,
    "duration": 0,
    "pid": 20832,
    "index": 15
  },
  {
    "name": "Require(12) node_modules/egg-view/config/config.default.js",
    "start": 1613116375964,
    "end": 1613116375965,
    "duration": 1,
    "pid": 20832,
    "index": 16
  },
  {
    "name": "Require(13) node_modules/egg-mysql/config/config.default.js",
    "start": 1613116375965,
    "end": 1613116375966,
    "duration": 1,
    "pid": 20832,
    "index": 17
  },
  {
    "name": "Require(14) node_modules/egg-cors/config/config.default.js",
    "start": 1613116375966,
    "end": 1613116375967,
    "duration": 1,
    "pid": 20832,
    "index": 18
  },
  {
    "name": "Require(15) node_modules/egg/config/config.default.js",
    "start": 1613116375967,
    "end": 1613116375968,
    "duration": 1,
    "pid": 20832,
    "index": 19
  },
  {
    "name": "Require(16) config/config.default.js",
    "start": 1613116375969,
    "end": 1613116375969,
    "duration": 0,
    "pid": 20832,
    "index": 20
  },
  {
    "name": "Require(17) node_modules/egg-security/config/config.local.js",
    "start": 1613116375970,
    "end": 1613116375970,
    "duration": 0,
    "pid": 20832,
    "index": 21
  },
  {
    "name": "Require(18) node_modules/egg-watcher/config/config.local.js",
    "start": 1613116375971,
    "end": 1613116375971,
    "duration": 0,
    "pid": 20832,
    "index": 22
  },
  {
    "name": "Require(19) node_modules/egg-view/config/config.local.js",
    "start": 1613116375973,
    "end": 1613116375973,
    "duration": 0,
    "pid": 20832,
    "index": 23
  },
  {
    "name": "Require(20) node_modules/egg/config/config.local.js",
    "start": 1613116375974,
    "end": 1613116375974,
    "duration": 0,
    "pid": 20832,
    "index": 24
  },
  {
    "name": "Load extend/application.js",
    "start": 1613116375976,
    "end": 1613116376000,
    "duration": 24,
    "pid": 20832,
    "index": 25
  },
  {
    "name": "Require(21) node_modules/egg-session/app/extend/application.js",
    "start": 1613116375976,
    "end": 1613116375977,
    "duration": 1,
    "pid": 20832,
    "index": 26
  },
  {
    "name": "Require(22) node_modules/egg-security/app/extend/application.js",
    "start": 1613116375977,
    "end": 1613116375979,
    "duration": 2,
    "pid": 20832,
    "index": 27
  },
  {
    "name": "Require(23) node_modules/egg-jsonp/app/extend/application.js",
    "start": 1613116375979,
    "end": 1613116375981,
    "duration": 2,
    "pid": 20832,
    "index": 28
  },
  {
    "name": "Require(24) node_modules/egg-logrotator/app/extend/application.js",
    "start": 1613116375984,
    "end": 1613116375993,
    "duration": 9,
    "pid": 20832,
    "index": 29
  },
  {
    "name": "Require(25) node_modules/egg-view/app/extend/application.js",
    "start": 1613116375993,
    "end": 1613116375995,
    "duration": 2,
    "pid": 20832,
    "index": 30
  },
  {
    "name": "Load extend/request.js",
    "start": 1613116376000,
    "end": 1613116376009,
    "duration": 9,
    "pid": 20832,
    "index": 31
  },
  {
    "name": "Require(26) node_modules/egg/app/extend/request.js",
    "start": 1613116376003,
    "end": 1613116376005,
    "duration": 2,
    "pid": 20832,
    "index": 32
  },
  {
    "name": "Load extend/response.js",
    "start": 1613116376009,
    "end": 1613116376019,
    "duration": 10,
    "pid": 20832,
    "index": 33
  },
  {
    "name": "Require(27) node_modules/egg/app/extend/response.js",
    "start": 1613116376012,
    "end": 1613116376015,
    "duration": 3,
    "pid": 20832,
    "index": 34
  },
  {
    "name": "Load extend/context.js",
    "start": 1613116376019,
    "end": 1613116376095,
    "duration": 76,
    "pid": 20832,
    "index": 35
  },
  {
    "name": "Require(28) node_modules/egg-security/app/extend/context.js",
    "start": 1613116376019,
    "end": 1613116376036,
    "duration": 17,
    "pid": 20832,
    "index": 36
  },
  {
    "name": "Require(29) node_modules/egg-jsonp/app/extend/context.js",
    "start": 1613116376037,
    "end": 1613116376038,
    "duration": 1,
    "pid": 20832,
    "index": 37
  },
  {
    "name": "Require(30) node_modules/egg-i18n/app/extend/context.js",
    "start": 1613116376039,
    "end": 1613116376039,
    "duration": 0,
    "pid": 20832,
    "index": 38
  },
  {
    "name": "Require(31) node_modules/egg-multipart/app/extend/context.js",
    "start": 1613116376040,
    "end": 1613116376087,
    "duration": 47,
    "pid": 20832,
    "index": 39
  },
  {
    "name": "Require(32) node_modules/egg-view/app/extend/context.js",
    "start": 1613116376088,
    "end": 1613116376089,
    "duration": 1,
    "pid": 20832,
    "index": 40
  },
  {
    "name": "Require(33) node_modules/egg/app/extend/context.js",
    "start": 1613116376090,
    "end": 1613116376091,
    "duration": 1,
    "pid": 20832,
    "index": 41
  },
  {
    "name": "Load extend/helper.js",
    "start": 1613116376095,
    "end": 1613116376123,
    "duration": 28,
    "pid": 20832,
    "index": 42
  },
  {
    "name": "Require(34) node_modules/egg-security/app/extend/helper.js",
    "start": 1613116376096,
    "end": 1613116376114,
    "duration": 18,
    "pid": 20832,
    "index": 43
  },
  {
    "name": "Require(35) node_modules/egg/app/extend/helper.js",
    "start": 1613116376118,
    "end": 1613116376118,
    "duration": 0,
    "pid": 20832,
    "index": 44
  },
  {
    "name": "Load app.js",
    "start": 1613116376123,
    "end": 1613116376177,
    "duration": 54,
    "pid": 20832,
    "index": 45
  },
  {
    "name": "Require(36) node_modules/egg-session/app.js",
    "start": 1613116376124,
    "end": 1613116376124,
    "duration": 0,
    "pid": 20832,
    "index": 46
  },
  {
    "name": "Require(37) node_modules/egg-security/app.js",
    "start": 1613116376124,
    "end": 1613116376126,
    "duration": 2,
    "pid": 20832,
    "index": 47
  },
  {
    "name": "Require(38) node_modules/egg-onerror/app.js",
    "start": 1613116376127,
    "end": 1613116376137,
    "duration": 10,
    "pid": 20832,
    "index": 48
  },
  {
    "name": "Require(39) node_modules/egg-i18n/app.js",
    "start": 1613116376137,
    "end": 1613116376147,
    "duration": 10,
    "pid": 20832,
    "index": 49
  },
  {
    "name": "Require(40) node_modules/egg-watcher/app.js",
    "start": 1613116376147,
    "end": 1613116376151,
    "duration": 4,
    "pid": 20832,
    "index": 50
  },
  {
    "name": "Require(41) node_modules/egg-schedule/app.js",
    "start": 1613116376151,
    "end": 1613116376153,
    "duration": 2,
    "pid": 20832,
    "index": 51
  },
  {
    "name": "Require(42) node_modules/egg-multipart/app.js",
    "start": 1613116376153,
    "end": 1613116376154,
    "duration": 1,
    "pid": 20832,
    "index": 52
  },
  {
    "name": "Require(43) node_modules/egg-development/app.js",
    "start": 1613116376154,
    "end": 1613116376155,
    "duration": 1,
    "pid": 20832,
    "index": 53
  },
  {
    "name": "Require(44) node_modules/egg-logrotator/app.js",
    "start": 1613116376155,
    "end": 1613116376155,
    "duration": 0,
    "pid": 20832,
    "index": 54
  },
  {
    "name": "Require(45) node_modules/egg-static/app.js",
    "start": 1613116376156,
    "end": 1613116376156,
    "duration": 0,
    "pid": 20832,
    "index": 55
  },
  {
    "name": "Require(46) node_modules/egg-mysql/app.js",
    "start": 1613116376157,
    "end": 1613116376175,
    "duration": 18,
    "pid": 20832,
    "index": 56
  },
  {
    "name": "Require(47) node_modules/egg-cors/app.js",
    "start": 1613116376175,
    "end": 1613116376176,
    "duration": 1,
    "pid": 20832,
    "index": 57
  },
  {
    "name": "Before Start in node_modules/egg-watcher/lib/init.js:15:14",
    "start": 1613116376189,
    "end": 1613116376482,
    "duration": 293,
    "pid": 20832,
    "index": 58
  },
  {
    "name": "Before Start in node_modules/egg-mysql/lib/mysql.js:20:7",
    "start": 1613116376293,
    "end": 1613116376614,
    "duration": 321,
    "pid": 20832,
    "index": 59
  },
  {
    "name": "Load Service",
    "start": 1613116376294,
    "end": 1613116376299,
    "duration": 5,
    "pid": 20832,
    "index": 60
  },
  {
    "name": "Load \"service\" to Context",
    "start": 1613116376294,
    "end": 1613116376299,
    "duration": 5,
    "pid": 20832,
    "index": 61
  },
  {
    "name": "Load Middleware",
    "start": 1613116376299,
    "end": 1613116376431,
    "duration": 132,
    "pid": 20832,
    "index": 62
  },
  {
    "name": "Load \"middlewares\" to Application",
    "start": 1613116376300,
    "end": 1613116376416,
    "duration": 116,
    "pid": 20832,
    "index": 63
  },
  {
    "name": "Load Controller",
    "start": 1613116376431,
    "end": 1613116376458,
    "duration": 27,
    "pid": 20832,
    "index": 64
  },
  {
    "name": "Load \"controller\" to Application",
    "start": 1613116376431,
    "end": 1613116376458,
    "duration": 27,
    "pid": 20832,
    "index": 65
  },
  {
    "name": "Load Router",
    "start": 1613116376458,
    "end": 1613116376463,
    "duration": 5,
    "pid": 20832,
    "index": 66
  },
  {
    "name": "Require(48) app/router.js",
    "start": 1613116376459,
    "end": 1613116376459,
    "duration": 0,
    "pid": 20832,
    "index": 67
  },
  {
    "name": "Before Start in node_modules/egg-core/lib/egg.js:303:10",
    "start": 1613116376460,
    "end": 1613116376474,
    "duration": 14,
    "pid": 20832,
    "index": 68
  }
]