[
  {
    "name": "Process Start",
    "start": 1613112494034,
    "end": 1613112495335,
    "duration": 1301,
    "pid": 4308,
    "index": 0
  },
  {
    "name": "Application Start",
    "start": 1613112495335,
    "end": 1613112495999,
    "duration": 664,
    "pid": 4308,
    "index": 1
  },
  {
    "name": "Load Plugin",
    "start": 1613112495342,
    "end": 1613112495363,
    "duration": 21,
    "pid": 4308,
    "index": 2
  },
  {
    "name": "Load Config",
    "start": 1613112495363,
    "end": 1613112495389,
    "duration": 26,
    "pid": 4308,
    "index": 3
  },
  {
    "name": "Require(0) config/config.default.js",
    "start": 1613112495364,
    "end": 1613112495364,
    "duration": 0,
    "pid": 4308,
    "index": 4
  },
  {
    "name": "Require(1) node_modules/egg-session/config/config.default.js",
    "start": 1613112495366,
    "end": 1613112495367,
    "duration": 1,
    "pid": 4308,
    "index": 5
  },
  {
    "name": "Require(2) node_modules/egg-security/config/config.default.js",
    "start": 1613112495368,
    "end": 1613112495368,
    "duration": 0,
    "pid": 4308,
    "index": 6
  },
  {
    "name": "Require(3) node_modules/egg-jsonp/config/config.default.js",
    "start": 1613112495369,
    "end": 1613112495370,
    "duration": 1,
    "pid": 4308,
    "index": 7
  },
  {
    "name": "Require(4) node_modules/egg-onerror/config/config.default.js",
    "start": 1613112495371,
    "end": 1613112495371,
    "duration": 0,
    "pid": 4308,
    "index": 8
  },
  {
    "name": "Require(5) node_modules/egg-i18n/config/config.default.js",
    "start": 1613112495372,
    "end": 1613112495372,
    "duration": 0,
    "pid": 4308,
    "index": 9
  },
  {
    "name": "Require(6) node_modules/egg-watcher/config/config.default.js",
    "start": 1613112495373,
    "end": 1613112495373,
    "duration": 0,
    "pid": 4308,
    "index": 10
  },
  {
    "name": "Require(7) node_modules/egg-schedule/config/config.default.js",
    "start": 1613112495374,
    "end": 1613112495374,
    "duration": 0,
    "pid": 4308,
    "index": 11
  },
  {
    "name": "Require(8) node_modules/egg-multipart/config/config.default.js",
    "start": 1613112495375,
    "end": 1613112495375,
    "duration": 0,
    "pid": 4308,
    "index": 12
  },
  {
    "name": "Require(9) node_modules/egg-development/config/config.default.js",
    "start": 1613112495376,
    "end": 1613112495376,
    "duration": 0,
    "pid": 4308,
    "index": 13
  },
  {
    "name": "Require(10) node_modules/egg-logrotator/config/config.default.js",
    "start": 1613112495377,
    "end": 1613112495378,
    "duration": 1,
    "pid": 4308,
    "index": 14
  },
  {
    "name": "Require(11) node_modules/egg-static/config/config.default.js",
    "start": 1613112495378,
    "end": 1613112495379,
    "duration": 1,
    "pid": 4308,
    "index": 15
  },
  {
    "name": "Require(12) node_modules/egg-view/config/config.default.js",
    "start": 1613112495379,
    "end": 1613112495380,
    "duration": 1,
    "pid": 4308,
    "index": 16
  },
  {
    "name": "Require(13) node_modules/egg-mysql/config/config.default.js",
    "start": 1613112495380,
    "end": 1613112495381,
    "duration": 1,
    "pid": 4308,
    "index": 17
  },
  {
    "name": "Require(14) node_modules/egg-cors/config/config.default.js",
    "start": 1613112495381,
    "end": 1613112495382,
    "duration": 1,
    "pid": 4308,
    "index": 18
  },
  {
    "name": "Require(15) node_modules/egg/config/config.default.js",
    "start": 1613112495382,
    "end": 1613112495383,
    "duration": 1,
    "pid": 4308,
    "index": 19
  },
  {
    "name": "Require(16) config/config.default.js",
    "start": 1613112495384,
    "end": 1613112495384,
    "duration": 0,
    "pid": 4308,
    "index": 20
  },
  {
    "name": "Require(17) node_modules/egg-security/config/config.local.js",
    "start": 1613112495385,
    "end": 1613112495385,
    "duration": 0,
    "pid": 4308,
    "index": 21
  },
  {
    "name": "Require(18) node_modules/egg-watcher/config/config.local.js",
    "start": 1613112495386,
    "end": 1613112495386,
    "duration": 0,
    "pid": 4308,
    "index": 22
  },
  {
    "name": "Require(19) node_modules/egg-view/config/config.local.js",
    "start": 1613112495388,
    "end": 1613112495388,
    "duration": 0,
    "pid": 4308,
    "index": 23
  },
  {
    "name": "Require(20) node_modules/egg/config/config.local.js",
    "start": 1613112495389,
    "end": 1613112495389,
    "duration": 0,
    "pid": 4308,
    "index": 24
  },
  {
    "name": "Load extend/application.js",
    "start": 1613112495391,
    "end": 1613112495412,
    "duration": 21,
    "pid": 4308,
    "index": 25
  },
  {
    "name": "Require(21) node_modules/egg-session/app/extend/application.js",
    "start": 1613112495391,
    "end": 1613112495392,
    "duration": 1,
    "pid": 4308,
    "index": 26
  },
  {
    "name": "Require(22) node_modules/egg-security/app/extend/application.js",
    "start": 1613112495392,
    "end": 1613112495393,
    "duration": 1,
    "pid": 4308,
    "index": 27
  },
  {
    "name": "Require(23) node_modules/egg-jsonp/app/extend/application.js",
    "start": 1613112495394,
    "end": 1613112495395,
    "duration": 1,
    "pid": 4308,
    "index": 28
  },
  {
    "name": "Require(24) node_modules/egg-logrotator/app/extend/application.js",
    "start": 1613112495397,
    "end": 1613112495405,
    "duration": 8,
    "pid": 4308,
    "index": 29
  },
  {
    "name": "Require(25) node_modules/egg-view/app/extend/application.js",
    "start": 1613112495406,
    "end": 1613112495408,
    "duration": 2,
    "pid": 4308,
    "index": 30
  },
  {
    "name": "Load extend/request.js",
    "start": 1613112495412,
    "end": 1613112495421,
    "duration": 9,
    "pid": 4308,
    "index": 31
  },
  {
    "name": "Require(26) node_modules/egg/app/extend/request.js",
    "start": 1613112495416,
    "end": 1613112495417,
    "duration": 1,
    "pid": 4308,
    "index": 32
  },
  {
    "name": "Load extend/response.js",
    "start": 1613112495421,
    "end": 1613112495430,
    "duration": 9,
    "pid": 4308,
    "index": 33
  },
  {
    "name": "Require(27) node_modules/egg/app/extend/response.js",
    "start": 1613112495424,
    "end": 1613112495426,
    "duration": 2,
    "pid": 4308,
    "index": 34
  },
  {
    "name": "Load extend/context.js",
    "start": 1613112495430,
    "end": 1613112495502,
    "duration": 72,
    "pid": 4308,
    "index": 35
  },
  {
    "name": "Require(28) node_modules/egg-security/app/extend/context.js",
    "start": 1613112495431,
    "end": 1613112495445,
    "duration": 14,
    "pid": 4308,
    "index": 36
  },
  {
    "name": "Require(29) node_modules/egg-jsonp/app/extend/context.js",
    "start": 1613112495445,
    "end": 1613112495447,
    "duration": 2,
    "pid": 4308,
    "index": 37
  },
  {
    "name": "Require(30) node_modules/egg-i18n/app/extend/context.js",
    "start": 1613112495447,
    "end": 1613112495448,
    "duration": 1,
    "pid": 4308,
    "index": 38
  },
  {
    "name": "Require(31) node_modules/egg-multipart/app/extend/context.js",
    "start": 1613112495449,
    "end": 1613112495495,
    "duration": 46,
    "pid": 4308,
    "index": 39
  },
  {
    "name": "Require(32) node_modules/egg-view/app/extend/context.js",
    "start": 1613112495496,
    "end": 1613112495496,
    "duration": 0,
    "pid": 4308,
    "index": 40
  },
  {
    "name": "Require(33) node_modules/egg/app/extend/context.js",
    "start": 1613112495497,
    "end": 1613112495498,
    "duration": 1,
    "pid": 4308,
    "index": 41
  },
  {
    "name": "Load extend/helper.js",
    "start": 1613112495502,
    "end": 1613112495528,
    "duration": 26,
    "pid": 4308,
    "index": 42
  },
  {
    "name": "Require(34) node_modules/egg-security/app/extend/helper.js",
    "start": 1613112495502,
    "end": 1613112495519,
    "duration": 17,
    "pid": 4308,
    "index": 43
  },
  {
    "name": "Require(35) node_modules/egg/app/extend/helper.js",
    "start": 1613112495524,
    "end": 1613112495524,
    "duration": 0,
    "pid": 4308,
    "index": 44
  },
  {
    "name": "Load app.js",
    "start": 1613112495529,
    "end": 1613112495587,
    "duration": 58,
    "pid": 4308,
    "index": 45
  },
  {
    "name": "Require(36) node_modules/egg-session/app.js",
    "start": 1613112495529,
    "end": 1613112495530,
    "duration": 1,
    "pid": 4308,
    "index": 46
  },
  {
    "name": "Require(37) node_modules/egg-security/app.js",
    "start": 1613112495530,
    "end": 1613112495531,
    "duration": 1,
    "pid": 4308,
    "index": 47
  },
  {
    "name": "Require(38) node_modules/egg-onerror/app.js",
    "start": 1613112495532,
    "end": 1613112495555,
    "duration": 23,
    "pid": 4308,
    "index": 48
  },
  {
    "name": "Require(39) node_modules/egg-i18n/app.js",
    "start": 1613112495555,
    "end": 1613112495564,
    "duration": 9,
    "pid": 4308,
    "index": 49
  },
  {
    "name": "Require(40) node_modules/egg-watcher/app.js",
    "start": 1613112495565,
    "end": 1613112495568,
    "duration": 3,
    "pid": 4308,
    "index": 50
  },
  {
    "name": "Require(41) node_modules/egg-schedule/app.js",
    "start": 1613112495568,
    "end": 1613112495570,
    "duration": 2,
    "pid": 4308,
    "index": 51
  },
  {
    "name": "Require(42) node_modules/egg-multipart/app.js",
    "start": 1613112495570,
    "end": 1613112495571,
    "duration": 1,
    "pid": 4308,
    "index": 52
  },
  {
    "name": "Require(43) node_modules/egg-development/app.js",
    "start": 1613112495571,
    "end": 1613112495572,
    "duration": 1,
    "pid": 4308,
    "index": 53
  },
  {
    "name": "Require(44) node_modules/egg-logrotator/app.js",
    "start": 1613112495572,
    "end": 1613112495572,
    "duration": 0,
    "pid": 4308,
    "index": 54
  },
  {
    "name": "Require(45) node_modules/egg-static/app.js",
    "start": 1613112495572,
    "end": 1613112495573,
    "duration": 1,
    "pid": 4308,
    "index": 55
  },
  {
    "name": "Require(46) node_modules/egg-mysql/app.js",
    "start": 1613112495573,
    "end": 1613112495586,
    "duration": 13,
    "pid": 4308,
    "index": 56
  },
  {
    "name": "Require(47) node_modules/egg-cors/app.js",
    "start": 1613112495586,
    "end": 1613112495586,
    "duration": 0,
    "pid": 4308,
    "index": 57
  },
  {
    "name": "Before Start in node_modules/egg-watcher/lib/init.js:15:14",
    "start": 1613112495599,
    "end": 1613112495883,
    "duration": 284,
    "pid": 4308,
    "index": 58
  },
  {
    "name": "Before Start in node_modules/egg-mysql/lib/mysql.js:20:7",
    "start": 1613112495700,
    "end": 1613112495998,
    "duration": 298,
    "pid": 4308,
    "index": 59
  },
  {
    "name": "Load Service",
    "start": 1613112495700,
    "end": 1613112495707,
    "duration": 7,
    "pid": 4308,
    "index": 60
  },
  {
    "name": "Load \"service\" to Context",
    "start": 1613112495700,
    "end": 1613112495707,
    "duration": 7,
    "pid": 4308,
    "index": 61
  },
  {
    "name": "Load Middleware",
    "start": 1613112495707,
    "end": 1613112495855,
    "duration": 148,
    "pid": 4308,
    "index": 62
  },
  {
    "name": "Load \"middlewares\" to Application",
    "start": 1613112495707,
    "end": 1613112495841,
    "duration": 134,
    "pid": 4308,
    "index": 63
  },
  {
    "name": "Load Controller",
    "start": 1613112495855,
    "end": 1613112495859,
    "duration": 4,
    "pid": 4308,
    "index": 64
  },
  {
    "name": "Load \"controller\" to Application",
    "start": 1613112495855,
    "end": 1613112495859,
    "duration": 4,
    "pid": 4308,
    "index": 65
  },
  {
    "name": "Load Router",
    "start": 1613112495859,
    "end": 1613112495864,
    "duration": 5,
    "pid": 4308,
    "index": 66
  },
  {
    "name": "Require(48) app/router.js",
    "start": 1613112495859,
    "end": 1613112495860,
    "duration": 1,
    "pid": 4308,
    "index": 67
  },
  {
    "name": "Before Start in node_modules/egg-core/lib/egg.js:303:10",
    "start": 1613112495861,
    "end": 1613112495876,
    "duration": 15,
    "pid": 4308,
    "index": 68
  }
]