[
  {
    "name": "Process Start",
    "start": 1613114413051,
    "end": 1613114414243,
    "duration": 1192,
    "pid": 24084,
    "index": 0
  },
  {
    "name": "Application Start",
    "start": 1613114414244,
    "end": 1613114415072,
    "duration": 828,
    "pid": 24084,
    "index": 1
  },
  {
    "name": "Load Plugin",
    "start": 1613114414250,
    "end": 1613114414271,
    "duration": 21,
    "pid": 24084,
    "index": 2
  },
  {
    "name": "Load Config",
    "start": 1613114414271,
    "end": 1613114414298,
    "duration": 27,
    "pid": 24084,
    "index": 3
  },
  {
    "name": "Require(0) config/config.default.js",
    "start": 1613114414272,
    "end": 1613114414273,
    "duration": 1,
    "pid": 24084,
    "index": 4
  },
  {
    "name": "Require(1) node_modules/egg-session/config/config.default.js",
    "start": 1613114414274,
    "end": 1613114414275,
    "duration": 1,
    "pid": 24084,
    "index": 5
  },
  {
    "name": "Require(2) node_modules/egg-security/config/config.default.js",
    "start": 1613114414276,
    "end": 1613114414276,
    "duration": 0,
    "pid": 24084,
    "index": 6
  },
  {
    "name": "Require(3) node_modules/egg-jsonp/config/config.default.js",
    "start": 1613114414277,
    "end": 1613114414278,
    "duration": 1,
    "pid": 24084,
    "index": 7
  },
  {
    "name": "Require(4) node_modules/egg-onerror/config/config.default.js",
    "start": 1613114414278,
    "end": 1613114414279,
    "duration": 1,
    "pid": 24084,
    "index": 8
  },
  {
    "name": "Require(5) node_modules/egg-i18n/config/config.default.js",
    "start": 1613114414279,
    "end": 1613114414280,
    "duration": 1,
    "pid": 24084,
    "index": 9
  },
  {
    "name": "Require(6) node_modules/egg-watcher/config/config.default.js",
    "start": 1613114414280,
    "end": 1613114414281,
    "duration": 1,
    "pid": 24084,
    "index": 10
  },
  {
    "name": "Require(7) node_modules/egg-schedule/config/config.default.js",
    "start": 1613114414281,
    "end": 1613114414282,
    "duration": 1,
    "pid": 24084,
    "index": 11
  },
  {
    "name": "Require(8) node_modules/egg-multipart/config/config.default.js",
    "start": 1613114414283,
    "end": 1613114414283,
    "duration": 0,
    "pid": 24084,
    "index": 12
  },
  {
    "name": "Require(9) node_modules/egg-development/config/config.default.js",
    "start": 1613114414284,
    "end": 1613114414284,
    "duration": 0,
    "pid": 24084,
    "index": 13
  },
  {
    "name": "Require(10) node_modules/egg-logrotator/config/config.default.js",
    "start": 1613114414285,
    "end": 1613114414285,
    "duration": 0,
    "pid": 24084,
    "index": 14
  },
  {
    "name": "Require(11) node_modules/egg-static/config/config.default.js",
    "start": 1613114414286,
    "end": 1613114414286,
    "duration": 0,
    "pid": 24084,
    "index": 15
  },
  {
    "name": "Require(12) node_modules/egg-view/config/config.default.js",
    "start": 1613114414287,
    "end": 1613114414287,
    "duration": 0,
    "pid": 24084,
    "index": 16
  },
  {
    "name": "Require(13) node_modules/egg-mysql/config/config.default.js",
    "start": 1613114414288,
    "end": 1613114414288,
    "duration": 0,
    "pid": 24084,
    "index": 17
  },
  {
    "name": "Require(14) node_modules/egg-cors/config/config.default.js",
    "start": 1613114414289,
    "end": 1613114414289,
    "duration": 0,
    "pid": 24084,
    "index": 18
  },
  {
    "name": "Require(15) node_modules/egg/config/config.default.js",
    "start": 1613114414290,
    "end": 1613114414291,
    "duration": 1,
    "pid": 24084,
    "index": 19
  },
  {
    "name": "Require(16) config/config.default.js",
    "start": 1613114414292,
    "end": 1613114414292,
    "duration": 0,
    "pid": 24084,
    "index": 20
  },
  {
    "name": "Require(17) node_modules/egg-security/config/config.local.js",
    "start": 1613114414293,
    "end": 1613114414293,
    "duration": 0,
    "pid": 24084,
    "index": 21
  },
  {
    "name": "Require(18) node_modules/egg-watcher/config/config.local.js",
    "start": 1613114414294,
    "end": 1613114414295,
    "duration": 1,
    "pid": 24084,
    "index": 22
  },
  {
    "name": "Require(19) node_modules/egg-view/config/config.local.js",
    "start": 1613114414296,
    "end": 1613114414297,
    "duration": 1,
    "pid": 24084,
    "index": 23
  },
  {
    "name": "Require(20) node_modules/egg/config/config.local.js",
    "start": 1613114414298,
    "end": 1613114414298,
    "duration": 0,
    "pid": 24084,
    "index": 24
  },
  {
    "name": "Load extend/application.js",
    "start": 1613114414299,
    "end": 1613114414327,
    "duration": 28,
    "pid": 24084,
    "index": 25
  },
  {
    "name": "Require(21) node_modules/egg-session/app/extend/application.js",
    "start": 1613114414300,
    "end": 1613114414300,
    "duration": 0,
    "pid": 24084,
    "index": 26
  },
  {
    "name": "Require(22) node_modules/egg-security/app/extend/application.js",
    "start": 1613114414301,
    "end": 1613114414302,
    "duration": 1,
    "pid": 24084,
    "index": 27
  },
  {
    "name": "Require(23) node_modules/egg-jsonp/app/extend/application.js",
    "start": 1613114414303,
    "end": 1613114414304,
    "duration": 1,
    "pid": 24084,
    "index": 28
  },
  {
    "name": "Require(24) node_modules/egg-logrotator/app/extend/application.js",
    "start": 1613114414306,
    "end": 1613114414316,
    "duration": 10,
    "pid": 24084,
    "index": 29
  },
  {
    "name": "Require(25) node_modules/egg-view/app/extend/application.js",
    "start": 1613114414317,
    "end": 1613114414319,
    "duration": 2,
    "pid": 24084,
    "index": 30
  },
  {
    "name": "Load extend/request.js",
    "start": 1613114414327,
    "end": 1613114414345,
    "duration": 18,
    "pid": 24084,
    "index": 31
  },
  {
    "name": "Require(26) node_modules/egg/app/extend/request.js",
    "start": 1613114414330,
    "end": 1613114414332,
    "duration": 2,
    "pid": 24084,
    "index": 32
  },
  {
    "name": "Load extend/response.js",
    "start": 1613114414345,
    "end": 1613114414363,
    "duration": 18,
    "pid": 24084,
    "index": 33
  },
  {
    "name": "Require(27) node_modules/egg/app/extend/response.js",
    "start": 1613114414355,
    "end": 1613114414358,
    "duration": 3,
    "pid": 24084,
    "index": 34
  },
  {
    "name": "Load extend/context.js",
    "start": 1613114414363,
    "end": 1613114414435,
    "duration": 72,
    "pid": 24084,
    "index": 35
  },
  {
    "name": "Require(28) node_modules/egg-security/app/extend/context.js",
    "start": 1613114414363,
    "end": 1613114414379,
    "duration": 16,
    "pid": 24084,
    "index": 36
  },
  {
    "name": "Require(29) node_modules/egg-jsonp/app/extend/context.js",
    "start": 1613114414379,
    "end": 1613114414380,
    "duration": 1,
    "pid": 24084,
    "index": 37
  },
  {
    "name": "Require(30) node_modules/egg-i18n/app/extend/context.js",
    "start": 1613114414381,
    "end": 1613114414381,
    "duration": 0,
    "pid": 24084,
    "index": 38
  },
  {
    "name": "Require(31) node_modules/egg-multipart/app/extend/context.js",
    "start": 1613114414382,
    "end": 1613114414427,
    "duration": 45,
    "pid": 24084,
    "index": 39
  },
  {
    "name": "Require(32) node_modules/egg-view/app/extend/context.js",
    "start": 1613114414428,
    "end": 1613114414429,
    "duration": 1,
    "pid": 24084,
    "index": 40
  },
  {
    "name": "Require(33) node_modules/egg/app/extend/context.js",
    "start": 1613114414430,
    "end": 1613114414432,
    "duration": 2,
    "pid": 24084,
    "index": 41
  },
  {
    "name": "Load extend/helper.js",
    "start": 1613114414435,
    "end": 1613114414461,
    "duration": 26,
    "pid": 24084,
    "index": 42
  },
  {
    "name": "Require(34) node_modules/egg-security/app/extend/helper.js",
    "start": 1613114414436,
    "end": 1613114414452,
    "duration": 16,
    "pid": 24084,
    "index": 43
  },
  {
    "name": "Require(35) node_modules/egg/app/extend/helper.js",
    "start": 1613114414457,
    "end": 1613114414457,
    "duration": 0,
    "pid": 24084,
    "index": 44
  },
  {
    "name": "Load app.js",
    "start": 1613114414461,
    "end": 1613114414508,
    "duration": 47,
    "pid": 24084,
    "index": 45
  },
  {
    "name": "Require(36) node_modules/egg-session/app.js",
    "start": 1613114414461,
    "end": 1613114414462,
    "duration": 1,
    "pid": 24084,
    "index": 46
  },
  {
    "name": "Require(37) node_modules/egg-security/app.js",
    "start": 1613114414462,
    "end": 1613114414464,
    "duration": 2,
    "pid": 24084,
    "index": 47
  },
  {
    "name": "Require(38) node_modules/egg-onerror/app.js",
    "start": 1613114414465,
    "end": 1613114414473,
    "duration": 8,
    "pid": 24084,
    "index": 48
  },
  {
    "name": "Require(39) node_modules/egg-i18n/app.js",
    "start": 1613114414474,
    "end": 1613114414482,
    "duration": 8,
    "pid": 24084,
    "index": 49
  },
  {
    "name": "Require(40) node_modules/egg-watcher/app.js",
    "start": 1613114414483,
    "end": 1613114414486,
    "duration": 3,
    "pid": 24084,
    "index": 50
  },
  {
    "name": "Require(41) node_modules/egg-schedule/app.js",
    "start": 1613114414486,
    "end": 1613114414487,
    "duration": 1,
    "pid": 24084,
    "index": 51
  },
  {
    "name": "Require(42) node_modules/egg-multipart/app.js",
    "start": 1613114414488,
    "end": 1613114414488,
    "duration": 0,
    "pid": 24084,
    "index": 52
  },
  {
    "name": "Require(43) node_modules/egg-development/app.js",
    "start": 1613114414489,
    "end": 1613114414489,
    "duration": 0,
    "pid": 24084,
    "index": 53
  },
  {
    "name": "Require(44) node_modules/egg-logrotator/app.js",
    "start": 1613114414489,
    "end": 1613114414490,
    "duration": 1,
    "pid": 24084,
    "index": 54
  },
  {
    "name": "Require(45) node_modules/egg-static/app.js",
    "start": 1613114414490,
    "end": 1613114414490,
    "duration": 0,
    "pid": 24084,
    "index": 55
  },
  {
    "name": "Require(46) node_modules/egg-mysql/app.js",
    "start": 1613114414491,
    "end": 1613114414506,
    "duration": 15,
    "pid": 24084,
    "index": 56
  },
  {
    "name": "Require(47) node_modules/egg-cors/app.js",
    "start": 1613114414506,
    "end": 1613114414506,
    "duration": 0,
    "pid": 24084,
    "index": 57
  },
  {
    "name": "Before Start in node_modules/egg-watcher/lib/init.js:15:14",
    "start": 1613114414517,
    "end": 1613114414955,
    "duration": 438,
    "pid": 24084,
    "index": 58
  },
  {
    "name": "Before Start in node_modules/egg-mysql/lib/mysql.js:20:7",
    "start": 1613114414723,
    "end": 1613114415072,
    "duration": 349,
    "pid": 24084,
    "index": 59
  },
  {
    "name": "Load Service",
    "start": 1613114414723,
    "end": 1613114414730,
    "duration": 7,
    "pid": 24084,
    "index": 60
  },
  {
    "name": "Load \"service\" to Context",
    "start": 1613114414723,
    "end": 1613114414730,
    "duration": 7,
    "pid": 24084,
    "index": 61
  },
  {
    "name": "Load Middleware",
    "start": 1613114414730,
    "end": 1613114414926,
    "duration": 196,
    "pid": 24084,
    "index": 62
  },
  {
    "name": "Load \"middlewares\" to Application",
    "start": 1613114414730,
    "end": 1613114414911,
    "duration": 181,
    "pid": 24084,
    "index": 63
  },
  {
    "name": "Load Controller",
    "start": 1613114414926,
    "end": 1613114414930,
    "duration": 4,
    "pid": 24084,
    "index": 64
  },
  {
    "name": "Load \"controller\" to Application",
    "start": 1613114414926,
    "end": 1613114414930,
    "duration": 4,
    "pid": 24084,
    "index": 65
  },
  {
    "name": "Load Router",
    "start": 1613114414931,
    "end": 1613114414935,
    "duration": 4,
    "pid": 24084,
    "index": 66
  },
  {
    "name": "Require(48) app/router.js",
    "start": 1613114414931,
    "end": 1613114414931,
    "duration": 0,
    "pid": 24084,
    "index": 67
  },
  {
    "name": "Before Start in node_modules/egg-core/lib/egg.js:303:10",
    "start": 1613114414932,
    "end": 1613114414948,
    "duration": 16,
    "pid": 24084,
    "index": 68
  }
]