[
  {
    "name": "Process Start",
    "start": 1613111891606,
    "end": 1613111892849,
    "duration": 1243,
    "pid": 16912,
    "index": 0
  },
  {
    "name": "Application Start",
    "start": 1613111892850,
    "end": 1613111893609,
    "duration": 759,
    "pid": 16912,
    "index": 1
  },
  {
    "name": "Load Plugin",
    "start": 1613111892856,
    "end": 1613111892877,
    "duration": 21,
    "pid": 16912,
    "index": 2
  },
  {
    "name": "Load Config",
    "start": 1613111892877,
    "end": 1613111892902,
    "duration": 25,
    "pid": 16912,
    "index": 3
  },
  {
    "name": "Require(0) config/config.default.js",
    "start": 1613111892878,
    "end": 1613111892878,
    "duration": 0,
    "pid": 16912,
    "index": 4
  },
  {
    "name": "Require(1) node_modules/egg-session/config/config.default.js",
    "start": 1613111892880,
    "end": 1613111892880,
    "duration": 0,
    "pid": 16912,
    "index": 5
  },
  {
    "name": "Require(2) node_modules/egg-security/config/config.default.js",
    "start": 1613111892881,
    "end": 1613111892881,
    "duration": 0,
    "pid": 16912,
    "index": 6
  },
  {
    "name": "Require(3) node_modules/egg-jsonp/config/config.default.js",
    "start": 1613111892882,
    "end": 1613111892883,
    "duration": 1,
    "pid": 16912,
    "index": 7
  },
  {
    "name": "Require(4) node_modules/egg-onerror/config/config.default.js",
    "start": 1613111892883,
    "end": 1613111892884,
    "duration": 1,
    "pid": 16912,
    "index": 8
  },
  {
    "name": "Require(5) node_modules/egg-i18n/config/config.default.js",
    "start": 1613111892884,
    "end": 1613111892885,
    "duration": 1,
    "pid": 16912,
    "index": 9
  },
  {
    "name": "Require(6) node_modules/egg-watcher/config/config.default.js",
    "start": 1613111892885,
    "end": 1613111892886,
    "duration": 1,
    "pid": 16912,
    "index": 10
  },
  {
    "name": "Require(7) node_modules/egg-schedule/config/config.default.js",
    "start": 1613111892886,
    "end": 1613111892886,
    "duration": 0,
    "pid": 16912,
    "index": 11
  },
  {
    "name": "Require(8) node_modules/egg-multipart/config/config.default.js",
    "start": 1613111892887,
    "end": 1613111892888,
    "duration": 1,
    "pid": 16912,
    "index": 12
  },
  {
    "name": "Require(9) node_modules/egg-development/config/config.default.js",
    "start": 1613111892889,
    "end": 1613111892889,
    "duration": 0,
    "pid": 16912,
    "index": 13
  },
  {
    "name": "Require(10) node_modules/egg-logrotator/config/config.default.js",
    "start": 1613111892890,
    "end": 1613111892891,
    "duration": 1,
    "pid": 16912,
    "index": 14
  },
  {
    "name": "Require(11) node_modules/egg-static/config/config.default.js",
    "start": 1613111892891,
    "end": 1613111892892,
    "duration": 1,
    "pid": 16912,
    "index": 15
  },
  {
    "name": "Require(12) node_modules/egg-view/config/config.default.js",
    "start": 1613111892892,
    "end": 1613111892893,
    "duration": 1,
    "pid": 16912,
    "index": 16
  },
  {
    "name": "Require(13) node_modules/egg-mysql/config/config.default.js",
    "start": 1613111892893,
    "end": 1613111892894,
    "duration": 1,
    "pid": 16912,
    "index": 17
  },
  {
    "name": "Require(14) node_modules/egg-cors/config/config.default.js",
    "start": 1613111892894,
    "end": 1613111892894,
    "duration": 0,
    "pid": 16912,
    "index": 18
  },
  {
    "name": "Require(15) node_modules/egg/config/config.default.js",
    "start": 1613111892895,
    "end": 1613111892895,
    "duration": 0,
    "pid": 16912,
    "index": 19
  },
  {
    "name": "Require(16) config/config.default.js",
    "start": 1613111892896,
    "end": 1613111892896,
    "duration": 0,
    "pid": 16912,
    "index": 20
  },
  {
    "name": "Require(17) node_modules/egg-security/config/config.local.js",
    "start": 1613111892897,
    "end": 1613111892897,
    "duration": 0,
    "pid": 16912,
    "index": 21
  },
  {
    "name": "Require(18) node_modules/egg-watcher/config/config.local.js",
    "start": 1613111892898,
    "end": 1613111892898,
    "duration": 0,
    "pid": 16912,
    "index": 22
  },
  {
    "name": "Require(19) node_modules/egg-view/config/config.local.js",
    "start": 1613111892900,
    "end": 1613111892900,
    "duration": 0,
    "pid": 16912,
    "index": 23
  },
  {
    "name": "Require(20) node_modules/egg/config/config.local.js",
    "start": 1613111892901,
    "end": 1613111892902,
    "duration": 1,
    "pid": 16912,
    "index": 24
  },
  {
    "name": "Load extend/application.js",
    "start": 1613111892903,
    "end": 1613111892926,
    "duration": 23,
    "pid": 16912,
    "index": 25
  },
  {
    "name": "Require(21) node_modules/egg-session/app/extend/application.js",
    "start": 1613111892904,
    "end": 1613111892904,
    "duration": 0,
    "pid": 16912,
    "index": 26
  },
  {
    "name": "Require(22) node_modules/egg-security/app/extend/application.js",
    "start": 1613111892905,
    "end": 1613111892906,
    "duration": 1,
    "pid": 16912,
    "index": 27
  },
  {
    "name": "Require(23) node_modules/egg-jsonp/app/extend/application.js",
    "start": 1613111892907,
    "end": 1613111892908,
    "duration": 1,
    "pid": 16912,
    "index": 28
  },
  {
    "name": "Require(24) node_modules/egg-logrotator/app/extend/application.js",
    "start": 1613111892910,
    "end": 1613111892919,
    "duration": 9,
    "pid": 16912,
    "index": 29
  },
  {
    "name": "Require(25) node_modules/egg-view/app/extend/application.js",
    "start": 1613111892920,
    "end": 1613111892921,
    "duration": 1,
    "pid": 16912,
    "index": 30
  },
  {
    "name": "Load extend/request.js",
    "start": 1613111892926,
    "end": 1613111892934,
    "duration": 8,
    "pid": 16912,
    "index": 31
  },
  {
    "name": "Require(26) node_modules/egg/app/extend/request.js",
    "start": 1613111892929,
    "end": 1613111892930,
    "duration": 1,
    "pid": 16912,
    "index": 32
  },
  {
    "name": "Load extend/response.js",
    "start": 1613111892934,
    "end": 1613111892943,
    "duration": 9,
    "pid": 16912,
    "index": 33
  },
  {
    "name": "Require(27) node_modules/egg/app/extend/response.js",
    "start": 1613111892937,
    "end": 1613111892939,
    "duration": 2,
    "pid": 16912,
    "index": 34
  },
  {
    "name": "Load extend/context.js",
    "start": 1613111892943,
    "end": 1613111893021,
    "duration": 78,
    "pid": 16912,
    "index": 35
  },
  {
    "name": "Require(28) node_modules/egg-security/app/extend/context.js",
    "start": 1613111892944,
    "end": 1613111892960,
    "duration": 16,
    "pid": 16912,
    "index": 36
  },
  {
    "name": "Require(29) node_modules/egg-jsonp/app/extend/context.js",
    "start": 1613111892960,
    "end": 1613111892962,
    "duration": 2,
    "pid": 16912,
    "index": 37
  },
  {
    "name": "Require(30) node_modules/egg-i18n/app/extend/context.js",
    "start": 1613111892962,
    "end": 1613111892963,
    "duration": 1,
    "pid": 16912,
    "index": 38
  },
  {
    "name": "Require(31) node_modules/egg-multipart/app/extend/context.js",
    "start": 1613111892964,
    "end": 1613111893013,
    "duration": 49,
    "pid": 16912,
    "index": 39
  },
  {
    "name": "Require(32) node_modules/egg-view/app/extend/context.js",
    "start": 1613111893014,
    "end": 1613111893015,
    "duration": 1,
    "pid": 16912,
    "index": 40
  },
  {
    "name": "Require(33) node_modules/egg/app/extend/context.js",
    "start": 1613111893016,
    "end": 1613111893017,
    "duration": 1,
    "pid": 16912,
    "index": 41
  },
  {
    "name": "Load extend/helper.js",
    "start": 1613111893021,
    "end": 1613111893104,
    "duration": 83,
    "pid": 16912,
    "index": 42
  },
  {
    "name": "Require(34) node_modules/egg-security/app/extend/helper.js",
    "start": 1613111893021,
    "end": 1613111893093,
    "duration": 72,
    "pid": 16912,
    "index": 43
  },
  {
    "name": "Require(35) node_modules/egg/app/extend/helper.js",
    "start": 1613111893100,
    "end": 1613111893100,
    "duration": 0,
    "pid": 16912,
    "index": 44
  },
  {
    "name": "Load app.js",
    "start": 1613111893104,
    "end": 1613111893163,
    "duration": 59,
    "pid": 16912,
    "index": 45
  },
  {
    "name": "Require(36) node_modules/egg-session/app.js",
    "start": 1613111893104,
    "end": 1613111893105,
    "duration": 1,
    "pid": 16912,
    "index": 46
  },
  {
    "name": "Require(37) node_modules/egg-security/app.js",
    "start": 1613111893106,
    "end": 1613111893108,
    "duration": 2,
    "pid": 16912,
    "index": 47
  },
  {
    "name": "Require(38) node_modules/egg-onerror/app.js",
    "start": 1613111893109,
    "end": 1613111893118,
    "duration": 9,
    "pid": 16912,
    "index": 48
  },
  {
    "name": "Require(39) node_modules/egg-i18n/app.js",
    "start": 1613111893119,
    "end": 1613111893131,
    "duration": 12,
    "pid": 16912,
    "index": 49
  },
  {
    "name": "Require(40) node_modules/egg-watcher/app.js",
    "start": 1613111893131,
    "end": 1613111893137,
    "duration": 6,
    "pid": 16912,
    "index": 50
  },
  {
    "name": "Require(41) node_modules/egg-schedule/app.js",
    "start": 1613111893137,
    "end": 1613111893138,
    "duration": 1,
    "pid": 16912,
    "index": 51
  },
  {
    "name": "Require(42) node_modules/egg-multipart/app.js",
    "start": 1613111893139,
    "end": 1613111893140,
    "duration": 1,
    "pid": 16912,
    "index": 52
  },
  {
    "name": "Require(43) node_modules/egg-development/app.js",
    "start": 1613111893140,
    "end": 1613111893141,
    "duration": 1,
    "pid": 16912,
    "index": 53
  },
  {
    "name": "Require(44) node_modules/egg-logrotator/app.js",
    "start": 1613111893141,
    "end": 1613111893142,
    "duration": 1,
    "pid": 16912,
    "index": 54
  },
  {
    "name": "Require(45) node_modules/egg-static/app.js",
    "start": 1613111893142,
    "end": 1613111893143,
    "duration": 1,
    "pid": 16912,
    "index": 55
  },
  {
    "name": "Require(46) node_modules/egg-mysql/app.js",
    "start": 1613111893144,
    "end": 1613111893161,
    "duration": 17,
    "pid": 16912,
    "index": 56
  },
  {
    "name": "Require(47) node_modules/egg-cors/app.js",
    "start": 1613111893162,
    "end": 1613111893162,
    "duration": 0,
    "pid": 16912,
    "index": 57
  },
  {
    "name": "Before Start in node_modules/egg-watcher/lib/init.js:15:14",
    "start": 1613111893176,
    "end": 1613111893461,
    "duration": 285,
    "pid": 16912,
    "index": 58
  },
  {
    "name": "Before Start in node_modules/egg-mysql/lib/mysql.js:20:7",
    "start": 1613111893292,
    "end": 1613111893607,
    "duration": 315,
    "pid": 16912,
    "index": 59
  },
  {
    "name": "Load Service",
    "start": 1613111893293,
    "end": 1613111893298,
    "duration": 5,
    "pid": 16912,
    "index": 60
  },
  {
    "name": "Load \"service\" to Context",
    "start": 1613111893293,
    "end": 1613111893298,
    "duration": 5,
    "pid": 16912,
    "index": 61
  },
  {
    "name": "Load Middleware",
    "start": 1613111893298,
    "end": 1613111893433,
    "duration": 135,
    "pid": 16912,
    "index": 62
  },
  {
    "name": "Load \"middlewares\" to Application",
    "start": 1613111893298,
    "end": 1613111893418,
    "duration": 120,
    "pid": 16912,
    "index": 63
  },
  {
    "name": "Load Controller",
    "start": 1613111893433,
    "end": 1613111893438,
    "duration": 5,
    "pid": 16912,
    "index": 64
  },
  {
    "name": "Load \"controller\" to Application",
    "start": 1613111893433,
    "end": 1613111893438,
    "duration": 5,
    "pid": 16912,
    "index": 65
  },
  {
    "name": "Load Router",
    "start": 1613111893438,
    "end": 1613111893442,
    "duration": 4,
    "pid": 16912,
    "index": 66
  },
  {
    "name": "Require(48) app/router.js",
    "start": 1613111893438,
    "end": 1613111893438,
    "duration": 0,
    "pid": 16912,
    "index": 67
  },
  {
    "name": "Before Start in node_modules/egg-core/lib/egg.js:303:10",
    "start": 1613111893439,
    "end": 1613111893453,
    "duration": 14,
    "pid": 16912,
    "index": 68
  }
]