[
  {
    "name": "Process Start",
    "start": 1613114366828,
    "end": 1613114368106,
    "duration": 1278,
    "pid": 16072,
    "index": 0
  },
  {
    "name": "Application Start",
    "start": 1613114368107,
    "end": 1613114368830,
    "duration": 723,
    "pid": 16072,
    "index": 1
  },
  {
    "name": "Load Plugin",
    "start": 1613114368114,
    "end": 1613114368139,
    "duration": 25,
    "pid": 16072,
    "index": 2
  },
  {
    "name": "Load Config",
    "start": 1613114368139,
    "end": 1613114368167,
    "duration": 28,
    "pid": 16072,
    "index": 3
  },
  {
    "name": "Require(0) config/config.default.js",
    "start": 1613114368140,
    "end": 1613114368141,
    "duration": 1,
    "pid": 16072,
    "index": 4
  },
  {
    "name": "Require(1) node_modules/egg-session/config/config.default.js",
    "start": 1613114368142,
    "end": 1613114368143,
    "duration": 1,
    "pid": 16072,
    "index": 5
  },
  {
    "name": "Require(2) node_modules/egg-security/config/config.default.js",
    "start": 1613114368144,
    "end": 1613114368144,
    "duration": 0,
    "pid": 16072,
    "index": 6
  },
  {
    "name": "Require(3) node_modules/egg-jsonp/config/config.default.js",
    "start": 1613114368145,
    "end": 1613114368146,
    "duration": 1,
    "pid": 16072,
    "index": 7
  },
  {
    "name": "Require(4) node_modules/egg-onerror/config/config.default.js",
    "start": 1613114368147,
    "end": 1613114368147,
    "duration": 0,
    "pid": 16072,
    "index": 8
  },
  {
    "name": "Require(5) node_modules/egg-i18n/config/config.default.js",
    "start": 1613114368148,
    "end": 1613114368148,
    "duration": 0,
    "pid": 16072,
    "index": 9
  },
  {
    "name": "Require(6) node_modules/egg-watcher/config/config.default.js",
    "start": 1613114368149,
    "end": 1613114368149,
    "duration": 0,
    "pid": 16072,
    "index": 10
  },
  {
    "name": "Require(7) node_modules/egg-schedule/config/config.default.js",
    "start": 1613114368150,
    "end": 1613114368151,
    "duration": 1,
    "pid": 16072,
    "index": 11
  },
  {
    "name": "Require(8) node_modules/egg-multipart/config/config.default.js",
    "start": 1613114368152,
    "end": 1613114368152,
    "duration": 0,
    "pid": 16072,
    "index": 12
  },
  {
    "name": "Require(9) node_modules/egg-development/config/config.default.js",
    "start": 1613114368153,
    "end": 1613114368153,
    "duration": 0,
    "pid": 16072,
    "index": 13
  },
  {
    "name": "Require(10) node_modules/egg-logrotator/config/config.default.js",
    "start": 1613114368154,
    "end": 1613114368154,
    "duration": 0,
    "pid": 16072,
    "index": 14
  },
  {
    "name": "Require(11) node_modules/egg-static/config/config.default.js",
    "start": 1613114368155,
    "end": 1613114368155,
    "duration": 0,
    "pid": 16072,
    "index": 15
  },
  {
    "name": "Require(12) node_modules/egg-view/config/config.default.js",
    "start": 1613114368156,
    "end": 1613114368157,
    "duration": 1,
    "pid": 16072,
    "index": 16
  },
  {
    "name": "Require(13) node_modules/egg-mysql/config/config.default.js",
    "start": 1613114368158,
    "end": 1613114368158,
    "duration": 0,
    "pid": 16072,
    "index": 17
  },
  {
    "name": "Require(14) node_modules/egg-cors/config/config.default.js",
    "start": 1613114368159,
    "end": 1613114368159,
    "duration": 0,
    "pid": 16072,
    "index": 18
  },
  {
    "name": "Require(15) node_modules/egg/config/config.default.js",
    "start": 1613114368159,
    "end": 1613114368160,
    "duration": 1,
    "pid": 16072,
    "index": 19
  },
  {
    "name": "Require(16) config/config.default.js",
    "start": 1613114368161,
    "end": 1613114368161,
    "duration": 0,
    "pid": 16072,
    "index": 20
  },
  {
    "name": "Require(17) node_modules/egg-security/config/config.local.js",
    "start": 1613114368162,
    "end": 1613114368162,
    "duration": 0,
    "pid": 16072,
    "index": 21
  },
  {
    "name": "Require(18) node_modules/egg-watcher/config/config.local.js",
    "start": 1613114368163,
    "end": 1613114368163,
    "duration": 0,
    "pid": 16072,
    "index": 22
  },
  {
    "name": "Require(19) node_modules/egg-view/config/config.local.js",
    "start": 1613114368165,
    "end": 1613114368165,
    "duration": 0,
    "pid": 16072,
    "index": 23
  },
  {
    "name": "Require(20) node_modules/egg/config/config.local.js",
    "start": 1613114368166,
    "end": 1613114368166,
    "duration": 0,
    "pid": 16072,
    "index": 24
  },
  {
    "name": "Load extend/application.js",
    "start": 1613114368168,
    "end": 1613114368190,
    "duration": 22,
    "pid": 16072,
    "index": 25
  },
  {
    "name": "Require(21) node_modules/egg-session/app/extend/application.js",
    "start": 1613114368169,
    "end": 1613114368169,
    "duration": 0,
    "pid": 16072,
    "index": 26
  },
  {
    "name": "Require(22) node_modules/egg-security/app/extend/application.js",
    "start": 1613114368170,
    "end": 1613114368171,
    "duration": 1,
    "pid": 16072,
    "index": 27
  },
  {
    "name": "Require(23) node_modules/egg-jsonp/app/extend/application.js",
    "start": 1613114368171,
    "end": 1613114368173,
    "duration": 2,
    "pid": 16072,
    "index": 28
  },
  {
    "name": "Require(24) node_modules/egg-logrotator/app/extend/application.js",
    "start": 1613114368177,
    "end": 1613114368184,
    "duration": 7,
    "pid": 16072,
    "index": 29
  },
  {
    "name": "Require(25) node_modules/egg-view/app/extend/application.js",
    "start": 1613114368185,
    "end": 1613114368186,
    "duration": 1,
    "pid": 16072,
    "index": 30
  },
  {
    "name": "Load extend/request.js",
    "start": 1613114368190,
    "end": 1613114368199,
    "duration": 9,
    "pid": 16072,
    "index": 31
  },
  {
    "name": "Require(26) node_modules/egg/app/extend/request.js",
    "start": 1613114368193,
    "end": 1613114368195,
    "duration": 2,
    "pid": 16072,
    "index": 32
  },
  {
    "name": "Load extend/response.js",
    "start": 1613114368199,
    "end": 1613114368209,
    "duration": 10,
    "pid": 16072,
    "index": 33
  },
  {
    "name": "Require(27) node_modules/egg/app/extend/response.js",
    "start": 1613114368202,
    "end": 1613114368204,
    "duration": 2,
    "pid": 16072,
    "index": 34
  },
  {
    "name": "Load extend/context.js",
    "start": 1613114368209,
    "end": 1613114368309,
    "duration": 100,
    "pid": 16072,
    "index": 35
  },
  {
    "name": "Require(28) node_modules/egg-security/app/extend/context.js",
    "start": 1613114368210,
    "end": 1613114368231,
    "duration": 21,
    "pid": 16072,
    "index": 36
  },
  {
    "name": "Require(29) node_modules/egg-jsonp/app/extend/context.js",
    "start": 1613114368231,
    "end": 1613114368233,
    "duration": 2,
    "pid": 16072,
    "index": 37
  },
  {
    "name": "Require(30) node_modules/egg-i18n/app/extend/context.js",
    "start": 1613114368234,
    "end": 1613114368234,
    "duration": 0,
    "pid": 16072,
    "index": 38
  },
  {
    "name": "Require(31) node_modules/egg-multipart/app/extend/context.js",
    "start": 1613114368235,
    "end": 1613114368302,
    "duration": 67,
    "pid": 16072,
    "index": 39
  },
  {
    "name": "Require(32) node_modules/egg-view/app/extend/context.js",
    "start": 1613114368303,
    "end": 1613114368304,
    "duration": 1,
    "pid": 16072,
    "index": 40
  },
  {
    "name": "Require(33) node_modules/egg/app/extend/context.js",
    "start": 1613114368304,
    "end": 1613114368306,
    "duration": 2,
    "pid": 16072,
    "index": 41
  },
  {
    "name": "Load extend/helper.js",
    "start": 1613114368309,
    "end": 1613114368334,
    "duration": 25,
    "pid": 16072,
    "index": 42
  },
  {
    "name": "Require(34) node_modules/egg-security/app/extend/helper.js",
    "start": 1613114368310,
    "end": 1613114368326,
    "duration": 16,
    "pid": 16072,
    "index": 43
  },
  {
    "name": "Require(35) node_modules/egg/app/extend/helper.js",
    "start": 1613114368330,
    "end": 1613114368330,
    "duration": 0,
    "pid": 16072,
    "index": 44
  },
  {
    "name": "Load app.js",
    "start": 1613114368334,
    "end": 1613114368380,
    "duration": 46,
    "pid": 16072,
    "index": 45
  },
  {
    "name": "Require(36) node_modules/egg-session/app.js",
    "start": 1613114368335,
    "end": 1613114368335,
    "duration": 0,
    "pid": 16072,
    "index": 46
  },
  {
    "name": "Require(37) node_modules/egg-security/app.js",
    "start": 1613114368336,
    "end": 1613114368337,
    "duration": 1,
    "pid": 16072,
    "index": 47
  },
  {
    "name": "Require(38) node_modules/egg-onerror/app.js",
    "start": 1613114368338,
    "end": 1613114368347,
    "duration": 9,
    "pid": 16072,
    "index": 48
  },
  {
    "name": "Require(39) node_modules/egg-i18n/app.js",
    "start": 1613114368347,
    "end": 1613114368357,
    "duration": 10,
    "pid": 16072,
    "index": 49
  },
  {
    "name": "Require(40) node_modules/egg-watcher/app.js",
    "start": 1613114368357,
    "end": 1613114368361,
    "duration": 4,
    "pid": 16072,
    "index": 50
  },
  {
    "name": "Require(41) node_modules/egg-schedule/app.js",
    "start": 1613114368361,
    "end": 1613114368362,
    "duration": 1,
    "pid": 16072,
    "index": 51
  },
  {
    "name": "Require(42) node_modules/egg-multipart/app.js",
    "start": 1613114368363,
    "end": 1613114368363,
    "duration": 0,
    "pid": 16072,
    "index": 52
  },
  {
    "name": "Require(43) node_modules/egg-development/app.js",
    "start": 1613114368364,
    "end": 1613114368364,
    "duration": 0,
    "pid": 16072,
    "index": 53
  },
  {
    "name": "Require(44) node_modules/egg-logrotator/app.js",
    "start": 1613114368364,
    "end": 1613114368365,
    "duration": 1,
    "pid": 16072,
    "index": 54
  },
  {
    "name": "Require(45) node_modules/egg-static/app.js",
    "start": 1613114368365,
    "end": 1613114368365,
    "duration": 0,
    "pid": 16072,
    "index": 55
  },
  {
    "name": "Require(46) node_modules/egg-mysql/app.js",
    "start": 1613114368366,
    "end": 1613114368377,
    "duration": 11,
    "pid": 16072,
    "index": 56
  },
  {
    "name": "Require(47) node_modules/egg-cors/app.js",
    "start": 1613114368377,
    "end": 1613114368378,
    "duration": 1,
    "pid": 16072,
    "index": 57
  },
  {
    "name": "Before Start in node_modules/egg-watcher/lib/init.js:15:14",
    "start": 1613114368392,
    "end": 1613114368673,
    "duration": 281,
    "pid": 16072,
    "index": 58
  },
  {
    "name": "Before Start in node_modules/egg-mysql/lib/mysql.js:20:7",
    "start": 1613114368516,
    "end": 1613114368828,
    "duration": 312,
    "pid": 16072,
    "index": 59
  },
  {
    "name": "Load Service",
    "start": 1613114368516,
    "end": 1613114368522,
    "duration": 6,
    "pid": 16072,
    "index": 60
  },
  {
    "name": "Load \"service\" to Context",
    "start": 1613114368516,
    "end": 1613114368522,
    "duration": 6,
    "pid": 16072,
    "index": 61
  },
  {
    "name": "Load Middleware",
    "start": 1613114368522,
    "end": 1613114368645,
    "duration": 123,
    "pid": 16072,
    "index": 62
  },
  {
    "name": "Load \"middlewares\" to Application",
    "start": 1613114368522,
    "end": 1613114368631,
    "duration": 109,
    "pid": 16072,
    "index": 63
  },
  {
    "name": "Load Controller",
    "start": 1613114368645,
    "end": 1613114368649,
    "duration": 4,
    "pid": 16072,
    "index": 64
  },
  {
    "name": "Load \"controller\" to Application",
    "start": 1613114368645,
    "end": 1613114368649,
    "duration": 4,
    "pid": 16072,
    "index": 65
  },
  {
    "name": "Load Router",
    "start": 1613114368649,
    "end": 1613114368654,
    "duration": 5,
    "pid": 16072,
    "index": 66
  },
  {
    "name": "Require(48) app/router.js",
    "start": 1613114368650,
    "end": 1613114368651,
    "duration": 1,
    "pid": 16072,
    "index": 67
  },
  {
    "name": "Before Start in node_modules/egg-core/lib/egg.js:303:10",
    "start": 1613114368652,
    "end": 1613114368665,
    "duration": 13,
    "pid": 16072,
    "index": 68
  }
]