[
  {
    "name": "Process Start",
    "start": 1613112498965,
    "end": 1613112500249,
    "duration": 1284,
    "pid": 18536,
    "index": 0
  },
  {
    "name": "Application Start",
    "start": 1613112500250,
    "end": 1613112501020,
    "duration": 770,
    "pid": 18536,
    "index": 1
  },
  {
    "name": "Load Plugin",
    "start": 1613112500257,
    "end": 1613112500279,
    "duration": 22,
    "pid": 18536,
    "index": 2
  },
  {
    "name": "Load Config",
    "start": 1613112500279,
    "end": 1613112500338,
    "duration": 59,
    "pid": 18536,
    "index": 3
  },
  {
    "name": "Require(0) config/config.default.js",
    "start": 1613112500280,
    "end": 1613112500280,
    "duration": 0,
    "pid": 18536,
    "index": 4
  },
  {
    "name": "Require(1) node_modules/egg-session/config/config.default.js",
    "start": 1613112500282,
    "end": 1613112500283,
    "duration": 1,
    "pid": 18536,
    "index": 5
  },
  {
    "name": "Require(2) node_modules/egg-security/config/config.default.js",
    "start": 1613112500283,
    "end": 1613112500284,
    "duration": 1,
    "pid": 18536,
    "index": 6
  },
  {
    "name": "Require(3) node_modules/egg-jsonp/config/config.default.js",
    "start": 1613112500285,
    "end": 1613112500285,
    "duration": 0,
    "pid": 18536,
    "index": 7
  },
  {
    "name": "Require(4) node_modules/egg-onerror/config/config.default.js",
    "start": 1613112500286,
    "end": 1613112500287,
    "duration": 1,
    "pid": 18536,
    "index": 8
  },
  {
    "name": "Require(5) node_modules/egg-i18n/config/config.default.js",
    "start": 1613112500287,
    "end": 1613112500288,
    "duration": 1,
    "pid": 18536,
    "index": 9
  },
  {
    "name": "Require(6) node_modules/egg-watcher/config/config.default.js",
    "start": 1613112500288,
    "end": 1613112500289,
    "duration": 1,
    "pid": 18536,
    "index": 10
  },
  {
    "name": "Require(7) node_modules/egg-schedule/config/config.default.js",
    "start": 1613112500290,
    "end": 1613112500292,
    "duration": 2,
    "pid": 18536,
    "index": 11
  },
  {
    "name": "Require(8) node_modules/egg-multipart/config/config.default.js",
    "start": 1613112500294,
    "end": 1613112500294,
    "duration": 0,
    "pid": 18536,
    "index": 12
  },
  {
    "name": "Require(9) node_modules/egg-development/config/config.default.js",
    "start": 1613112500295,
    "end": 1613112500297,
    "duration": 2,
    "pid": 18536,
    "index": 13
  },
  {
    "name": "Require(10) node_modules/egg-logrotator/config/config.default.js",
    "start": 1613112500298,
    "end": 1613112500300,
    "duration": 2,
    "pid": 18536,
    "index": 14
  },
  {
    "name": "Require(11) node_modules/egg-static/config/config.default.js",
    "start": 1613112500303,
    "end": 1613112500308,
    "duration": 5,
    "pid": 18536,
    "index": 15
  },
  {
    "name": "Require(12) node_modules/egg-view/config/config.default.js",
    "start": 1613112500311,
    "end": 1613112500314,
    "duration": 3,
    "pid": 18536,
    "index": 16
  },
  {
    "name": "Require(13) node_modules/egg-mysql/config/config.default.js",
    "start": 1613112500316,
    "end": 1613112500318,
    "duration": 2,
    "pid": 18536,
    "index": 17
  },
  {
    "name": "Require(14) node_modules/egg-cors/config/config.default.js",
    "start": 1613112500320,
    "end": 1613112500323,
    "duration": 3,
    "pid": 18536,
    "index": 18
  },
  {
    "name": "Require(15) node_modules/egg/config/config.default.js",
    "start": 1613112500324,
    "end": 1613112500327,
    "duration": 3,
    "pid": 18536,
    "index": 19
  },
  {
    "name": "Require(16) config/config.default.js",
    "start": 1613112500331,
    "end": 1613112500331,
    "duration": 0,
    "pid": 18536,
    "index": 20
  },
  {
    "name": "Require(17) node_modules/egg-security/config/config.local.js",
    "start": 1613112500332,
    "end": 1613112500333,
    "duration": 1,
    "pid": 18536,
    "index": 21
  },
  {
    "name": "Require(18) node_modules/egg-watcher/config/config.local.js",
    "start": 1613112500334,
    "end": 1613112500334,
    "duration": 0,
    "pid": 18536,
    "index": 22
  },
  {
    "name": "Require(19) node_modules/egg-view/config/config.local.js",
    "start": 1613112500336,
    "end": 1613112500336,
    "duration": 0,
    "pid": 18536,
    "index": 23
  },
  {
    "name": "Require(20) node_modules/egg/config/config.local.js",
    "start": 1613112500337,
    "end": 1613112500338,
    "duration": 1,
    "pid": 18536,
    "index": 24
  },
  {
    "name": "Load extend/application.js",
    "start": 1613112500339,
    "end": 1613112500363,
    "duration": 24,
    "pid": 18536,
    "index": 25
  },
  {
    "name": "Require(21) node_modules/egg-session/app/extend/application.js",
    "start": 1613112500339,
    "end": 1613112500340,
    "duration": 1,
    "pid": 18536,
    "index": 26
  },
  {
    "name": "Require(22) node_modules/egg-security/app/extend/application.js",
    "start": 1613112500340,
    "end": 1613112500342,
    "duration": 2,
    "pid": 18536,
    "index": 27
  },
  {
    "name": "Require(23) node_modules/egg-jsonp/app/extend/application.js",
    "start": 1613112500343,
    "end": 1613112500344,
    "duration": 1,
    "pid": 18536,
    "index": 28
  },
  {
    "name": "Require(24) node_modules/egg-logrotator/app/extend/application.js",
    "start": 1613112500346,
    "end": 1613112500356,
    "duration": 10,
    "pid": 18536,
    "index": 29
  },
  {
    "name": "Require(25) node_modules/egg-view/app/extend/application.js",
    "start": 1613112500357,
    "end": 1613112500359,
    "duration": 2,
    "pid": 18536,
    "index": 30
  },
  {
    "name": "Load extend/request.js",
    "start": 1613112500363,
    "end": 1613112500371,
    "duration": 8,
    "pid": 18536,
    "index": 31
  },
  {
    "name": "Require(26) node_modules/egg/app/extend/request.js",
    "start": 1613112500366,
    "end": 1613112500367,
    "duration": 1,
    "pid": 18536,
    "index": 32
  },
  {
    "name": "Load extend/response.js",
    "start": 1613112500371,
    "end": 1613112500380,
    "duration": 9,
    "pid": 18536,
    "index": 33
  },
  {
    "name": "Require(27) node_modules/egg/app/extend/response.js",
    "start": 1613112500374,
    "end": 1613112500376,
    "duration": 2,
    "pid": 18536,
    "index": 34
  },
  {
    "name": "Load extend/context.js",
    "start": 1613112500380,
    "end": 1613112500474,
    "duration": 94,
    "pid": 18536,
    "index": 35
  },
  {
    "name": "Require(28) node_modules/egg-security/app/extend/context.js",
    "start": 1613112500381,
    "end": 1613112500398,
    "duration": 17,
    "pid": 18536,
    "index": 36
  },
  {
    "name": "Require(29) node_modules/egg-jsonp/app/extend/context.js",
    "start": 1613112500399,
    "end": 1613112500401,
    "duration": 2,
    "pid": 18536,
    "index": 37
  },
  {
    "name": "Require(30) node_modules/egg-i18n/app/extend/context.js",
    "start": 1613112500402,
    "end": 1613112500403,
    "duration": 1,
    "pid": 18536,
    "index": 38
  },
  {
    "name": "Require(31) node_modules/egg-multipart/app/extend/context.js",
    "start": 1613112500404,
    "end": 1613112500464,
    "duration": 60,
    "pid": 18536,
    "index": 39
  },
  {
    "name": "Require(32) node_modules/egg-view/app/extend/context.js",
    "start": 1613112500465,
    "end": 1613112500467,
    "duration": 2,
    "pid": 18536,
    "index": 40
  },
  {
    "name": "Require(33) node_modules/egg/app/extend/context.js",
    "start": 1613112500467,
    "end": 1613112500469,
    "duration": 2,
    "pid": 18536,
    "index": 41
  },
  {
    "name": "Load extend/helper.js",
    "start": 1613112500474,
    "end": 1613112500509,
    "duration": 35,
    "pid": 18536,
    "index": 42
  },
  {
    "name": "Require(34) node_modules/egg-security/app/extend/helper.js",
    "start": 1613112500475,
    "end": 1613112500496,
    "duration": 21,
    "pid": 18536,
    "index": 43
  },
  {
    "name": "Require(35) node_modules/egg/app/extend/helper.js",
    "start": 1613112500504,
    "end": 1613112500504,
    "duration": 0,
    "pid": 18536,
    "index": 44
  },
  {
    "name": "Load app.js",
    "start": 1613112500509,
    "end": 1613112500572,
    "duration": 63,
    "pid": 18536,
    "index": 45
  },
  {
    "name": "Require(36) node_modules/egg-session/app.js",
    "start": 1613112500510,
    "end": 1613112500510,
    "duration": 0,
    "pid": 18536,
    "index": 46
  },
  {
    "name": "Require(37) node_modules/egg-security/app.js",
    "start": 1613112500510,
    "end": 1613112500512,
    "duration": 2,
    "pid": 18536,
    "index": 47
  },
  {
    "name": "Require(38) node_modules/egg-onerror/app.js",
    "start": 1613112500513,
    "end": 1613112500523,
    "duration": 10,
    "pid": 18536,
    "index": 48
  },
  {
    "name": "Require(39) node_modules/egg-i18n/app.js",
    "start": 1613112500524,
    "end": 1613112500533,
    "duration": 9,
    "pid": 18536,
    "index": 49
  },
  {
    "name": "Require(40) node_modules/egg-watcher/app.js",
    "start": 1613112500534,
    "end": 1613112500539,
    "duration": 5,
    "pid": 18536,
    "index": 50
  },
  {
    "name": "Require(41) node_modules/egg-schedule/app.js",
    "start": 1613112500539,
    "end": 1613112500541,
    "duration": 2,
    "pid": 18536,
    "index": 51
  },
  {
    "name": "Require(42) node_modules/egg-multipart/app.js",
    "start": 1613112500541,
    "end": 1613112500542,
    "duration": 1,
    "pid": 18536,
    "index": 52
  },
  {
    "name": "Require(43) node_modules/egg-development/app.js",
    "start": 1613112500543,
    "end": 1613112500543,
    "duration": 0,
    "pid": 18536,
    "index": 53
  },
  {
    "name": "Require(44) node_modules/egg-logrotator/app.js",
    "start": 1613112500544,
    "end": 1613112500544,
    "duration": 0,
    "pid": 18536,
    "index": 54
  },
  {
    "name": "Require(45) node_modules/egg-static/app.js",
    "start": 1613112500544,
    "end": 1613112500544,
    "duration": 0,
    "pid": 18536,
    "index": 55
  },
  {
    "name": "Require(46) node_modules/egg-mysql/app.js",
    "start": 1613112500545,
    "end": 1613112500561,
    "duration": 16,
    "pid": 18536,
    "index": 56
  },
  {
    "name": "Require(47) node_modules/egg-cors/app.js",
    "start": 1613112500561,
    "end": 1613112500566,
    "duration": 5,
    "pid": 18536,
    "index": 57
  },
  {
    "name": "Before Start in node_modules/egg-watcher/lib/init.js:15:14",
    "start": 1613112500584,
    "end": 1613112500876,
    "duration": 292,
    "pid": 18536,
    "index": 58
  },
  {
    "name": "Before Start in node_modules/egg-mysql/lib/mysql.js:20:7",
    "start": 1613112500684,
    "end": 1613112501020,
    "duration": 336,
    "pid": 18536,
    "index": 59
  },
  {
    "name": "Load Service",
    "start": 1613112500684,
    "end": 1613112500690,
    "duration": 6,
    "pid": 18536,
    "index": 60
  },
  {
    "name": "Load \"service\" to Context",
    "start": 1613112500684,
    "end": 1613112500690,
    "duration": 6,
    "pid": 18536,
    "index": 61
  },
  {
    "name": "Load Middleware",
    "start": 1613112500690,
    "end": 1613112500845,
    "duration": 155,
    "pid": 18536,
    "index": 62
  },
  {
    "name": "Load \"middlewares\" to Application",
    "start": 1613112500690,
    "end": 1613112500830,
    "duration": 140,
    "pid": 18536,
    "index": 63
  },
  {
    "name": "Load Controller",
    "start": 1613112500845,
    "end": 1613112500849,
    "duration": 4,
    "pid": 18536,
    "index": 64
  },
  {
    "name": "Load \"controller\" to Application",
    "start": 1613112500845,
    "end": 1613112500849,
    "duration": 4,
    "pid": 18536,
    "index": 65
  },
  {
    "name": "Load Router",
    "start": 1613112500849,
    "end": 1613112500854,
    "duration": 5,
    "pid": 18536,
    "index": 66
  },
  {
    "name": "Require(48) app/router.js",
    "start": 1613112500850,
    "end": 1613112500850,
    "duration": 0,
    "pid": 18536,
    "index": 67
  },
  {
    "name": "Before Start in node_modules/egg-core/lib/egg.js:303:10",
    "start": 1613112500851,
    "end": 1613112500867,
    "duration": 16,
    "pid": 18536,
    "index": 68
  }
]