[
  {
    "name": "Process Start",
    "start": 1613111893677,
    "end": 1613111894877,
    "duration": 1200,
    "pid": 15004,
    "index": 0
  },
  {
    "name": "Application Start",
    "start": 1613111894877,
    "end": 1613111895624,
    "duration": 747,
    "pid": 15004,
    "index": 1
  },
  {
    "name": "Load Plugin",
    "start": 1613111894883,
    "end": 1613111894904,
    "duration": 21,
    "pid": 15004,
    "index": 2
  },
  {
    "name": "Load Config",
    "start": 1613111894904,
    "end": 1613111894931,
    "duration": 27,
    "pid": 15004,
    "index": 3
  },
  {
    "name": "Require(0) config/config.default.js",
    "start": 1613111894905,
    "end": 1613111894905,
    "duration": 0,
    "pid": 15004,
    "index": 4
  },
  {
    "name": "Require(1) node_modules/egg-session/config/config.default.js",
    "start": 1613111894907,
    "end": 1613111894907,
    "duration": 0,
    "pid": 15004,
    "index": 5
  },
  {
    "name": "Require(2) node_modules/egg-security/config/config.default.js",
    "start": 1613111894908,
    "end": 1613111894908,
    "duration": 0,
    "pid": 15004,
    "index": 6
  },
  {
    "name": "Require(3) node_modules/egg-jsonp/config/config.default.js",
    "start": 1613111894909,
    "end": 1613111894910,
    "duration": 1,
    "pid": 15004,
    "index": 7
  },
  {
    "name": "Require(4) node_modules/egg-onerror/config/config.default.js",
    "start": 1613111894910,
    "end": 1613111894911,
    "duration": 1,
    "pid": 15004,
    "index": 8
  },
  {
    "name": "Require(5) node_modules/egg-i18n/config/config.default.js",
    "start": 1613111894911,
    "end": 1613111894912,
    "duration": 1,
    "pid": 15004,
    "index": 9
  },
  {
    "name": "Require(6) node_modules/egg-watcher/config/config.default.js",
    "start": 1613111894912,
    "end": 1613111894913,
    "duration": 1,
    "pid": 15004,
    "index": 10
  },
  {
    "name": "Require(7) node_modules/egg-schedule/config/config.default.js",
    "start": 1613111894914,
    "end": 1613111894915,
    "duration": 1,
    "pid": 15004,
    "index": 11
  },
  {
    "name": "Require(8) node_modules/egg-multipart/config/config.default.js",
    "start": 1613111894915,
    "end": 1613111894916,
    "duration": 1,
    "pid": 15004,
    "index": 12
  },
  {
    "name": "Require(9) node_modules/egg-development/config/config.default.js",
    "start": 1613111894916,
    "end": 1613111894917,
    "duration": 1,
    "pid": 15004,
    "index": 13
  },
  {
    "name": "Require(10) node_modules/egg-logrotator/config/config.default.js",
    "start": 1613111894917,
    "end": 1613111894918,
    "duration": 1,
    "pid": 15004,
    "index": 14
  },
  {
    "name": "Require(11) node_modules/egg-static/config/config.default.js",
    "start": 1613111894918,
    "end": 1613111894919,
    "duration": 1,
    "pid": 15004,
    "index": 15
  },
  {
    "name": "Require(12) node_modules/egg-view/config/config.default.js",
    "start": 1613111894919,
    "end": 1613111894920,
    "duration": 1,
    "pid": 15004,
    "index": 16
  },
  {
    "name": "Require(13) node_modules/egg-mysql/config/config.default.js",
    "start": 1613111894920,
    "end": 1613111894921,
    "duration": 1,
    "pid": 15004,
    "index": 17
  },
  {
    "name": "Require(14) node_modules/egg-cors/config/config.default.js",
    "start": 1613111894921,
    "end": 1613111894922,
    "duration": 1,
    "pid": 15004,
    "index": 18
  },
  {
    "name": "Require(15) node_modules/egg/config/config.default.js",
    "start": 1613111894922,
    "end": 1613111894923,
    "duration": 1,
    "pid": 15004,
    "index": 19
  },
  {
    "name": "Require(16) config/config.default.js",
    "start": 1613111894925,
    "end": 1613111894925,
    "duration": 0,
    "pid": 15004,
    "index": 20
  },
  {
    "name": "Require(17) node_modules/egg-security/config/config.local.js",
    "start": 1613111894926,
    "end": 1613111894926,
    "duration": 0,
    "pid": 15004,
    "index": 21
  },
  {
    "name": "Require(18) node_modules/egg-watcher/config/config.local.js",
    "start": 1613111894927,
    "end": 1613111894927,
    "duration": 0,
    "pid": 15004,
    "index": 22
  },
  {
    "name": "Require(19) node_modules/egg-view/config/config.local.js",
    "start": 1613111894929,
    "end": 1613111894929,
    "duration": 0,
    "pid": 15004,
    "index": 23
  },
  {
    "name": "Require(20) node_modules/egg/config/config.local.js",
    "start": 1613111894930,
    "end": 1613111894931,
    "duration": 1,
    "pid": 15004,
    "index": 24
  },
  {
    "name": "Load extend/application.js",
    "start": 1613111894932,
    "end": 1613111894956,
    "duration": 24,
    "pid": 15004,
    "index": 25
  },
  {
    "name": "Require(21) node_modules/egg-session/app/extend/application.js",
    "start": 1613111894933,
    "end": 1613111894933,
    "duration": 0,
    "pid": 15004,
    "index": 26
  },
  {
    "name": "Require(22) node_modules/egg-security/app/extend/application.js",
    "start": 1613111894933,
    "end": 1613111894935,
    "duration": 2,
    "pid": 15004,
    "index": 27
  },
  {
    "name": "Require(23) node_modules/egg-jsonp/app/extend/application.js",
    "start": 1613111894936,
    "end": 1613111894937,
    "duration": 1,
    "pid": 15004,
    "index": 28
  },
  {
    "name": "Require(24) node_modules/egg-logrotator/app/extend/application.js",
    "start": 1613111894939,
    "end": 1613111894948,
    "duration": 9,
    "pid": 15004,
    "index": 29
  },
  {
    "name": "Require(25) node_modules/egg-view/app/extend/application.js",
    "start": 1613111894949,
    "end": 1613111894951,
    "duration": 2,
    "pid": 15004,
    "index": 30
  },
  {
    "name": "Load extend/request.js",
    "start": 1613111894956,
    "end": 1613111894965,
    "duration": 9,
    "pid": 15004,
    "index": 31
  },
  {
    "name": "Require(26) node_modules/egg/app/extend/request.js",
    "start": 1613111894960,
    "end": 1613111894962,
    "duration": 2,
    "pid": 15004,
    "index": 32
  },
  {
    "name": "Load extend/response.js",
    "start": 1613111894965,
    "end": 1613111894975,
    "duration": 10,
    "pid": 15004,
    "index": 33
  },
  {
    "name": "Require(27) node_modules/egg/app/extend/response.js",
    "start": 1613111894969,
    "end": 1613111894971,
    "duration": 2,
    "pid": 15004,
    "index": 34
  },
  {
    "name": "Load extend/context.js",
    "start": 1613111894975,
    "end": 1613111895085,
    "duration": 110,
    "pid": 15004,
    "index": 35
  },
  {
    "name": "Require(28) node_modules/egg-security/app/extend/context.js",
    "start": 1613111894976,
    "end": 1613111894992,
    "duration": 16,
    "pid": 15004,
    "index": 36
  },
  {
    "name": "Require(29) node_modules/egg-jsonp/app/extend/context.js",
    "start": 1613111894992,
    "end": 1613111894994,
    "duration": 2,
    "pid": 15004,
    "index": 37
  },
  {
    "name": "Require(30) node_modules/egg-i18n/app/extend/context.js",
    "start": 1613111894995,
    "end": 1613111894996,
    "duration": 1,
    "pid": 15004,
    "index": 38
  },
  {
    "name": "Require(31) node_modules/egg-multipart/app/extend/context.js",
    "start": 1613111894997,
    "end": 1613111895078,
    "duration": 81,
    "pid": 15004,
    "index": 39
  },
  {
    "name": "Require(32) node_modules/egg-view/app/extend/context.js",
    "start": 1613111895079,
    "end": 1613111895080,
    "duration": 1,
    "pid": 15004,
    "index": 40
  },
  {
    "name": "Require(33) node_modules/egg/app/extend/context.js",
    "start": 1613111895080,
    "end": 1613111895081,
    "duration": 1,
    "pid": 15004,
    "index": 41
  },
  {
    "name": "Load extend/helper.js",
    "start": 1613111895085,
    "end": 1613111895111,
    "duration": 26,
    "pid": 15004,
    "index": 42
  },
  {
    "name": "Require(34) node_modules/egg-security/app/extend/helper.js",
    "start": 1613111895086,
    "end": 1613111895102,
    "duration": 16,
    "pid": 15004,
    "index": 43
  },
  {
    "name": "Require(35) node_modules/egg/app/extend/helper.js",
    "start": 1613111895107,
    "end": 1613111895107,
    "duration": 0,
    "pid": 15004,
    "index": 44
  },
  {
    "name": "Load app.js",
    "start": 1613111895111,
    "end": 1613111895161,
    "duration": 50,
    "pid": 15004,
    "index": 45
  },
  {
    "name": "Require(36) node_modules/egg-session/app.js",
    "start": 1613111895111,
    "end": 1613111895112,
    "duration": 1,
    "pid": 15004,
    "index": 46
  },
  {
    "name": "Require(37) node_modules/egg-security/app.js",
    "start": 1613111895112,
    "end": 1613111895114,
    "duration": 2,
    "pid": 15004,
    "index": 47
  },
  {
    "name": "Require(38) node_modules/egg-onerror/app.js",
    "start": 1613111895114,
    "end": 1613111895127,
    "duration": 13,
    "pid": 15004,
    "index": 48
  },
  {
    "name": "Require(39) node_modules/egg-i18n/app.js",
    "start": 1613111895128,
    "end": 1613111895136,
    "duration": 8,
    "pid": 15004,
    "index": 49
  },
  {
    "name": "Require(40) node_modules/egg-watcher/app.js",
    "start": 1613111895137,
    "end": 1613111895141,
    "duration": 4,
    "pid": 15004,
    "index": 50
  },
  {
    "name": "Require(41) node_modules/egg-schedule/app.js",
    "start": 1613111895141,
    "end": 1613111895143,
    "duration": 2,
    "pid": 15004,
    "index": 51
  },
  {
    "name": "Require(42) node_modules/egg-multipart/app.js",
    "start": 1613111895143,
    "end": 1613111895144,
    "duration": 1,
    "pid": 15004,
    "index": 52
  },
  {
    "name": "Require(43) node_modules/egg-development/app.js",
    "start": 1613111895144,
    "end": 1613111895144,
    "duration": 0,
    "pid": 15004,
    "index": 53
  },
  {
    "name": "Require(44) node_modules/egg-logrotator/app.js",
    "start": 1613111895145,
    "end": 1613111895145,
    "duration": 0,
    "pid": 15004,
    "index": 54
  },
  {
    "name": "Require(45) node_modules/egg-static/app.js",
    "start": 1613111895145,
    "end": 1613111895146,
    "duration": 1,
    "pid": 15004,
    "index": 55
  },
  {
    "name": "Require(46) node_modules/egg-mysql/app.js",
    "start": 1613111895146,
    "end": 1613111895159,
    "duration": 13,
    "pid": 15004,
    "index": 56
  },
  {
    "name": "Require(47) node_modules/egg-cors/app.js",
    "start": 1613111895160,
    "end": 1613111895160,
    "duration": 0,
    "pid": 15004,
    "index": 57
  },
  {
    "name": "Before Start in node_modules/egg-watcher/lib/init.js:15:14",
    "start": 1613111895173,
    "end": 1613111895475,
    "duration": 302,
    "pid": 15004,
    "index": 58
  },
  {
    "name": "Before Start in node_modules/egg-mysql/lib/mysql.js:20:7",
    "start": 1613111895273,
    "end": 1613111895623,
    "duration": 350,
    "pid": 15004,
    "index": 59
  },
  {
    "name": "Load Service",
    "start": 1613111895273,
    "end": 1613111895280,
    "duration": 7,
    "pid": 15004,
    "index": 60
  },
  {
    "name": "Load \"service\" to Context",
    "start": 1613111895273,
    "end": 1613111895280,
    "duration": 7,
    "pid": 15004,
    "index": 61
  },
  {
    "name": "Load Middleware",
    "start": 1613111895281,
    "end": 1613111895445,
    "duration": 164,
    "pid": 15004,
    "index": 62
  },
  {
    "name": "Load \"middlewares\" to Application",
    "start": 1613111895281,
    "end": 1613111895429,
    "duration": 148,
    "pid": 15004,
    "index": 63
  },
  {
    "name": "Load Controller",
    "start": 1613111895445,
    "end": 1613111895449,
    "duration": 4,
    "pid": 15004,
    "index": 64
  },
  {
    "name": "Load \"controller\" to Application",
    "start": 1613111895445,
    "end": 1613111895449,
    "duration": 4,
    "pid": 15004,
    "index": 65
  },
  {
    "name": "Load Router",
    "start": 1613111895449,
    "end": 1613111895453,
    "duration": 4,
    "pid": 15004,
    "index": 66
  },
  {
    "name": "Require(48) app/router.js",
    "start": 1613111895450,
    "end": 1613111895450,
    "duration": 0,
    "pid": 15004,
    "index": 67
  },
  {
    "name": "Before Start in node_modules/egg-core/lib/egg.js:303:10",
    "start": 1613111895451,
    "end": 1613111895466,
    "duration": 15,
    "pid": 15004,
    "index": 68
  }
]