[
  {
    "name": "Process Start",
    "start": 1613114681740,
    "end": 1613114683193,
    "duration": 1453,
    "pid": 5360,
    "index": 0
  },
  {
    "name": "Application Start",
    "start": 1613114683193,
    "end": 1613114684177,
    "duration": 984,
    "pid": 5360,
    "index": 1
  },
  {
    "name": "Load Plugin",
    "start": 1613114683200,
    "end": 1613114683225,
    "duration": 25,
    "pid": 5360,
    "index": 2
  },
  {
    "name": "Load Config",
    "start": 1613114683226,
    "end": 1613114683265,
    "duration": 39,
    "pid": 5360,
    "index": 3
  },
  {
    "name": "Require(0) config/config.default.js",
    "start": 1613114683227,
    "end": 1613114683227,
    "duration": 0,
    "pid": 5360,
    "index": 4
  },
  {
    "name": "Require(1) node_modules/egg-session/config/config.default.js",
    "start": 1613114683229,
    "end": 1613114683233,
    "duration": 4,
    "pid": 5360,
    "index": 5
  },
  {
    "name": "Require(2) node_modules/egg-security/config/config.default.js",
    "start": 1613114683236,
    "end": 1613114683239,
    "duration": 3,
    "pid": 5360,
    "index": 6
  },
  {
    "name": "Require(3) node_modules/egg-jsonp/config/config.default.js",
    "start": 1613114683240,
    "end": 1613114683241,
    "duration": 1,
    "pid": 5360,
    "index": 7
  },
  {
    "name": "Require(4) node_modules/egg-onerror/config/config.default.js",
    "start": 1613114683241,
    "end": 1613114683242,
    "duration": 1,
    "pid": 5360,
    "index": 8
  },
  {
    "name": "Require(5) node_modules/egg-i18n/config/config.default.js",
    "start": 1613114683242,
    "end": 1613114683243,
    "duration": 1,
    "pid": 5360,
    "index": 9
  },
  {
    "name": "Require(6) node_modules/egg-watcher/config/config.default.js",
    "start": 1613114683244,
    "end": 1613114683244,
    "duration": 0,
    "pid": 5360,
    "index": 10
  },
  {
    "name": "Require(7) node_modules/egg-schedule/config/config.default.js",
    "start": 1613114683245,
    "end": 1613114683245,
    "duration": 0,
    "pid": 5360,
    "index": 11
  },
  {
    "name": "Require(8) node_modules/egg-multipart/config/config.default.js",
    "start": 1613114683246,
    "end": 1613114683246,
    "duration": 0,
    "pid": 5360,
    "index": 12
  },
  {
    "name": "Require(9) node_modules/egg-development/config/config.default.js",
    "start": 1613114683247,
    "end": 1613114683247,
    "duration": 0,
    "pid": 5360,
    "index": 13
  },
  {
    "name": "Require(10) node_modules/egg-logrotator/config/config.default.js",
    "start": 1613114683248,
    "end": 1613114683248,
    "duration": 0,
    "pid": 5360,
    "index": 14
  },
  {
    "name": "Require(11) node_modules/egg-static/config/config.default.js",
    "start": 1613114683249,
    "end": 1613114683250,
    "duration": 1,
    "pid": 5360,
    "index": 15
  },
  {
    "name": "Require(12) node_modules/egg-view/config/config.default.js",
    "start": 1613114683250,
    "end": 1613114683252,
    "duration": 2,
    "pid": 5360,
    "index": 16
  },
  {
    "name": "Require(13) node_modules/egg-mysql/config/config.default.js",
    "start": 1613114683253,
    "end": 1613114683255,
    "duration": 2,
    "pid": 5360,
    "index": 17
  },
  {
    "name": "Require(14) node_modules/egg-cors/config/config.default.js",
    "start": 1613114683256,
    "end": 1613114683256,
    "duration": 0,
    "pid": 5360,
    "index": 18
  },
  {
    "name": "Require(15) node_modules/egg/config/config.default.js",
    "start": 1613114683257,
    "end": 1613114683257,
    "duration": 0,
    "pid": 5360,
    "index": 19
  },
  {
    "name": "Require(16) config/config.default.js",
    "start": 1613114683259,
    "end": 1613114683259,
    "duration": 0,
    "pid": 5360,
    "index": 20
  },
  {
    "name": "Require(17) node_modules/egg-security/config/config.local.js",
    "start": 1613114683259,
    "end": 1613114683260,
    "duration": 1,
    "pid": 5360,
    "index": 21
  },
  {
    "name": "Require(18) node_modules/egg-watcher/config/config.local.js",
    "start": 1613114683261,
    "end": 1613114683262,
    "duration": 1,
    "pid": 5360,
    "index": 22
  },
  {
    "name": "Require(19) node_modules/egg-view/config/config.local.js",
    "start": 1613114683263,
    "end": 1613114683264,
    "duration": 1,
    "pid": 5360,
    "index": 23
  },
  {
    "name": "Require(20) node_modules/egg/config/config.local.js",
    "start": 1613114683265,
    "end": 1613114683265,
    "duration": 0,
    "pid": 5360,
    "index": 24
  },
  {
    "name": "Load extend/application.js",
    "start": 1613114683266,
    "end": 1613114683296,
    "duration": 30,
    "pid": 5360,
    "index": 25
  },
  {
    "name": "Require(21) node_modules/egg-session/app/extend/application.js",
    "start": 1613114683268,
    "end": 1613114683269,
    "duration": 1,
    "pid": 5360,
    "index": 26
  },
  {
    "name": "Require(22) node_modules/egg-security/app/extend/application.js",
    "start": 1613114683270,
    "end": 1613114683272,
    "duration": 2,
    "pid": 5360,
    "index": 27
  },
  {
    "name": "Require(23) node_modules/egg-jsonp/app/extend/application.js",
    "start": 1613114683272,
    "end": 1613114683274,
    "duration": 2,
    "pid": 5360,
    "index": 28
  },
  {
    "name": "Require(24) node_modules/egg-logrotator/app/extend/application.js",
    "start": 1613114683278,
    "end": 1613114683288,
    "duration": 10,
    "pid": 5360,
    "index": 29
  },
  {
    "name": "Require(25) node_modules/egg-view/app/extend/application.js",
    "start": 1613114683290,
    "end": 1613114683292,
    "duration": 2,
    "pid": 5360,
    "index": 30
  },
  {
    "name": "Load extend/request.js",
    "start": 1613114683296,
    "end": 1613114683310,
    "duration": 14,
    "pid": 5360,
    "index": 31
  },
  {
    "name": "Require(26) node_modules/egg/app/extend/request.js",
    "start": 1613114683301,
    "end": 1613114683302,
    "duration": 1,
    "pid": 5360,
    "index": 32
  },
  {
    "name": "Load extend/response.js",
    "start": 1613114683310,
    "end": 1613114683323,
    "duration": 13,
    "pid": 5360,
    "index": 33
  },
  {
    "name": "Require(27) node_modules/egg/app/extend/response.js",
    "start": 1613114683313,
    "end": 1613114683315,
    "duration": 2,
    "pid": 5360,
    "index": 34
  },
  {
    "name": "Load extend/context.js",
    "start": 1613114683323,
    "end": 1613114683544,
    "duration": 221,
    "pid": 5360,
    "index": 35
  },
  {
    "name": "Require(28) node_modules/egg-security/app/extend/context.js",
    "start": 1613114683324,
    "end": 1613114683363,
    "duration": 39,
    "pid": 5360,
    "index": 36
  },
  {
    "name": "Require(29) node_modules/egg-jsonp/app/extend/context.js",
    "start": 1613114683364,
    "end": 1613114683377,
    "duration": 13,
    "pid": 5360,
    "index": 37
  },
  {
    "name": "Require(30) node_modules/egg-i18n/app/extend/context.js",
    "start": 1613114683379,
    "end": 1613114683380,
    "duration": 1,
    "pid": 5360,
    "index": 38
  },
  {
    "name": "Require(31) node_modules/egg-multipart/app/extend/context.js",
    "start": 1613114683381,
    "end": 1613114683534,
    "duration": 153,
    "pid": 5360,
    "index": 39
  },
  {
    "name": "Require(32) node_modules/egg-view/app/extend/context.js",
    "start": 1613114683536,
    "end": 1613114683538,
    "duration": 2,
    "pid": 5360,
    "index": 40
  },
  {
    "name": "Require(33) node_modules/egg/app/extend/context.js",
    "start": 1613114683539,
    "end": 1613114683540,
    "duration": 1,
    "pid": 5360,
    "index": 41
  },
  {
    "name": "Load extend/helper.js",
    "start": 1613114683544,
    "end": 1613114683579,
    "duration": 35,
    "pid": 5360,
    "index": 42
  },
  {
    "name": "Require(34) node_modules/egg-security/app/extend/helper.js",
    "start": 1613114683545,
    "end": 1613114683564,
    "duration": 19,
    "pid": 5360,
    "index": 43
  },
  {
    "name": "Require(35) node_modules/egg/app/extend/helper.js",
    "start": 1613114683572,
    "end": 1613114683573,
    "duration": 1,
    "pid": 5360,
    "index": 44
  },
  {
    "name": "Load app.js",
    "start": 1613114683579,
    "end": 1613114683644,
    "duration": 65,
    "pid": 5360,
    "index": 45
  },
  {
    "name": "Require(36) node_modules/egg-session/app.js",
    "start": 1613114683579,
    "end": 1613114683580,
    "duration": 1,
    "pid": 5360,
    "index": 46
  },
  {
    "name": "Require(37) node_modules/egg-security/app.js",
    "start": 1613114683580,
    "end": 1613114683581,
    "duration": 1,
    "pid": 5360,
    "index": 47
  },
  {
    "name": "Require(38) node_modules/egg-onerror/app.js",
    "start": 1613114683582,
    "end": 1613114683600,
    "duration": 18,
    "pid": 5360,
    "index": 48
  },
  {
    "name": "Require(39) node_modules/egg-i18n/app.js",
    "start": 1613114683601,
    "end": 1613114683613,
    "duration": 12,
    "pid": 5360,
    "index": 49
  },
  {
    "name": "Require(40) node_modules/egg-watcher/app.js",
    "start": 1613114683614,
    "end": 1613114683618,
    "duration": 4,
    "pid": 5360,
    "index": 50
  },
  {
    "name": "Require(41) node_modules/egg-schedule/app.js",
    "start": 1613114683619,
    "end": 1613114683620,
    "duration": 1,
    "pid": 5360,
    "index": 51
  },
  {
    "name": "Require(42) node_modules/egg-multipart/app.js",
    "start": 1613114683621,
    "end": 1613114683622,
    "duration": 1,
    "pid": 5360,
    "index": 52
  },
  {
    "name": "Require(43) node_modules/egg-development/app.js",
    "start": 1613114683623,
    "end": 1613114683623,
    "duration": 0,
    "pid": 5360,
    "index": 53
  },
  {
    "name": "Require(44) node_modules/egg-logrotator/app.js",
    "start": 1613114683623,
    "end": 1613114683624,
    "duration": 1,
    "pid": 5360,
    "index": 54
  },
  {
    "name": "Require(45) node_modules/egg-static/app.js",
    "start": 1613114683624,
    "end": 1613114683624,
    "duration": 0,
    "pid": 5360,
    "index": 55
  },
  {
    "name": "Require(46) node_modules/egg-mysql/app.js",
    "start": 1613114683625,
    "end": 1613114683642,
    "duration": 17,
    "pid": 5360,
    "index": 56
  },
  {
    "name": "Require(47) node_modules/egg-cors/app.js",
    "start": 1613114683643,
    "end": 1613114683643,
    "duration": 0,
    "pid": 5360,
    "index": 57
  },
  {
    "name": "Before Start in node_modules/egg-watcher/lib/init.js:15:14",
    "start": 1613114683654,
    "end": 1613114684040,
    "duration": 386,
    "pid": 5360,
    "index": 58
  },
  {
    "name": "Before Start in node_modules/egg-mysql/lib/mysql.js:20:7",
    "start": 1613114683808,
    "end": 1613114684177,
    "duration": 369,
    "pid": 5360,
    "index": 59
  },
  {
    "name": "Load Service",
    "start": 1613114683808,
    "end": 1613114683814,
    "duration": 6,
    "pid": 5360,
    "index": 60
  },
  {
    "name": "Load \"service\" to Context",
    "start": 1613114683808,
    "end": 1613114683814,
    "duration": 6,
    "pid": 5360,
    "index": 61
  },
  {
    "name": "Load Middleware",
    "start": 1613114683814,
    "end": 1613114684001,
    "duration": 187,
    "pid": 5360,
    "index": 62
  },
  {
    "name": "Load \"middlewares\" to Application",
    "start": 1613114683814,
    "end": 1613114683983,
    "duration": 169,
    "pid": 5360,
    "index": 63
  },
  {
    "name": "Load Controller",
    "start": 1613114684001,
    "end": 1613114684008,
    "duration": 7,
    "pid": 5360,
    "index": 64
  },
  {
    "name": "Load \"controller\" to Application",
    "start": 1613114684002,
    "end": 1613114684008,
    "duration": 6,
    "pid": 5360,
    "index": 65
  },
  {
    "name": "Load Router",
    "start": 1613114684009,
    "end": 1613114684014,
    "duration": 5,
    "pid": 5360,
    "index": 66
  },
  {
    "name": "Require(48) app/router.js",
    "start": 1613114684009,
    "end": 1613114684009,
    "duration": 0,
    "pid": 5360,
    "index": 67
  },
  {
    "name": "Before Start in node_modules/egg-core/lib/egg.js:303:10",
    "start": 1613114684011,
    "end": 1613114684030,
    "duration": 19,
    "pid": 5360,
    "index": 68
  }
]