[
  {
    "name": "Process Start",
    "start": 1613114536564,
    "end": 1613114537842,
    "duration": 1278,
    "pid": 16656,
    "index": 0
  },
  {
    "name": "Application Start",
    "start": 1613114537842,
    "end": 1613114538687,
    "duration": 845,
    "pid": 16656,
    "index": 1
  },
  {
    "name": "Load Plugin",
    "start": 1613114537849,
    "end": 1613114537871,
    "duration": 22,
    "pid": 16656,
    "index": 2
  },
  {
    "name": "Load Config",
    "start": 1613114537871,
    "end": 1613114537910,
    "duration": 39,
    "pid": 16656,
    "index": 3
  },
  {
    "name": "Require(0) config/config.default.js",
    "start": 1613114537872,
    "end": 1613114537873,
    "duration": 1,
    "pid": 16656,
    "index": 4
  },
  {
    "name": "Require(1) node_modules/egg-session/config/config.default.js",
    "start": 1613114537875,
    "end": 1613114537876,
    "duration": 1,
    "pid": 16656,
    "index": 5
  },
  {
    "name": "Require(2) node_modules/egg-security/config/config.default.js",
    "start": 1613114537877,
    "end": 1613114537878,
    "duration": 1,
    "pid": 16656,
    "index": 6
  },
  {
    "name": "Require(3) node_modules/egg-jsonp/config/config.default.js",
    "start": 1613114537879,
    "end": 1613114537880,
    "duration": 1,
    "pid": 16656,
    "index": 7
  },
  {
    "name": "Require(4) node_modules/egg-onerror/config/config.default.js",
    "start": 1613114537880,
    "end": 1613114537881,
    "duration": 1,
    "pid": 16656,
    "index": 8
  },
  {
    "name": "Require(5) node_modules/egg-i18n/config/config.default.js",
    "start": 1613114537881,
    "end": 1613114537882,
    "duration": 1,
    "pid": 16656,
    "index": 9
  },
  {
    "name": "Require(6) node_modules/egg-watcher/config/config.default.js",
    "start": 1613114537883,
    "end": 1613114537884,
    "duration": 1,
    "pid": 16656,
    "index": 10
  },
  {
    "name": "Require(7) node_modules/egg-schedule/config/config.default.js",
    "start": 1613114537885,
    "end": 1613114537886,
    "duration": 1,
    "pid": 16656,
    "index": 11
  },
  {
    "name": "Require(8) node_modules/egg-multipart/config/config.default.js",
    "start": 1613114537887,
    "end": 1613114537888,
    "duration": 1,
    "pid": 16656,
    "index": 12
  },
  {
    "name": "Require(9) node_modules/egg-development/config/config.default.js",
    "start": 1613114537889,
    "end": 1613114537889,
    "duration": 0,
    "pid": 16656,
    "index": 13
  },
  {
    "name": "Require(10) node_modules/egg-logrotator/config/config.default.js",
    "start": 1613114537890,
    "end": 1613114537891,
    "duration": 1,
    "pid": 16656,
    "index": 14
  },
  {
    "name": "Require(11) node_modules/egg-static/config/config.default.js",
    "start": 1613114537892,
    "end": 1613114537893,
    "duration": 1,
    "pid": 16656,
    "index": 15
  },
  {
    "name": "Require(12) node_modules/egg-view/config/config.default.js",
    "start": 1613114537894,
    "end": 1613114537895,
    "duration": 1,
    "pid": 16656,
    "index": 16
  },
  {
    "name": "Require(13) node_modules/egg-mysql/config/config.default.js",
    "start": 1613114537895,
    "end": 1613114537896,
    "duration": 1,
    "pid": 16656,
    "index": 17
  },
  {
    "name": "Require(14) node_modules/egg-cors/config/config.default.js",
    "start": 1613114537896,
    "end": 1613114537897,
    "duration": 1,
    "pid": 16656,
    "index": 18
  },
  {
    "name": "Require(15) node_modules/egg/config/config.default.js",
    "start": 1613114537898,
    "end": 1613114537898,
    "duration": 0,
    "pid": 16656,
    "index": 19
  },
  {
    "name": "Require(16) config/config.default.js",
    "start": 1613114537902,
    "end": 1613114537902,
    "duration": 0,
    "pid": 16656,
    "index": 20
  },
  {
    "name": "Require(17) node_modules/egg-security/config/config.local.js",
    "start": 1613114537903,
    "end": 1613114537904,
    "duration": 1,
    "pid": 16656,
    "index": 21
  },
  {
    "name": "Require(18) node_modules/egg-watcher/config/config.local.js",
    "start": 1613114537906,
    "end": 1613114537906,
    "duration": 0,
    "pid": 16656,
    "index": 22
  },
  {
    "name": "Require(19) node_modules/egg-view/config/config.local.js",
    "start": 1613114537908,
    "end": 1613114537909,
    "duration": 1,
    "pid": 16656,
    "index": 23
  },
  {
    "name": "Require(20) node_modules/egg/config/config.local.js",
    "start": 1613114537910,
    "end": 1613114537910,
    "duration": 0,
    "pid": 16656,
    "index": 24
  },
  {
    "name": "Load extend/application.js",
    "start": 1613114537912,
    "end": 1613114537952,
    "duration": 40,
    "pid": 16656,
    "index": 25
  },
  {
    "name": "Require(21) node_modules/egg-session/app/extend/application.js",
    "start": 1613114537913,
    "end": 1613114537915,
    "duration": 2,
    "pid": 16656,
    "index": 26
  },
  {
    "name": "Require(22) node_modules/egg-security/app/extend/application.js",
    "start": 1613114537916,
    "end": 1613114537921,
    "duration": 5,
    "pid": 16656,
    "index": 27
  },
  {
    "name": "Require(23) node_modules/egg-jsonp/app/extend/application.js",
    "start": 1613114537921,
    "end": 1613114537924,
    "duration": 3,
    "pid": 16656,
    "index": 28
  },
  {
    "name": "Require(24) node_modules/egg-logrotator/app/extend/application.js",
    "start": 1613114537928,
    "end": 1613114537943,
    "duration": 15,
    "pid": 16656,
    "index": 29
  },
  {
    "name": "Require(25) node_modules/egg-view/app/extend/application.js",
    "start": 1613114537944,
    "end": 1613114537946,
    "duration": 2,
    "pid": 16656,
    "index": 30
  },
  {
    "name": "Load extend/request.js",
    "start": 1613114537952,
    "end": 1613114537962,
    "duration": 10,
    "pid": 16656,
    "index": 31
  },
  {
    "name": "Require(26) node_modules/egg/app/extend/request.js",
    "start": 1613114537957,
    "end": 1613114537959,
    "duration": 2,
    "pid": 16656,
    "index": 32
  },
  {
    "name": "Load extend/response.js",
    "start": 1613114537962,
    "end": 1613114537977,
    "duration": 15,
    "pid": 16656,
    "index": 33
  },
  {
    "name": "Require(27) node_modules/egg/app/extend/response.js",
    "start": 1613114537970,
    "end": 1613114537972,
    "duration": 2,
    "pid": 16656,
    "index": 34
  },
  {
    "name": "Load extend/context.js",
    "start": 1613114537977,
    "end": 1613114538119,
    "duration": 142,
    "pid": 16656,
    "index": 35
  },
  {
    "name": "Require(28) node_modules/egg-security/app/extend/context.js",
    "start": 1613114537977,
    "end": 1613114538005,
    "duration": 28,
    "pid": 16656,
    "index": 36
  },
  {
    "name": "Require(29) node_modules/egg-jsonp/app/extend/context.js",
    "start": 1613114538005,
    "end": 1613114538007,
    "duration": 2,
    "pid": 16656,
    "index": 37
  },
  {
    "name": "Require(30) node_modules/egg-i18n/app/extend/context.js",
    "start": 1613114538008,
    "end": 1613114538009,
    "duration": 1,
    "pid": 16656,
    "index": 38
  },
  {
    "name": "Require(31) node_modules/egg-multipart/app/extend/context.js",
    "start": 1613114538011,
    "end": 1613114538109,
    "duration": 98,
    "pid": 16656,
    "index": 39
  },
  {
    "name": "Require(32) node_modules/egg-view/app/extend/context.js",
    "start": 1613114538110,
    "end": 1613114538111,
    "duration": 1,
    "pid": 16656,
    "index": 40
  },
  {
    "name": "Require(33) node_modules/egg/app/extend/context.js",
    "start": 1613114538112,
    "end": 1613114538113,
    "duration": 1,
    "pid": 16656,
    "index": 41
  },
  {
    "name": "Load extend/helper.js",
    "start": 1613114538119,
    "end": 1613114538147,
    "duration": 28,
    "pid": 16656,
    "index": 42
  },
  {
    "name": "Require(34) node_modules/egg-security/app/extend/helper.js",
    "start": 1613114538120,
    "end": 1613114538139,
    "duration": 19,
    "pid": 16656,
    "index": 43
  },
  {
    "name": "Require(35) node_modules/egg/app/extend/helper.js",
    "start": 1613114538143,
    "end": 1613114538144,
    "duration": 1,
    "pid": 16656,
    "index": 44
  },
  {
    "name": "Load app.js",
    "start": 1613114538148,
    "end": 1613114538206,
    "duration": 58,
    "pid": 16656,
    "index": 45
  },
  {
    "name": "Require(36) node_modules/egg-session/app.js",
    "start": 1613114538149,
    "end": 1613114538151,
    "duration": 2,
    "pid": 16656,
    "index": 46
  },
  {
    "name": "Require(37) node_modules/egg-security/app.js",
    "start": 1613114538152,
    "end": 1613114538153,
    "duration": 1,
    "pid": 16656,
    "index": 47
  },
  {
    "name": "Require(38) node_modules/egg-onerror/app.js",
    "start": 1613114538154,
    "end": 1613114538163,
    "duration": 9,
    "pid": 16656,
    "index": 48
  },
  {
    "name": "Require(39) node_modules/egg-i18n/app.js",
    "start": 1613114538164,
    "end": 1613114538176,
    "duration": 12,
    "pid": 16656,
    "index": 49
  },
  {
    "name": "Require(40) node_modules/egg-watcher/app.js",
    "start": 1613114538176,
    "end": 1613114538179,
    "duration": 3,
    "pid": 16656,
    "index": 50
  },
  {
    "name": "Require(41) node_modules/egg-schedule/app.js",
    "start": 1613114538179,
    "end": 1613114538181,
    "duration": 2,
    "pid": 16656,
    "index": 51
  },
  {
    "name": "Require(42) node_modules/egg-multipart/app.js",
    "start": 1613114538181,
    "end": 1613114538182,
    "duration": 1,
    "pid": 16656,
    "index": 52
  },
  {
    "name": "Require(43) node_modules/egg-development/app.js",
    "start": 1613114538183,
    "end": 1613114538184,
    "duration": 1,
    "pid": 16656,
    "index": 53
  },
  {
    "name": "Require(44) node_modules/egg-logrotator/app.js",
    "start": 1613114538185,
    "end": 1613114538185,
    "duration": 0,
    "pid": 16656,
    "index": 54
  },
  {
    "name": "Require(45) node_modules/egg-static/app.js",
    "start": 1613114538186,
    "end": 1613114538186,
    "duration": 0,
    "pid": 16656,
    "index": 55
  },
  {
    "name": "Require(46) node_modules/egg-mysql/app.js",
    "start": 1613114538187,
    "end": 1613114538204,
    "duration": 17,
    "pid": 16656,
    "index": 56
  },
  {
    "name": "Require(47) node_modules/egg-cors/app.js",
    "start": 1613114538204,
    "end": 1613114538205,
    "duration": 1,
    "pid": 16656,
    "index": 57
  },
  {
    "name": "Before Start in node_modules/egg-watcher/lib/init.js:15:14",
    "start": 1613114538216,
    "end": 1613114538540,
    "duration": 324,
    "pid": 16656,
    "index": 58
  },
  {
    "name": "Before Start in node_modules/egg-mysql/lib/mysql.js:20:7",
    "start": 1613114538349,
    "end": 1613114538687,
    "duration": 338,
    "pid": 16656,
    "index": 59
  },
  {
    "name": "Load Service",
    "start": 1613114538350,
    "end": 1613114538359,
    "duration": 9,
    "pid": 16656,
    "index": 60
  },
  {
    "name": "Load \"service\" to Context",
    "start": 1613114538350,
    "end": 1613114538359,
    "duration": 9,
    "pid": 16656,
    "index": 61
  },
  {
    "name": "Load Middleware",
    "start": 1613114538359,
    "end": 1613114538502,
    "duration": 143,
    "pid": 16656,
    "index": 62
  },
  {
    "name": "Load \"middlewares\" to Application",
    "start": 1613114538359,
    "end": 1613114538483,
    "duration": 124,
    "pid": 16656,
    "index": 63
  },
  {
    "name": "Load Controller",
    "start": 1613114538502,
    "end": 1613114538508,
    "duration": 6,
    "pid": 16656,
    "index": 64
  },
  {
    "name": "Load \"controller\" to Application",
    "start": 1613114538502,
    "end": 1613114538508,
    "duration": 6,
    "pid": 16656,
    "index": 65
  },
  {
    "name": "Load Router",
    "start": 1613114538508,
    "end": 1613114538514,
    "duration": 6,
    "pid": 16656,
    "index": 66
  },
  {
    "name": "Require(48) app/router.js",
    "start": 1613114538508,
    "end": 1613114538509,
    "duration": 1,
    "pid": 16656,
    "index": 67
  },
  {
    "name": "Before Start in node_modules/egg-core/lib/egg.js:303:10",
    "start": 1613114538510,
    "end": 1613114538531,
    "duration": 21,
    "pid": 16656,
    "index": 68
  }
]