[
  {
    "name": "Process Start",
    "start": 1613031491735,
    "end": 1613031493674,
    "duration": 1939,
    "pid": 3332,
    "index": 0
  },
  {
    "name": "Application Start",
    "start": 1613031493675,
    "end": 1613031494594,
    "duration": 919,
    "pid": 3332,
    "index": 1
  },
  {
    "name": "Load Plugin",
    "start": 1613031493683,
    "end": 1613031493705,
    "duration": 22,
    "pid": 3332,
    "index": 2
  },
  {
    "name": "Load Config",
    "start": 1613031493705,
    "end": 1613031493734,
    "duration": 29,
    "pid": 3332,
    "index": 3
  },
  {
    "name": "Require(0) config/config.default.js",
    "start": 1613031493706,
    "end": 1613031493706,
    "duration": 0,
    "pid": 3332,
    "index": 4
  },
  {
    "name": "Require(1) node_modules/egg-session/config/config.default.js",
    "start": 1613031493708,
    "end": 1613031493709,
    "duration": 1,
    "pid": 3332,
    "index": 5
  },
  {
    "name": "Require(2) node_modules/egg-security/config/config.default.js",
    "start": 1613031493709,
    "end": 1613031493710,
    "duration": 1,
    "pid": 3332,
    "index": 6
  },
  {
    "name": "Require(3) node_modules/egg-jsonp/config/config.default.js",
    "start": 1613031493711,
    "end": 1613031493712,
    "duration": 1,
    "pid": 3332,
    "index": 7
  },
  {
    "name": "Require(4) node_modules/egg-onerror/config/config.default.js",
    "start": 1613031493713,
    "end": 1613031493714,
    "duration": 1,
    "pid": 3332,
    "index": 8
  },
  {
    "name": "Require(5) node_modules/egg-i18n/config/config.default.js",
    "start": 1613031493715,
    "end": 1613031493715,
    "duration": 0,
    "pid": 3332,
    "index": 9
  },
  {
    "name": "Require(6) node_modules/egg-watcher/config/config.default.js",
    "start": 1613031493716,
    "end": 1613031493716,
    "duration": 0,
    "pid": 3332,
    "index": 10
  },
  {
    "name": "Require(7) node_modules/egg-schedule/config/config.default.js",
    "start": 1613031493717,
    "end": 1613031493717,
    "duration": 0,
    "pid": 3332,
    "index": 11
  },
  {
    "name": "Require(8) node_modules/egg-multipart/config/config.default.js",
    "start": 1613031493718,
    "end": 1613031493719,
    "duration": 1,
    "pid": 3332,
    "index": 12
  },
  {
    "name": "Require(9) node_modules/egg-development/config/config.default.js",
    "start": 1613031493719,
    "end": 1613031493720,
    "duration": 1,
    "pid": 3332,
    "index": 13
  },
  {
    "name": "Require(10) node_modules/egg-logrotator/config/config.default.js",
    "start": 1613031493720,
    "end": 1613031493721,
    "duration": 1,
    "pid": 3332,
    "index": 14
  },
  {
    "name": "Require(11) node_modules/egg-static/config/config.default.js",
    "start": 1613031493721,
    "end": 1613031493722,
    "duration": 1,
    "pid": 3332,
    "index": 15
  },
  {
    "name": "Require(12) node_modules/egg-view/config/config.default.js",
    "start": 1613031493723,
    "end": 1613031493723,
    "duration": 0,
    "pid": 3332,
    "index": 16
  },
  {
    "name": "Require(13) node_modules/egg-mysql/config/config.default.js",
    "start": 1613031493724,
    "end": 1613031493724,
    "duration": 0,
    "pid": 3332,
    "index": 17
  },
  {
    "name": "Require(14) node_modules/egg-cors/config/config.default.js",
    "start": 1613031493725,
    "end": 1613031493725,
    "duration": 0,
    "pid": 3332,
    "index": 18
  },
  {
    "name": "Require(15) node_modules/egg/config/config.default.js",
    "start": 1613031493726,
    "end": 1613031493726,
    "duration": 0,
    "pid": 3332,
    "index": 19
  },
  {
    "name": "Require(16) config/config.default.js",
    "start": 1613031493727,
    "end": 1613031493727,
    "duration": 0,
    "pid": 3332,
    "index": 20
  },
  {
    "name": "Require(17) node_modules/egg-security/config/config.local.js",
    "start": 1613031493728,
    "end": 1613031493728,
    "duration": 0,
    "pid": 3332,
    "index": 21
  },
  {
    "name": "Require(18) node_modules/egg-watcher/config/config.local.js",
    "start": 1613031493730,
    "end": 1613031493730,
    "duration": 0,
    "pid": 3332,
    "index": 22
  },
  {
    "name": "Require(19) node_modules/egg-view/config/config.local.js",
    "start": 1613031493732,
    "end": 1613031493732,
    "duration": 0,
    "pid": 3332,
    "index": 23
  },
  {
    "name": "Require(20) node_modules/egg/config/config.local.js",
    "start": 1613031493733,
    "end": 1613031493733,
    "duration": 0,
    "pid": 3332,
    "index": 24
  },
  {
    "name": "Load extend/application.js",
    "start": 1613031493735,
    "end": 1613031493763,
    "duration": 28,
    "pid": 3332,
    "index": 25
  },
  {
    "name": "Require(21) node_modules/egg-session/app/extend/application.js",
    "start": 1613031493735,
    "end": 1613031493736,
    "duration": 1,
    "pid": 3332,
    "index": 26
  },
  {
    "name": "Require(22) node_modules/egg-security/app/extend/application.js",
    "start": 1613031493737,
    "end": 1613031493739,
    "duration": 2,
    "pid": 3332,
    "index": 27
  },
  {
    "name": "Require(23) node_modules/egg-jsonp/app/extend/application.js",
    "start": 1613031493739,
    "end": 1613031493742,
    "duration": 3,
    "pid": 3332,
    "index": 28
  },
  {
    "name": "Require(24) node_modules/egg-logrotator/app/extend/application.js",
    "start": 1613031493747,
    "end": 1613031493755,
    "duration": 8,
    "pid": 3332,
    "index": 29
  },
  {
    "name": "Require(25) node_modules/egg-view/app/extend/application.js",
    "start": 1613031493756,
    "end": 1613031493757,
    "duration": 1,
    "pid": 3332,
    "index": 30
  },
  {
    "name": "Load extend/request.js",
    "start": 1613031493763,
    "end": 1613031493771,
    "duration": 8,
    "pid": 3332,
    "index": 31
  },
  {
    "name": "Require(26) node_modules/egg/app/extend/request.js",
    "start": 1613031493766,
    "end": 1613031493768,
    "duration": 2,
    "pid": 3332,
    "index": 32
  },
  {
    "name": "Load extend/response.js",
    "start": 1613031493771,
    "end": 1613031493782,
    "duration": 11,
    "pid": 3332,
    "index": 33
  },
  {
    "name": "Require(27) node_modules/egg/app/extend/response.js",
    "start": 1613031493775,
    "end": 1613031493777,
    "duration": 2,
    "pid": 3332,
    "index": 34
  },
  {
    "name": "Load extend/context.js",
    "start": 1613031493782,
    "end": 1613031493888,
    "duration": 106,
    "pid": 3332,
    "index": 35
  },
  {
    "name": "Require(28) node_modules/egg-security/app/extend/context.js",
    "start": 1613031493782,
    "end": 1613031493808,
    "duration": 26,
    "pid": 3332,
    "index": 36
  },
  {
    "name": "Require(29) node_modules/egg-jsonp/app/extend/context.js",
    "start": 1613031493809,
    "end": 1613031493810,
    "duration": 1,
    "pid": 3332,
    "index": 37
  },
  {
    "name": "Require(30) node_modules/egg-i18n/app/extend/context.js",
    "start": 1613031493811,
    "end": 1613031493815,
    "duration": 4,
    "pid": 3332,
    "index": 38
  },
  {
    "name": "Require(31) node_modules/egg-multipart/app/extend/context.js",
    "start": 1613031493818,
    "end": 1613031493880,
    "duration": 62,
    "pid": 3332,
    "index": 39
  },
  {
    "name": "Require(32) node_modules/egg-view/app/extend/context.js",
    "start": 1613031493881,
    "end": 1613031493882,
    "duration": 1,
    "pid": 3332,
    "index": 40
  },
  {
    "name": "Require(33) node_modules/egg/app/extend/context.js",
    "start": 1613031493883,
    "end": 1613031493884,
    "duration": 1,
    "pid": 3332,
    "index": 41
  },
  {
    "name": "Load extend/helper.js",
    "start": 1613031493889,
    "end": 1613031493926,
    "duration": 37,
    "pid": 3332,
    "index": 42
  },
  {
    "name": "Require(34) node_modules/egg-security/app/extend/helper.js",
    "start": 1613031493889,
    "end": 1613031493913,
    "duration": 24,
    "pid": 3332,
    "index": 43
  },
  {
    "name": "Require(35) node_modules/egg/app/extend/helper.js",
    "start": 1613031493918,
    "end": 1613031493918,
    "duration": 0,
    "pid": 3332,
    "index": 44
  },
  {
    "name": "Load app.js",
    "start": 1613031493926,
    "end": 1613031494018,
    "duration": 92,
    "pid": 3332,
    "index": 45
  },
  {
    "name": "Require(36) node_modules/egg-session/app.js",
    "start": 1613031493927,
    "end": 1613031493927,
    "duration": 0,
    "pid": 3332,
    "index": 46
  },
  {
    "name": "Require(37) node_modules/egg-security/app.js",
    "start": 1613031493927,
    "end": 1613031493930,
    "duration": 3,
    "pid": 3332,
    "index": 47
  },
  {
    "name": "Require(38) node_modules/egg-onerror/app.js",
    "start": 1613031493931,
    "end": 1613031493946,
    "duration": 15,
    "pid": 3332,
    "index": 48
  },
  {
    "name": "Require(39) node_modules/egg-i18n/app.js",
    "start": 1613031493946,
    "end": 1613031493959,
    "duration": 13,
    "pid": 3332,
    "index": 49
  },
  {
    "name": "Require(40) node_modules/egg-watcher/app.js",
    "start": 1613031493960,
    "end": 1613031493964,
    "duration": 4,
    "pid": 3332,
    "index": 50
  },
  {
    "name": "Require(41) node_modules/egg-schedule/app.js",
    "start": 1613031493965,
    "end": 1613031493967,
    "duration": 2,
    "pid": 3332,
    "index": 51
  },
  {
    "name": "Require(42) node_modules/egg-multipart/app.js",
    "start": 1613031493967,
    "end": 1613031493975,
    "duration": 8,
    "pid": 3332,
    "index": 52
  },
  {
    "name": "Require(43) node_modules/egg-development/app.js",
    "start": 1613031493976,
    "end": 1613031493977,
    "duration": 1,
    "pid": 3332,
    "index": 53
  },
  {
    "name": "Require(44) node_modules/egg-logrotator/app.js",
    "start": 1613031493980,
    "end": 1613031493982,
    "duration": 2,
    "pid": 3332,
    "index": 54
  },
  {
    "name": "Require(45) node_modules/egg-static/app.js",
    "start": 1613031493982,
    "end": 1613031493984,
    "duration": 2,
    "pid": 3332,
    "index": 55
  },
  {
    "name": "Require(46) node_modules/egg-mysql/app.js",
    "start": 1613031493986,
    "end": 1613031494012,
    "duration": 26,
    "pid": 3332,
    "index": 56
  },
  {
    "name": "Require(47) node_modules/egg-cors/app.js",
    "start": 1613031494012,
    "end": 1613031494017,
    "duration": 5,
    "pid": 3332,
    "index": 57
  },
  {
    "name": "Before Start in node_modules/egg-watcher/lib/init.js:15:14",
    "start": 1613031494035,
    "end": 1613031494375,
    "duration": 340,
    "pid": 3332,
    "index": 58
  },
  {
    "name": "Before Start in node_modules/egg-mysql/lib/mysql.js:20:7",
    "start": 1613031494155,
    "end": 1613031494594,
    "duration": 439,
    "pid": 3332,
    "index": 59
  },
  {
    "name": "Load Service",
    "start": 1613031494155,
    "end": 1613031494161,
    "duration": 6,
    "pid": 3332,
    "index": 60
  },
  {
    "name": "Load \"service\" to Context",
    "start": 1613031494155,
    "end": 1613031494161,
    "duration": 6,
    "pid": 3332,
    "index": 61
  },
  {
    "name": "Load Middleware",
    "start": 1613031494161,
    "end": 1613031494299,
    "duration": 138,
    "pid": 3332,
    "index": 62
  },
  {
    "name": "Load \"middlewares\" to Application",
    "start": 1613031494161,
    "end": 1613031494283,
    "duration": 122,
    "pid": 3332,
    "index": 63
  },
  {
    "name": "Load Controller",
    "start": 1613031494299,
    "end": 1613031494308,
    "duration": 9,
    "pid": 3332,
    "index": 64
  },
  {
    "name": "Load \"controller\" to Application",
    "start": 1613031494299,
    "end": 1613031494308,
    "duration": 9,
    "pid": 3332,
    "index": 65
  },
  {
    "name": "Load Router",
    "start": 1613031494308,
    "end": 1613031494348,
    "duration": 40,
    "pid": 3332,
    "index": 66
  },
  {
    "name": "Require(48) app/router.js",
    "start": 1613031494319,
    "end": 1613031494344,
    "duration": 25,
    "pid": 3332,
    "index": 67
  },
  {
    "name": "Before Start in node_modules/egg-core/lib/egg.js:303:10",
    "start": 1613031494345,
    "end": 1613031494360,
    "duration": 15,
    "pid": 3332,
    "index": 68
  }
]