[
  {
    "name": "Process Start",
    "start": 1613032099687,
    "end": 1613032100934,
    "duration": 1247,
    "pid": 4024,
    "index": 0
  },
  {
    "name": "Application Start",
    "start": 1613032100934,
    "end": 1613032101722,
    "duration": 788,
    "pid": 4024,
    "index": 1
  },
  {
    "name": "Load Plugin",
    "start": 1613032100941,
    "end": 1613032100961,
    "duration": 20,
    "pid": 4024,
    "index": 2
  },
  {
    "name": "Load Config",
    "start": 1613032100961,
    "end": 1613032100986,
    "duration": 25,
    "pid": 4024,
    "index": 3
  },
  {
    "name": "Require(0) config/config.default.js",
    "start": 1613032100962,
    "end": 1613032100962,
    "duration": 0,
    "pid": 4024,
    "index": 4
  },
  {
    "name": "Require(1) node_modules/egg-session/config/config.default.js",
    "start": 1613032100964,
    "end": 1613032100964,
    "duration": 0,
    "pid": 4024,
    "index": 5
  },
  {
    "name": "Require(2) node_modules/egg-security/config/config.default.js",
    "start": 1613032100965,
    "end": 1613032100965,
    "duration": 0,
    "pid": 4024,
    "index": 6
  },
  {
    "name": "Require(3) node_modules/egg-jsonp/config/config.default.js",
    "start": 1613032100966,
    "end": 1613032100967,
    "duration": 1,
    "pid": 4024,
    "index": 7
  },
  {
    "name": "Require(4) node_modules/egg-onerror/config/config.default.js",
    "start": 1613032100967,
    "end": 1613032100968,
    "duration": 1,
    "pid": 4024,
    "index": 8
  },
  {
    "name": "Require(5) node_modules/egg-i18n/config/config.default.js",
    "start": 1613032100968,
    "end": 1613032100969,
    "duration": 1,
    "pid": 4024,
    "index": 9
  },
  {
    "name": "Require(6) node_modules/egg-watcher/config/config.default.js",
    "start": 1613032100969,
    "end": 1613032100970,
    "duration": 1,
    "pid": 4024,
    "index": 10
  },
  {
    "name": "Require(7) node_modules/egg-schedule/config/config.default.js",
    "start": 1613032100970,
    "end": 1613032100971,
    "duration": 1,
    "pid": 4024,
    "index": 11
  },
  {
    "name": "Require(8) node_modules/egg-multipart/config/config.default.js",
    "start": 1613032100971,
    "end": 1613032100972,
    "duration": 1,
    "pid": 4024,
    "index": 12
  },
  {
    "name": "Require(9) node_modules/egg-development/config/config.default.js",
    "start": 1613032100973,
    "end": 1613032100973,
    "duration": 0,
    "pid": 4024,
    "index": 13
  },
  {
    "name": "Require(10) node_modules/egg-logrotator/config/config.default.js",
    "start": 1613032100974,
    "end": 1613032100974,
    "duration": 0,
    "pid": 4024,
    "index": 14
  },
  {
    "name": "Require(11) node_modules/egg-static/config/config.default.js",
    "start": 1613032100974,
    "end": 1613032100975,
    "duration": 1,
    "pid": 4024,
    "index": 15
  },
  {
    "name": "Require(12) node_modules/egg-view/config/config.default.js",
    "start": 1613032100975,
    "end": 1613032100976,
    "duration": 1,
    "pid": 4024,
    "index": 16
  },
  {
    "name": "Require(13) node_modules/egg-mysql/config/config.default.js",
    "start": 1613032100976,
    "end": 1613032100977,
    "duration": 1,
    "pid": 4024,
    "index": 17
  },
  {
    "name": "Require(14) node_modules/egg-cors/config/config.default.js",
    "start": 1613032100977,
    "end": 1613032100978,
    "duration": 1,
    "pid": 4024,
    "index": 18
  },
  {
    "name": "Require(15) node_modules/egg/config/config.default.js",
    "start": 1613032100978,
    "end": 1613032100978,
    "duration": 0,
    "pid": 4024,
    "index": 19
  },
  {
    "name": "Require(16) config/config.default.js",
    "start": 1613032100980,
    "end": 1613032100980,
    "duration": 0,
    "pid": 4024,
    "index": 20
  },
  {
    "name": "Require(17) node_modules/egg-security/config/config.local.js",
    "start": 1613032100980,
    "end": 1613032100981,
    "duration": 1,
    "pid": 4024,
    "index": 21
  },
  {
    "name": "Require(18) node_modules/egg-watcher/config/config.local.js",
    "start": 1613032100982,
    "end": 1613032100982,
    "duration": 0,
    "pid": 4024,
    "index": 22
  },
  {
    "name": "Require(19) node_modules/egg-view/config/config.local.js",
    "start": 1613032100984,
    "end": 1613032100984,
    "duration": 0,
    "pid": 4024,
    "index": 23
  },
  {
    "name": "Require(20) node_modules/egg/config/config.local.js",
    "start": 1613032100985,
    "end": 1613032100985,
    "duration": 0,
    "pid": 4024,
    "index": 24
  },
  {
    "name": "Load extend/application.js",
    "start": 1613032100987,
    "end": 1613032101008,
    "duration": 21,
    "pid": 4024,
    "index": 25
  },
  {
    "name": "Require(21) node_modules/egg-session/app/extend/application.js",
    "start": 1613032100987,
    "end": 1613032100988,
    "duration": 1,
    "pid": 4024,
    "index": 26
  },
  {
    "name": "Require(22) node_modules/egg-security/app/extend/application.js",
    "start": 1613032100988,
    "end": 1613032100990,
    "duration": 2,
    "pid": 4024,
    "index": 27
  },
  {
    "name": "Require(23) node_modules/egg-jsonp/app/extend/application.js",
    "start": 1613032100990,
    "end": 1613032100991,
    "duration": 1,
    "pid": 4024,
    "index": 28
  },
  {
    "name": "Require(24) node_modules/egg-logrotator/app/extend/application.js",
    "start": 1613032100993,
    "end": 1613032101002,
    "duration": 9,
    "pid": 4024,
    "index": 29
  },
  {
    "name": "Require(25) node_modules/egg-view/app/extend/application.js",
    "start": 1613032101003,
    "end": 1613032101004,
    "duration": 1,
    "pid": 4024,
    "index": 30
  },
  {
    "name": "Load extend/request.js",
    "start": 1613032101008,
    "end": 1613032101017,
    "duration": 9,
    "pid": 4024,
    "index": 31
  },
  {
    "name": "Require(26) node_modules/egg/app/extend/request.js",
    "start": 1613032101013,
    "end": 1613032101014,
    "duration": 1,
    "pid": 4024,
    "index": 32
  },
  {
    "name": "Load extend/response.js",
    "start": 1613032101017,
    "end": 1613032101025,
    "duration": 8,
    "pid": 4024,
    "index": 33
  },
  {
    "name": "Require(27) node_modules/egg/app/extend/response.js",
    "start": 1613032101020,
    "end": 1613032101022,
    "duration": 2,
    "pid": 4024,
    "index": 34
  },
  {
    "name": "Load extend/context.js",
    "start": 1613032101025,
    "end": 1613032101118,
    "duration": 93,
    "pid": 4024,
    "index": 35
  },
  {
    "name": "Require(28) node_modules/egg-security/app/extend/context.js",
    "start": 1613032101026,
    "end": 1613032101042,
    "duration": 16,
    "pid": 4024,
    "index": 36
  },
  {
    "name": "Require(29) node_modules/egg-jsonp/app/extend/context.js",
    "start": 1613032101042,
    "end": 1613032101044,
    "duration": 2,
    "pid": 4024,
    "index": 37
  },
  {
    "name": "Require(30) node_modules/egg-i18n/app/extend/context.js",
    "start": 1613032101045,
    "end": 1613032101045,
    "duration": 0,
    "pid": 4024,
    "index": 38
  },
  {
    "name": "Require(31) node_modules/egg-multipart/app/extend/context.js",
    "start": 1613032101046,
    "end": 1613032101111,
    "duration": 65,
    "pid": 4024,
    "index": 39
  },
  {
    "name": "Require(32) node_modules/egg-view/app/extend/context.js",
    "start": 1613032101112,
    "end": 1613032101112,
    "duration": 0,
    "pid": 4024,
    "index": 40
  },
  {
    "name": "Require(33) node_modules/egg/app/extend/context.js",
    "start": 1613032101113,
    "end": 1613032101114,
    "duration": 1,
    "pid": 4024,
    "index": 41
  },
  {
    "name": "Load extend/helper.js",
    "start": 1613032101118,
    "end": 1613032101144,
    "duration": 26,
    "pid": 4024,
    "index": 42
  },
  {
    "name": "Require(34) node_modules/egg-security/app/extend/helper.js",
    "start": 1613032101118,
    "end": 1613032101135,
    "duration": 17,
    "pid": 4024,
    "index": 43
  },
  {
    "name": "Require(35) node_modules/egg/app/extend/helper.js",
    "start": 1613032101140,
    "end": 1613032101140,
    "duration": 0,
    "pid": 4024,
    "index": 44
  },
  {
    "name": "Load app.js",
    "start": 1613032101144,
    "end": 1613032101191,
    "duration": 47,
    "pid": 4024,
    "index": 45
  },
  {
    "name": "Require(36) node_modules/egg-session/app.js",
    "start": 1613032101144,
    "end": 1613032101145,
    "duration": 1,
    "pid": 4024,
    "index": 46
  },
  {
    "name": "Require(37) node_modules/egg-security/app.js",
    "start": 1613032101145,
    "end": 1613032101147,
    "duration": 2,
    "pid": 4024,
    "index": 47
  },
  {
    "name": "Require(38) node_modules/egg-onerror/app.js",
    "start": 1613032101147,
    "end": 1613032101157,
    "duration": 10,
    "pid": 4024,
    "index": 48
  },
  {
    "name": "Require(39) node_modules/egg-i18n/app.js",
    "start": 1613032101158,
    "end": 1613032101166,
    "duration": 8,
    "pid": 4024,
    "index": 49
  },
  {
    "name": "Require(40) node_modules/egg-watcher/app.js",
    "start": 1613032101167,
    "end": 1613032101171,
    "duration": 4,
    "pid": 4024,
    "index": 50
  },
  {
    "name": "Require(41) node_modules/egg-schedule/app.js",
    "start": 1613032101171,
    "end": 1613032101173,
    "duration": 2,
    "pid": 4024,
    "index": 51
  },
  {
    "name": "Require(42) node_modules/egg-multipart/app.js",
    "start": 1613032101173,
    "end": 1613032101174,
    "duration": 1,
    "pid": 4024,
    "index": 52
  },
  {
    "name": "Require(43) node_modules/egg-development/app.js",
    "start": 1613032101174,
    "end": 1613032101174,
    "duration": 0,
    "pid": 4024,
    "index": 53
  },
  {
    "name": "Require(44) node_modules/egg-logrotator/app.js",
    "start": 1613032101175,
    "end": 1613032101175,
    "duration": 0,
    "pid": 4024,
    "index": 54
  },
  {
    "name": "Require(45) node_modules/egg-static/app.js",
    "start": 1613032101175,
    "end": 1613032101175,
    "duration": 0,
    "pid": 4024,
    "index": 55
  },
  {
    "name": "Require(46) node_modules/egg-mysql/app.js",
    "start": 1613032101176,
    "end": 1613032101189,
    "duration": 13,
    "pid": 4024,
    "index": 56
  },
  {
    "name": "Require(47) node_modules/egg-cors/app.js",
    "start": 1613032101190,
    "end": 1613032101190,
    "duration": 0,
    "pid": 4024,
    "index": 57
  },
  {
    "name": "Before Start in node_modules/egg-watcher/lib/init.js:15:14",
    "start": 1613032101203,
    "end": 1613032101485,
    "duration": 282,
    "pid": 4024,
    "index": 58
  },
  {
    "name": "Before Start in node_modules/egg-mysql/lib/mysql.js:20:7",
    "start": 1613032101300,
    "end": 1613032101721,
    "duration": 421,
    "pid": 4024,
    "index": 59
  },
  {
    "name": "Load Service",
    "start": 1613032101300,
    "end": 1613032101305,
    "duration": 5,
    "pid": 4024,
    "index": 60
  },
  {
    "name": "Load \"service\" to Context",
    "start": 1613032101300,
    "end": 1613032101305,
    "duration": 5,
    "pid": 4024,
    "index": 61
  },
  {
    "name": "Load Middleware",
    "start": 1613032101306,
    "end": 1613032101457,
    "duration": 151,
    "pid": 4024,
    "index": 62
  },
  {
    "name": "Load \"middlewares\" to Application",
    "start": 1613032101306,
    "end": 1613032101443,
    "duration": 137,
    "pid": 4024,
    "index": 63
  },
  {
    "name": "Load Controller",
    "start": 1613032101457,
    "end": 1613032101461,
    "duration": 4,
    "pid": 4024,
    "index": 64
  },
  {
    "name": "Load \"controller\" to Application",
    "start": 1613032101458,
    "end": 1613032101461,
    "duration": 3,
    "pid": 4024,
    "index": 65
  },
  {
    "name": "Load Router",
    "start": 1613032101461,
    "end": 1613032101466,
    "duration": 5,
    "pid": 4024,
    "index": 66
  },
  {
    "name": "Require(48) app/router.js",
    "start": 1613032101462,
    "end": 1613032101462,
    "duration": 0,
    "pid": 4024,
    "index": 67
  },
  {
    "name": "Before Start in node_modules/egg-core/lib/egg.js:303:10",
    "start": 1613032101463,
    "end": 1613032101477,
    "duration": 14,
    "pid": 4024,
    "index": 68
  }
]