[
  {
    "name": "Process Start",
    "start": 1613114189260,
    "end": 1613114190555,
    "duration": 1295,
    "pid": 21984,
    "index": 0
  },
  {
    "name": "Application Start",
    "start": 1613114190556,
    "end": 1613114191293,
    "duration": 737,
    "pid": 21984,
    "index": 1
  },
  {
    "name": "Load Plugin",
    "start": 1613114190563,
    "end": 1613114190588,
    "duration": 25,
    "pid": 21984,
    "index": 2
  },
  {
    "name": "Load Config",
    "start": 1613114190588,
    "end": 1613114190620,
    "duration": 32,
    "pid": 21984,
    "index": 3
  },
  {
    "name": "Require(0) config/config.default.js",
    "start": 1613114190589,
    "end": 1613114190590,
    "duration": 1,
    "pid": 21984,
    "index": 4
  },
  {
    "name": "Require(1) node_modules/egg-session/config/config.default.js",
    "start": 1613114190592,
    "end": 1613114190592,
    "duration": 0,
    "pid": 21984,
    "index": 5
  },
  {
    "name": "Require(2) node_modules/egg-security/config/config.default.js",
    "start": 1613114190592,
    "end": 1613114190593,
    "duration": 1,
    "pid": 21984,
    "index": 6
  },
  {
    "name": "Require(3) node_modules/egg-jsonp/config/config.default.js",
    "start": 1613114190594,
    "end": 1613114190595,
    "duration": 1,
    "pid": 21984,
    "index": 7
  },
  {
    "name": "Require(4) node_modules/egg-onerror/config/config.default.js",
    "start": 1613114190595,
    "end": 1613114190596,
    "duration": 1,
    "pid": 21984,
    "index": 8
  },
  {
    "name": "Require(5) node_modules/egg-i18n/config/config.default.js",
    "start": 1613114190596,
    "end": 1613114190597,
    "duration": 1,
    "pid": 21984,
    "index": 9
  },
  {
    "name": "Require(6) node_modules/egg-watcher/config/config.default.js",
    "start": 1613114190597,
    "end": 1613114190598,
    "duration": 1,
    "pid": 21984,
    "index": 10
  },
  {
    "name": "Require(7) node_modules/egg-schedule/config/config.default.js",
    "start": 1613114190598,
    "end": 1613114190599,
    "duration": 1,
    "pid": 21984,
    "index": 11
  },
  {
    "name": "Require(8) node_modules/egg-multipart/config/config.default.js",
    "start": 1613114190600,
    "end": 1613114190601,
    "duration": 1,
    "pid": 21984,
    "index": 12
  },
  {
    "name": "Require(9) node_modules/egg-development/config/config.default.js",
    "start": 1613114190602,
    "end": 1613114190603,
    "duration": 1,
    "pid": 21984,
    "index": 13
  },
  {
    "name": "Require(10) node_modules/egg-logrotator/config/config.default.js",
    "start": 1613114190604,
    "end": 1613114190604,
    "duration": 0,
    "pid": 21984,
    "index": 14
  },
  {
    "name": "Require(11) node_modules/egg-static/config/config.default.js",
    "start": 1613114190605,
    "end": 1613114190605,
    "duration": 0,
    "pid": 21984,
    "index": 15
  },
  {
    "name": "Require(12) node_modules/egg-view/config/config.default.js",
    "start": 1613114190606,
    "end": 1613114190607,
    "duration": 1,
    "pid": 21984,
    "index": 16
  },
  {
    "name": "Require(13) node_modules/egg-mysql/config/config.default.js",
    "start": 1613114190608,
    "end": 1613114190608,
    "duration": 0,
    "pid": 21984,
    "index": 17
  },
  {
    "name": "Require(14) node_modules/egg-cors/config/config.default.js",
    "start": 1613114190608,
    "end": 1613114190609,
    "duration": 1,
    "pid": 21984,
    "index": 18
  },
  {
    "name": "Require(15) node_modules/egg/config/config.default.js",
    "start": 1613114190609,
    "end": 1613114190610,
    "duration": 1,
    "pid": 21984,
    "index": 19
  },
  {
    "name": "Require(16) config/config.default.js",
    "start": 1613114190611,
    "end": 1613114190611,
    "duration": 0,
    "pid": 21984,
    "index": 20
  },
  {
    "name": "Require(17) node_modules/egg-security/config/config.local.js",
    "start": 1613114190612,
    "end": 1613114190612,
    "duration": 0,
    "pid": 21984,
    "index": 21
  },
  {
    "name": "Require(18) node_modules/egg-watcher/config/config.local.js",
    "start": 1613114190613,
    "end": 1613114190614,
    "duration": 1,
    "pid": 21984,
    "index": 22
  },
  {
    "name": "Require(19) node_modules/egg-view/config/config.local.js",
    "start": 1613114190616,
    "end": 1613114190617,
    "duration": 1,
    "pid": 21984,
    "index": 23
  },
  {
    "name": "Require(20) node_modules/egg/config/config.local.js",
    "start": 1613114190619,
    "end": 1613114190619,
    "duration": 0,
    "pid": 21984,
    "index": 24
  },
  {
    "name": "Load extend/application.js",
    "start": 1613114190621,
    "end": 1613114190646,
    "duration": 25,
    "pid": 21984,
    "index": 25
  },
  {
    "name": "Require(21) node_modules/egg-session/app/extend/application.js",
    "start": 1613114190622,
    "end": 1613114190622,
    "duration": 0,
    "pid": 21984,
    "index": 26
  },
  {
    "name": "Require(22) node_modules/egg-security/app/extend/application.js",
    "start": 1613114190623,
    "end": 1613114190624,
    "duration": 1,
    "pid": 21984,
    "index": 27
  },
  {
    "name": "Require(23) node_modules/egg-jsonp/app/extend/application.js",
    "start": 1613114190625,
    "end": 1613114190626,
    "duration": 1,
    "pid": 21984,
    "index": 28
  },
  {
    "name": "Require(24) node_modules/egg-logrotator/app/extend/application.js",
    "start": 1613114190629,
    "end": 1613114190640,
    "duration": 11,
    "pid": 21984,
    "index": 29
  },
  {
    "name": "Require(25) node_modules/egg-view/app/extend/application.js",
    "start": 1613114190641,
    "end": 1613114190642,
    "duration": 1,
    "pid": 21984,
    "index": 30
  },
  {
    "name": "Load extend/request.js",
    "start": 1613114190646,
    "end": 1613114190657,
    "duration": 11,
    "pid": 21984,
    "index": 31
  },
  {
    "name": "Require(26) node_modules/egg/app/extend/request.js",
    "start": 1613114190651,
    "end": 1613114190652,
    "duration": 1,
    "pid": 21984,
    "index": 32
  },
  {
    "name": "Load extend/response.js",
    "start": 1613114190657,
    "end": 1613114190668,
    "duration": 11,
    "pid": 21984,
    "index": 33
  },
  {
    "name": "Require(27) node_modules/egg/app/extend/response.js",
    "start": 1613114190661,
    "end": 1613114190663,
    "duration": 2,
    "pid": 21984,
    "index": 34
  },
  {
    "name": "Load extend/context.js",
    "start": 1613114190668,
    "end": 1613114190781,
    "duration": 113,
    "pid": 21984,
    "index": 35
  },
  {
    "name": "Require(28) node_modules/egg-security/app/extend/context.js",
    "start": 1613114190669,
    "end": 1613114190714,
    "duration": 45,
    "pid": 21984,
    "index": 36
  },
  {
    "name": "Require(29) node_modules/egg-jsonp/app/extend/context.js",
    "start": 1613114190715,
    "end": 1613114190718,
    "duration": 3,
    "pid": 21984,
    "index": 37
  },
  {
    "name": "Require(30) node_modules/egg-i18n/app/extend/context.js",
    "start": 1613114190719,
    "end": 1613114190719,
    "duration": 0,
    "pid": 21984,
    "index": 38
  },
  {
    "name": "Require(31) node_modules/egg-multipart/app/extend/context.js",
    "start": 1613114190721,
    "end": 1613114190774,
    "duration": 53,
    "pid": 21984,
    "index": 39
  },
  {
    "name": "Require(32) node_modules/egg-view/app/extend/context.js",
    "start": 1613114190775,
    "end": 1613114190776,
    "duration": 1,
    "pid": 21984,
    "index": 40
  },
  {
    "name": "Require(33) node_modules/egg/app/extend/context.js",
    "start": 1613114190777,
    "end": 1613114190778,
    "duration": 1,
    "pid": 21984,
    "index": 41
  },
  {
    "name": "Load extend/helper.js",
    "start": 1613114190781,
    "end": 1613114190813,
    "duration": 32,
    "pid": 21984,
    "index": 42
  },
  {
    "name": "Require(34) node_modules/egg-security/app/extend/helper.js",
    "start": 1613114190782,
    "end": 1613114190803,
    "duration": 21,
    "pid": 21984,
    "index": 43
  },
  {
    "name": "Require(35) node_modules/egg/app/extend/helper.js",
    "start": 1613114190808,
    "end": 1613114190809,
    "duration": 1,
    "pid": 21984,
    "index": 44
  },
  {
    "name": "Load app.js",
    "start": 1613114190813,
    "end": 1613114190865,
    "duration": 52,
    "pid": 21984,
    "index": 45
  },
  {
    "name": "Require(36) node_modules/egg-session/app.js",
    "start": 1613114190813,
    "end": 1613114190814,
    "duration": 1,
    "pid": 21984,
    "index": 46
  },
  {
    "name": "Require(37) node_modules/egg-security/app.js",
    "start": 1613114190814,
    "end": 1613114190816,
    "duration": 2,
    "pid": 21984,
    "index": 47
  },
  {
    "name": "Require(38) node_modules/egg-onerror/app.js",
    "start": 1613114190817,
    "end": 1613114190828,
    "duration": 11,
    "pid": 21984,
    "index": 48
  },
  {
    "name": "Require(39) node_modules/egg-i18n/app.js",
    "start": 1613114190828,
    "end": 1613114190839,
    "duration": 11,
    "pid": 21984,
    "index": 49
  },
  {
    "name": "Require(40) node_modules/egg-watcher/app.js",
    "start": 1613114190840,
    "end": 1613114190843,
    "duration": 3,
    "pid": 21984,
    "index": 50
  },
  {
    "name": "Require(41) node_modules/egg-schedule/app.js",
    "start": 1613114190843,
    "end": 1613114190845,
    "duration": 2,
    "pid": 21984,
    "index": 51
  },
  {
    "name": "Require(42) node_modules/egg-multipart/app.js",
    "start": 1613114190845,
    "end": 1613114190846,
    "duration": 1,
    "pid": 21984,
    "index": 52
  },
  {
    "name": "Require(43) node_modules/egg-development/app.js",
    "start": 1613114190846,
    "end": 1613114190846,
    "duration": 0,
    "pid": 21984,
    "index": 53
  },
  {
    "name": "Require(44) node_modules/egg-logrotator/app.js",
    "start": 1613114190847,
    "end": 1613114190847,
    "duration": 0,
    "pid": 21984,
    "index": 54
  },
  {
    "name": "Require(45) node_modules/egg-static/app.js",
    "start": 1613114190847,
    "end": 1613114190848,
    "duration": 1,
    "pid": 21984,
    "index": 55
  },
  {
    "name": "Require(46) node_modules/egg-mysql/app.js",
    "start": 1613114190848,
    "end": 1613114190863,
    "duration": 15,
    "pid": 21984,
    "index": 56
  },
  {
    "name": "Require(47) node_modules/egg-cors/app.js",
    "start": 1613114190864,
    "end": 1613114190864,
    "duration": 0,
    "pid": 21984,
    "index": 57
  },
  {
    "name": "Before Start in node_modules/egg-watcher/lib/init.js:15:14",
    "start": 1613114190880,
    "end": 1613114191168,
    "duration": 288,
    "pid": 21984,
    "index": 58
  },
  {
    "name": "Before Start in node_modules/egg-mysql/lib/mysql.js:20:7",
    "start": 1613114191010,
    "end": 1613114191292,
    "duration": 282,
    "pid": 21984,
    "index": 59
  },
  {
    "name": "Load Service",
    "start": 1613114191010,
    "end": 1613114191016,
    "duration": 6,
    "pid": 21984,
    "index": 60
  },
  {
    "name": "Load \"service\" to Context",
    "start": 1613114191011,
    "end": 1613114191016,
    "duration": 5,
    "pid": 21984,
    "index": 61
  },
  {
    "name": "Load Middleware",
    "start": 1613114191016,
    "end": 1613114191140,
    "duration": 124,
    "pid": 21984,
    "index": 62
  },
  {
    "name": "Load \"middlewares\" to Application",
    "start": 1613114191016,
    "end": 1613114191125,
    "duration": 109,
    "pid": 21984,
    "index": 63
  },
  {
    "name": "Load Controller",
    "start": 1613114191140,
    "end": 1613114191144,
    "duration": 4,
    "pid": 21984,
    "index": 64
  },
  {
    "name": "Load \"controller\" to Application",
    "start": 1613114191140,
    "end": 1613114191144,
    "duration": 4,
    "pid": 21984,
    "index": 65
  },
  {
    "name": "Load Router",
    "start": 1613114191144,
    "end": 1613114191148,
    "duration": 4,
    "pid": 21984,
    "index": 66
  },
  {
    "name": "Require(48) app/router.js",
    "start": 1613114191144,
    "end": 1613114191144,
    "duration": 0,
    "pid": 21984,
    "index": 67
  },
  {
    "name": "Before Start in node_modules/egg-core/lib/egg.js:303:10",
    "start": 1613114191145,
    "end": 1613114191159,
    "duration": 14,
    "pid": 21984,
    "index": 68
  }
]