[
  {
    "name": "Process Start",
    "start": 1613111708165,
    "end": 1613111709380,
    "duration": 1215,
    "pid": 10108,
    "index": 0
  },
  {
    "name": "Application Start",
    "start": 1613111709381,
    "end": 1613111710142,
    "duration": 761,
    "pid": 10108,
    "index": 1
  },
  {
    "name": "Load Plugin",
    "start": 1613111709389,
    "end": 1613111709409,
    "duration": 20,
    "pid": 10108,
    "index": 2
  },
  {
    "name": "Load Config",
    "start": 1613111709410,
    "end": 1613111709436,
    "duration": 26,
    "pid": 10108,
    "index": 3
  },
  {
    "name": "Require(0) config/config.default.js",
    "start": 1613111709410,
    "end": 1613111709411,
    "duration": 1,
    "pid": 10108,
    "index": 4
  },
  {
    "name": "Require(1) node_modules/egg-session/config/config.default.js",
    "start": 1613111709412,
    "end": 1613111709413,
    "duration": 1,
    "pid": 10108,
    "index": 5
  },
  {
    "name": "Require(2) node_modules/egg-security/config/config.default.js",
    "start": 1613111709413,
    "end": 1613111709414,
    "duration": 1,
    "pid": 10108,
    "index": 6
  },
  {
    "name": "Require(3) node_modules/egg-jsonp/config/config.default.js",
    "start": 1613111709415,
    "end": 1613111709415,
    "duration": 0,
    "pid": 10108,
    "index": 7
  },
  {
    "name": "Require(4) node_modules/egg-onerror/config/config.default.js",
    "start": 1613111709416,
    "end": 1613111709416,
    "duration": 0,
    "pid": 10108,
    "index": 8
  },
  {
    "name": "Require(5) node_modules/egg-i18n/config/config.default.js",
    "start": 1613111709417,
    "end": 1613111709417,
    "duration": 0,
    "pid": 10108,
    "index": 9
  },
  {
    "name": "Require(6) node_modules/egg-watcher/config/config.default.js",
    "start": 1613111709418,
    "end": 1613111709418,
    "duration": 0,
    "pid": 10108,
    "index": 10
  },
  {
    "name": "Require(7) node_modules/egg-schedule/config/config.default.js",
    "start": 1613111709419,
    "end": 1613111709419,
    "duration": 0,
    "pid": 10108,
    "index": 11
  },
  {
    "name": "Require(8) node_modules/egg-multipart/config/config.default.js",
    "start": 1613111709420,
    "end": 1613111709421,
    "duration": 1,
    "pid": 10108,
    "index": 12
  },
  {
    "name": "Require(9) node_modules/egg-development/config/config.default.js",
    "start": 1613111709422,
    "end": 1613111709422,
    "duration": 0,
    "pid": 10108,
    "index": 13
  },
  {
    "name": "Require(10) node_modules/egg-logrotator/config/config.default.js",
    "start": 1613111709423,
    "end": 1613111709423,
    "duration": 0,
    "pid": 10108,
    "index": 14
  },
  {
    "name": "Require(11) node_modules/egg-static/config/config.default.js",
    "start": 1613111709424,
    "end": 1613111709425,
    "duration": 1,
    "pid": 10108,
    "index": 15
  },
  {
    "name": "Require(12) node_modules/egg-view/config/config.default.js",
    "start": 1613111709425,
    "end": 1613111709426,
    "duration": 1,
    "pid": 10108,
    "index": 16
  },
  {
    "name": "Require(13) node_modules/egg-mysql/config/config.default.js",
    "start": 1613111709426,
    "end": 1613111709427,
    "duration": 1,
    "pid": 10108,
    "index": 17
  },
  {
    "name": "Require(14) node_modules/egg-cors/config/config.default.js",
    "start": 1613111709427,
    "end": 1613111709428,
    "duration": 1,
    "pid": 10108,
    "index": 18
  },
  {
    "name": "Require(15) node_modules/egg/config/config.default.js",
    "start": 1613111709428,
    "end": 1613111709429,
    "duration": 1,
    "pid": 10108,
    "index": 19
  },
  {
    "name": "Require(16) config/config.default.js",
    "start": 1613111709430,
    "end": 1613111709430,
    "duration": 0,
    "pid": 10108,
    "index": 20
  },
  {
    "name": "Require(17) node_modules/egg-security/config/config.local.js",
    "start": 1613111709431,
    "end": 1613111709431,
    "duration": 0,
    "pid": 10108,
    "index": 21
  },
  {
    "name": "Require(18) node_modules/egg-watcher/config/config.local.js",
    "start": 1613111709433,
    "end": 1613111709433,
    "duration": 0,
    "pid": 10108,
    "index": 22
  },
  {
    "name": "Require(19) node_modules/egg-view/config/config.local.js",
    "start": 1613111709435,
    "end": 1613111709435,
    "duration": 0,
    "pid": 10108,
    "index": 23
  },
  {
    "name": "Require(20) node_modules/egg/config/config.local.js",
    "start": 1613111709436,
    "end": 1613111709436,
    "duration": 0,
    "pid": 10108,
    "index": 24
  },
  {
    "name": "Load extend/application.js",
    "start": 1613111709437,
    "end": 1613111709481,
    "duration": 44,
    "pid": 10108,
    "index": 25
  },
  {
    "name": "Require(21) node_modules/egg-session/app/extend/application.js",
    "start": 1613111709438,
    "end": 1613111709439,
    "duration": 1,
    "pid": 10108,
    "index": 26
  },
  {
    "name": "Require(22) node_modules/egg-security/app/extend/application.js",
    "start": 1613111709439,
    "end": 1613111709441,
    "duration": 2,
    "pid": 10108,
    "index": 27
  },
  {
    "name": "Require(23) node_modules/egg-jsonp/app/extend/application.js",
    "start": 1613111709441,
    "end": 1613111709443,
    "duration": 2,
    "pid": 10108,
    "index": 28
  },
  {
    "name": "Require(24) node_modules/egg-logrotator/app/extend/application.js",
    "start": 1613111709444,
    "end": 1613111709457,
    "duration": 13,
    "pid": 10108,
    "index": 29
  },
  {
    "name": "Require(25) node_modules/egg-view/app/extend/application.js",
    "start": 1613111709466,
    "end": 1613111709472,
    "duration": 6,
    "pid": 10108,
    "index": 30
  },
  {
    "name": "Load extend/request.js",
    "start": 1613111709481,
    "end": 1613111709491,
    "duration": 10,
    "pid": 10108,
    "index": 31
  },
  {
    "name": "Require(26) node_modules/egg/app/extend/request.js",
    "start": 1613111709485,
    "end": 1613111709486,
    "duration": 1,
    "pid": 10108,
    "index": 32
  },
  {
    "name": "Load extend/response.js",
    "start": 1613111709491,
    "end": 1613111709500,
    "duration": 9,
    "pid": 10108,
    "index": 33
  },
  {
    "name": "Require(27) node_modules/egg/app/extend/response.js",
    "start": 1613111709494,
    "end": 1613111709496,
    "duration": 2,
    "pid": 10108,
    "index": 34
  },
  {
    "name": "Load extend/context.js",
    "start": 1613111709501,
    "end": 1613111709582,
    "duration": 81,
    "pid": 10108,
    "index": 35
  },
  {
    "name": "Require(28) node_modules/egg-security/app/extend/context.js",
    "start": 1613111709501,
    "end": 1613111709519,
    "duration": 18,
    "pid": 10108,
    "index": 36
  },
  {
    "name": "Require(29) node_modules/egg-jsonp/app/extend/context.js",
    "start": 1613111709520,
    "end": 1613111709522,
    "duration": 2,
    "pid": 10108,
    "index": 37
  },
  {
    "name": "Require(30) node_modules/egg-i18n/app/extend/context.js",
    "start": 1613111709523,
    "end": 1613111709523,
    "duration": 0,
    "pid": 10108,
    "index": 38
  },
  {
    "name": "Require(31) node_modules/egg-multipart/app/extend/context.js",
    "start": 1613111709525,
    "end": 1613111709574,
    "duration": 49,
    "pid": 10108,
    "index": 39
  },
  {
    "name": "Require(32) node_modules/egg-view/app/extend/context.js",
    "start": 1613111709575,
    "end": 1613111709576,
    "duration": 1,
    "pid": 10108,
    "index": 40
  },
  {
    "name": "Require(33) node_modules/egg/app/extend/context.js",
    "start": 1613111709577,
    "end": 1613111709578,
    "duration": 1,
    "pid": 10108,
    "index": 41
  },
  {
    "name": "Load extend/helper.js",
    "start": 1613111709582,
    "end": 1613111709609,
    "duration": 27,
    "pid": 10108,
    "index": 42
  },
  {
    "name": "Require(34) node_modules/egg-security/app/extend/helper.js",
    "start": 1613111709583,
    "end": 1613111709600,
    "duration": 17,
    "pid": 10108,
    "index": 43
  },
  {
    "name": "Require(35) node_modules/egg/app/extend/helper.js",
    "start": 1613111709605,
    "end": 1613111709605,
    "duration": 0,
    "pid": 10108,
    "index": 44
  },
  {
    "name": "Load app.js",
    "start": 1613111709609,
    "end": 1613111709656,
    "duration": 47,
    "pid": 10108,
    "index": 45
  },
  {
    "name": "Require(36) node_modules/egg-session/app.js",
    "start": 1613111709610,
    "end": 1613111709611,
    "duration": 1,
    "pid": 10108,
    "index": 46
  },
  {
    "name": "Require(37) node_modules/egg-security/app.js",
    "start": 1613111709611,
    "end": 1613111709612,
    "duration": 1,
    "pid": 10108,
    "index": 47
  },
  {
    "name": "Require(38) node_modules/egg-onerror/app.js",
    "start": 1613111709613,
    "end": 1613111709622,
    "duration": 9,
    "pid": 10108,
    "index": 48
  },
  {
    "name": "Require(39) node_modules/egg-i18n/app.js",
    "start": 1613111709623,
    "end": 1613111709632,
    "duration": 9,
    "pid": 10108,
    "index": 49
  },
  {
    "name": "Require(40) node_modules/egg-watcher/app.js",
    "start": 1613111709632,
    "end": 1613111709636,
    "duration": 4,
    "pid": 10108,
    "index": 50
  },
  {
    "name": "Require(41) node_modules/egg-schedule/app.js",
    "start": 1613111709636,
    "end": 1613111709638,
    "duration": 2,
    "pid": 10108,
    "index": 51
  },
  {
    "name": "Require(42) node_modules/egg-multipart/app.js",
    "start": 1613111709638,
    "end": 1613111709639,
    "duration": 1,
    "pid": 10108,
    "index": 52
  },
  {
    "name": "Require(43) node_modules/egg-development/app.js",
    "start": 1613111709639,
    "end": 1613111709640,
    "duration": 1,
    "pid": 10108,
    "index": 53
  },
  {
    "name": "Require(44) node_modules/egg-logrotator/app.js",
    "start": 1613111709640,
    "end": 1613111709641,
    "duration": 1,
    "pid": 10108,
    "index": 54
  },
  {
    "name": "Require(45) node_modules/egg-static/app.js",
    "start": 1613111709641,
    "end": 1613111709641,
    "duration": 0,
    "pid": 10108,
    "index": 55
  },
  {
    "name": "Require(46) node_modules/egg-mysql/app.js",
    "start": 1613111709642,
    "end": 1613111709654,
    "duration": 12,
    "pid": 10108,
    "index": 56
  },
  {
    "name": "Require(47) node_modules/egg-cors/app.js",
    "start": 1613111709655,
    "end": 1613111709655,
    "duration": 0,
    "pid": 10108,
    "index": 57
  },
  {
    "name": "Before Start in node_modules/egg-watcher/lib/init.js:15:14",
    "start": 1613111709669,
    "end": 1613111710004,
    "duration": 335,
    "pid": 10108,
    "index": 58
  },
  {
    "name": "Before Start in node_modules/egg-mysql/lib/mysql.js:20:7",
    "start": 1613111709792,
    "end": 1613111710142,
    "duration": 350,
    "pid": 10108,
    "index": 59
  },
  {
    "name": "Load Service",
    "start": 1613111709793,
    "end": 1613111709799,
    "duration": 6,
    "pid": 10108,
    "index": 60
  },
  {
    "name": "Load \"service\" to Context",
    "start": 1613111709793,
    "end": 1613111709799,
    "duration": 6,
    "pid": 10108,
    "index": 61
  },
  {
    "name": "Load Middleware",
    "start": 1613111709799,
    "end": 1613111709975,
    "duration": 176,
    "pid": 10108,
    "index": 62
  },
  {
    "name": "Load \"middlewares\" to Application",
    "start": 1613111709799,
    "end": 1613111709934,
    "duration": 135,
    "pid": 10108,
    "index": 63
  },
  {
    "name": "Load Controller",
    "start": 1613111709975,
    "end": 1613111709979,
    "duration": 4,
    "pid": 10108,
    "index": 64
  },
  {
    "name": "Load \"controller\" to Application",
    "start": 1613111709975,
    "end": 1613111709979,
    "duration": 4,
    "pid": 10108,
    "index": 65
  },
  {
    "name": "Load Router",
    "start": 1613111709979,
    "end": 1613111709983,
    "duration": 4,
    "pid": 10108,
    "index": 66
  },
  {
    "name": "Require(48) app/router.js",
    "start": 1613111709979,
    "end": 1613111709979,
    "duration": 0,
    "pid": 10108,
    "index": 67
  },
  {
    "name": "Before Start in node_modules/egg-core/lib/egg.js:303:10",
    "start": 1613111709981,
    "end": 1613111709995,
    "duration": 14,
    "pid": 10108,
    "index": 68
  }
]