[
  {
    "name": "Process Start",
    "start": 1626943475945,
    "end": 1626943477283,
    "duration": 1338,
    "pid": 26456,
    "index": 0
  },
  {
    "name": "Application Start",
    "start": 1626943477284,
    "end": 1626943478152,
    "duration": 868,
    "pid": 26456,
    "index": 1
  },
  {
    "name": "Load Plugin",
    "start": 1626943477292,
    "end": 1626943477322,
    "duration": 30,
    "pid": 26456,
    "index": 2
  },
  {
    "name": "Load Config",
    "start": 1626943477322,
    "end": 1626943477361,
    "duration": 39,
    "pid": 26456,
    "index": 3
  },
  {
    "name": "Require(0) config/config.default.js",
    "start": 1626943477323,
    "end": 1626943477323,
    "duration": 0,
    "pid": 26456,
    "index": 4
  },
  {
    "name": "Require(1) node_modules/egg-session/config/config.default.js",
    "start": 1626943477326,
    "end": 1626943477326,
    "duration": 0,
    "pid": 26456,
    "index": 5
  },
  {
    "name": "Require(2) node_modules/egg-security/config/config.default.js",
    "start": 1626943477327,
    "end": 1626943477327,
    "duration": 0,
    "pid": 26456,
    "index": 6
  },
  {
    "name": "Require(3) node_modules/egg-jsonp/config/config.default.js",
    "start": 1626943477329,
    "end": 1626943477329,
    "duration": 0,
    "pid": 26456,
    "index": 7
  },
  {
    "name": "Require(4) node_modules/egg-onerror/config/config.default.js",
    "start": 1626943477330,
    "end": 1626943477330,
    "duration": 0,
    "pid": 26456,
    "index": 8
  },
  {
    "name": "Require(5) node_modules/egg-i18n/config/config.default.js",
    "start": 1626943477331,
    "end": 1626943477332,
    "duration": 1,
    "pid": 26456,
    "index": 9
  },
  {
    "name": "Require(6) node_modules/egg-watcher/config/config.default.js",
    "start": 1626943477334,
    "end": 1626943477335,
    "duration": 1,
    "pid": 26456,
    "index": 10
  },
  {
    "name": "Require(7) node_modules/egg-schedule/config/config.default.js",
    "start": 1626943477336,
    "end": 1626943477337,
    "duration": 1,
    "pid": 26456,
    "index": 11
  },
  {
    "name": "Require(8) node_modules/egg-multipart/config/config.default.js",
    "start": 1626943477338,
    "end": 1626943477338,
    "duration": 0,
    "pid": 26456,
    "index": 12
  },
  {
    "name": "Require(9) node_modules/egg-development/config/config.default.js",
    "start": 1626943477339,
    "end": 1626943477340,
    "duration": 1,
    "pid": 26456,
    "index": 13
  },
  {
    "name": "Require(10) node_modules/egg-logrotator/config/config.default.js",
    "start": 1626943477340,
    "end": 1626943477341,
    "duration": 1,
    "pid": 26456,
    "index": 14
  },
  {
    "name": "Require(11) node_modules/egg-static/config/config.default.js",
    "start": 1626943477342,
    "end": 1626943477342,
    "duration": 0,
    "pid": 26456,
    "index": 15
  },
  {
    "name": "Require(12) node_modules/egg-view/config/config.default.js",
    "start": 1626943477343,
    "end": 1626943477343,
    "duration": 0,
    "pid": 26456,
    "index": 16
  },
  {
    "name": "Require(13) node_modules/egg-mysql/config/config.default.js",
    "start": 1626943477344,
    "end": 1626943477345,
    "duration": 1,
    "pid": 26456,
    "index": 17
  },
  {
    "name": "Require(14) node_modules/egg-cors/config/config.default.js",
    "start": 1626943477346,
    "end": 1626943477346,
    "duration": 0,
    "pid": 26456,
    "index": 18
  },
  {
    "name": "Require(15) node_modules/egg-jwt/config/config.default.js",
    "start": 1626943477347,
    "end": 1626943477347,
    "duration": 0,
    "pid": 26456,
    "index": 19
  },
  {
    "name": "Require(16) node_modules/egg/config/config.default.js",
    "start": 1626943477348,
    "end": 1626943477348,
    "duration": 0,
    "pid": 26456,
    "index": 20
  },
  {
    "name": "Require(17) config/config.default.js",
    "start": 1626943477352,
    "end": 1626943477352,
    "duration": 0,
    "pid": 26456,
    "index": 21
  },
  {
    "name": "Require(18) node_modules/egg-security/config/config.local.js",
    "start": 1626943477355,
    "end": 1626943477355,
    "duration": 0,
    "pid": 26456,
    "index": 22
  },
  {
    "name": "Require(19) node_modules/egg-watcher/config/config.local.js",
    "start": 1626943477356,
    "end": 1626943477357,
    "duration": 1,
    "pid": 26456,
    "index": 23
  },
  {
    "name": "Require(20) node_modules/egg-view/config/config.local.js",
    "start": 1626943477359,
    "end": 1626943477359,
    "duration": 0,
    "pid": 26456,
    "index": 24
  },
  {
    "name": "Require(21) node_modules/egg/config/config.local.js",
    "start": 1626943477361,
    "end": 1626943477361,
    "duration": 0,
    "pid": 26456,
    "index": 25
  },
  {
    "name": "Load extend/application.js",
    "start": 1626943477362,
    "end": 1626943477452,
    "duration": 90,
    "pid": 26456,
    "index": 26
  },
  {
    "name": "Require(22) node_modules/egg-session/app/extend/application.js",
    "start": 1626943477363,
    "end": 1626943477364,
    "duration": 1,
    "pid": 26456,
    "index": 27
  },
  {
    "name": "Require(23) node_modules/egg-security/app/extend/application.js",
    "start": 1626943477364,
    "end": 1626943477367,
    "duration": 3,
    "pid": 26456,
    "index": 28
  },
  {
    "name": "Require(24) node_modules/egg-jsonp/app/extend/application.js",
    "start": 1626943477368,
    "end": 1626943477371,
    "duration": 3,
    "pid": 26456,
    "index": 29
  },
  {
    "name": "Require(25) node_modules/egg-logrotator/app/extend/application.js",
    "start": 1626943477375,
    "end": 1626943477385,
    "duration": 10,
    "pid": 26456,
    "index": 30
  },
  {
    "name": "Require(26) node_modules/egg-view/app/extend/application.js",
    "start": 1626943477386,
    "end": 1626943477388,
    "duration": 2,
    "pid": 26456,
    "index": 31
  },
  {
    "name": "Require(27) node_modules/egg-jwt/app/extend/application.js",
    "start": 1626943477389,
    "end": 1626943477446,
    "duration": 57,
    "pid": 26456,
    "index": 32
  },
  {
    "name": "Load extend/request.js",
    "start": 1626943477452,
    "end": 1626943477462,
    "duration": 10,
    "pid": 26456,
    "index": 33
  },
  {
    "name": "Require(28) node_modules/egg/app/extend/request.js",
    "start": 1626943477456,
    "end": 1626943477457,
    "duration": 1,
    "pid": 26456,
    "index": 34
  },
  {
    "name": "Load extend/response.js",
    "start": 1626943477462,
    "end": 1626943477473,
    "duration": 11,
    "pid": 26456,
    "index": 35
  },
  {
    "name": "Require(29) node_modules/egg/app/extend/response.js",
    "start": 1626943477465,
    "end": 1626943477469,
    "duration": 4,
    "pid": 26456,
    "index": 36
  },
  {
    "name": "Load extend/context.js",
    "start": 1626943477473,
    "end": 1626943477566,
    "duration": 93,
    "pid": 26456,
    "index": 37
  },
  {
    "name": "Require(30) node_modules/egg-security/app/extend/context.js",
    "start": 1626943477474,
    "end": 1626943477493,
    "duration": 19,
    "pid": 26456,
    "index": 38
  },
  {
    "name": "Require(31) node_modules/egg-jsonp/app/extend/context.js",
    "start": 1626943477493,
    "end": 1626943477495,
    "duration": 2,
    "pid": 26456,
    "index": 39
  },
  {
    "name": "Require(32) node_modules/egg-i18n/app/extend/context.js",
    "start": 1626943477496,
    "end": 1626943477496,
    "duration": 0,
    "pid": 26456,
    "index": 40
  },
  {
    "name": "Require(33) node_modules/egg-multipart/app/extend/context.js",
    "start": 1626943477497,
    "end": 1626943477554,
    "duration": 57,
    "pid": 26456,
    "index": 41
  },
  {
    "name": "Require(34) node_modules/egg-view/app/extend/context.js",
    "start": 1626943477555,
    "end": 1626943477556,
    "duration": 1,
    "pid": 26456,
    "index": 42
  },
  {
    "name": "Require(35) node_modules/egg/app/extend/context.js",
    "start": 1626943477557,
    "end": 1626943477558,
    "duration": 1,
    "pid": 26456,
    "index": 43
  },
  {
    "name": "Load extend/helper.js",
    "start": 1626943477566,
    "end": 1626943477606,
    "duration": 40,
    "pid": 26456,
    "index": 44
  },
  {
    "name": "Require(36) node_modules/egg-security/app/extend/helper.js",
    "start": 1626943477568,
    "end": 1626943477595,
    "duration": 27,
    "pid": 26456,
    "index": 45
  },
  {
    "name": "Require(37) node_modules/egg/app/extend/helper.js",
    "start": 1626943477599,
    "end": 1626943477599,
    "duration": 0,
    "pid": 26456,
    "index": 46
  },
  {
    "name": "Load app.js",
    "start": 1626943477606,
    "end": 1626943477680,
    "duration": 74,
    "pid": 26456,
    "index": 47
  },
  {
    "name": "Require(38) node_modules/egg-session/app.js",
    "start": 1626943477607,
    "end": 1626943477607,
    "duration": 0,
    "pid": 26456,
    "index": 48
  },
  {
    "name": "Require(39) node_modules/egg-security/app.js",
    "start": 1626943477608,
    "end": 1626943477612,
    "duration": 4,
    "pid": 26456,
    "index": 49
  },
  {
    "name": "Require(40) node_modules/egg-onerror/app.js",
    "start": 1626943477613,
    "end": 1626943477627,
    "duration": 14,
    "pid": 26456,
    "index": 50
  },
  {
    "name": "Require(41) node_modules/egg-i18n/app.js",
    "start": 1626943477627,
    "end": 1626943477642,
    "duration": 15,
    "pid": 26456,
    "index": 51
  },
  {
    "name": "Require(42) node_modules/egg-watcher/app.js",
    "start": 1626943477642,
    "end": 1626943477646,
    "duration": 4,
    "pid": 26456,
    "index": 52
  },
  {
    "name": "Require(43) node_modules/egg-schedule/app.js",
    "start": 1626943477647,
    "end": 1626943477649,
    "duration": 2,
    "pid": 26456,
    "index": 53
  },
  {
    "name": "Require(44) node_modules/egg-multipart/app.js",
    "start": 1626943477651,
    "end": 1626943477652,
    "duration": 1,
    "pid": 26456,
    "index": 54
  },
  {
    "name": "Require(45) node_modules/egg-development/app.js",
    "start": 1626943477653,
    "end": 1626943477654,
    "duration": 1,
    "pid": 26456,
    "index": 55
  },
  {
    "name": "Require(46) node_modules/egg-logrotator/app.js",
    "start": 1626943477654,
    "end": 1626943477655,
    "duration": 1,
    "pid": 26456,
    "index": 56
  },
  {
    "name": "Require(47) node_modules/egg-static/app.js",
    "start": 1626943477656,
    "end": 1626943477656,
    "duration": 0,
    "pid": 26456,
    "index": 57
  },
  {
    "name": "Require(48) node_modules/egg-mysql/app.js",
    "start": 1626943477657,
    "end": 1626943477677,
    "duration": 20,
    "pid": 26456,
    "index": 58
  },
  {
    "name": "Require(49) node_modules/egg-cors/app.js",
    "start": 1626943477677,
    "end": 1626943477678,
    "duration": 1,
    "pid": 26456,
    "index": 59
  },
  {
    "name": "Require(50) node_modules/egg-jwt/app.js",
    "start": 1626943477678,
    "end": 1626943477679,
    "duration": 1,
    "pid": 26456,
    "index": 60
  },
  {
    "name": "Before Start in node_modules/egg-watcher/lib/init.js:15:14",
    "start": 1626943477693,
    "end": 1626943478030,
    "duration": 337,
    "pid": 26456,
    "index": 61
  },
  {
    "name": "Before Start in node_modules/egg-mysql/lib/mysql.js:20:7",
    "start": 1626943477830,
    "end": 1626943478152,
    "duration": 322,
    "pid": 26456,
    "index": 62
  },
  {
    "name": "Load Service",
    "start": 1626943477830,
    "end": 1626943477840,
    "duration": 10,
    "pid": 26456,
    "index": 63
  },
  {
    "name": "Load \"service\" to Context",
    "start": 1626943477830,
    "end": 1626943477840,
    "duration": 10,
    "pid": 26456,
    "index": 64
  },
  {
    "name": "Load Middleware",
    "start": 1626943477840,
    "end": 1626943477995,
    "duration": 155,
    "pid": 26456,
    "index": 65
  },
  {
    "name": "Load \"middlewares\" to Application",
    "start": 1626943477840,
    "end": 1626943477977,
    "duration": 137,
    "pid": 26456,
    "index": 66
  },
  {
    "name": "Load Controller",
    "start": 1626943477995,
    "end": 1626943478001,
    "duration": 6,
    "pid": 26456,
    "index": 67
  },
  {
    "name": "Load \"controller\" to Application",
    "start": 1626943477995,
    "end": 1626943478001,
    "duration": 6,
    "pid": 26456,
    "index": 68
  },
  {
    "name": "Load Router",
    "start": 1626943478002,
    "end": 1626943478006,
    "duration": 4,
    "pid": 26456,
    "index": 69
  },
  {
    "name": "Require(51) app/router.js",
    "start": 1626943478002,
    "end": 1626943478003,
    "duration": 1,
    "pid": 26456,
    "index": 70
  },
  {
    "name": "Before Start in node_modules/egg-core/lib/egg.js:303:10",
    "start": 1626943478004,
    "end": 1626943478020,
    "duration": 16,
    "pid": 26456,
    "index": 71
  }
]