[
  {
    "name": "Process Start",
    "start": 1613112060825,
    "end": 1613112062096,
    "duration": 1271,
    "pid": 6660,
    "index": 0
  },
  {
    "name": "Application Start",
    "start": 1613112062096,
    "end": 1613112062855,
    "duration": 759,
    "pid": 6660,
    "index": 1
  },
  {
    "name": "Load Plugin",
    "start": 1613112062104,
    "end": 1613112062126,
    "duration": 22,
    "pid": 6660,
    "index": 2
  },
  {
    "name": "Load Config",
    "start": 1613112062127,
    "end": 1613112062153,
    "duration": 26,
    "pid": 6660,
    "index": 3
  },
  {
    "name": "Require(0) config/config.default.js",
    "start": 1613112062127,
    "end": 1613112062128,
    "duration": 1,
    "pid": 6660,
    "index": 4
  },
  {
    "name": "Require(1) node_modules/egg-session/config/config.default.js",
    "start": 1613112062129,
    "end": 1613112062130,
    "duration": 1,
    "pid": 6660,
    "index": 5
  },
  {
    "name": "Require(2) node_modules/egg-security/config/config.default.js",
    "start": 1613112062130,
    "end": 1613112062130,
    "duration": 0,
    "pid": 6660,
    "index": 6
  },
  {
    "name": "Require(3) node_modules/egg-jsonp/config/config.default.js",
    "start": 1613112062131,
    "end": 1613112062132,
    "duration": 1,
    "pid": 6660,
    "index": 7
  },
  {
    "name": "Require(4) node_modules/egg-onerror/config/config.default.js",
    "start": 1613112062132,
    "end": 1613112062133,
    "duration": 1,
    "pid": 6660,
    "index": 8
  },
  {
    "name": "Require(5) node_modules/egg-i18n/config/config.default.js",
    "start": 1613112062134,
    "end": 1613112062135,
    "duration": 1,
    "pid": 6660,
    "index": 9
  },
  {
    "name": "Require(6) node_modules/egg-watcher/config/config.default.js",
    "start": 1613112062136,
    "end": 1613112062137,
    "duration": 1,
    "pid": 6660,
    "index": 10
  },
  {
    "name": "Require(7) node_modules/egg-schedule/config/config.default.js",
    "start": 1613112062137,
    "end": 1613112062138,
    "duration": 1,
    "pid": 6660,
    "index": 11
  },
  {
    "name": "Require(8) node_modules/egg-multipart/config/config.default.js",
    "start": 1613112062138,
    "end": 1613112062139,
    "duration": 1,
    "pid": 6660,
    "index": 12
  },
  {
    "name": "Require(9) node_modules/egg-development/config/config.default.js",
    "start": 1613112062139,
    "end": 1613112062140,
    "duration": 1,
    "pid": 6660,
    "index": 13
  },
  {
    "name": "Require(10) node_modules/egg-logrotator/config/config.default.js",
    "start": 1613112062140,
    "end": 1613112062141,
    "duration": 1,
    "pid": 6660,
    "index": 14
  },
  {
    "name": "Require(11) node_modules/egg-static/config/config.default.js",
    "start": 1613112062141,
    "end": 1613112062142,
    "duration": 1,
    "pid": 6660,
    "index": 15
  },
  {
    "name": "Require(12) node_modules/egg-view/config/config.default.js",
    "start": 1613112062142,
    "end": 1613112062143,
    "duration": 1,
    "pid": 6660,
    "index": 16
  },
  {
    "name": "Require(13) node_modules/egg-mysql/config/config.default.js",
    "start": 1613112062143,
    "end": 1613112062144,
    "duration": 1,
    "pid": 6660,
    "index": 17
  },
  {
    "name": "Require(14) node_modules/egg-cors/config/config.default.js",
    "start": 1613112062144,
    "end": 1613112062145,
    "duration": 1,
    "pid": 6660,
    "index": 18
  },
  {
    "name": "Require(15) node_modules/egg/config/config.default.js",
    "start": 1613112062145,
    "end": 1613112062145,
    "duration": 0,
    "pid": 6660,
    "index": 19
  },
  {
    "name": "Require(16) config/config.default.js",
    "start": 1613112062146,
    "end": 1613112062146,
    "duration": 0,
    "pid": 6660,
    "index": 20
  },
  {
    "name": "Require(17) node_modules/egg-security/config/config.local.js",
    "start": 1613112062147,
    "end": 1613112062147,
    "duration": 0,
    "pid": 6660,
    "index": 21
  },
  {
    "name": "Require(18) node_modules/egg-watcher/config/config.local.js",
    "start": 1613112062148,
    "end": 1613112062149,
    "duration": 1,
    "pid": 6660,
    "index": 22
  },
  {
    "name": "Require(19) node_modules/egg-view/config/config.local.js",
    "start": 1613112062150,
    "end": 1613112062151,
    "duration": 1,
    "pid": 6660,
    "index": 23
  },
  {
    "name": "Require(20) node_modules/egg/config/config.local.js",
    "start": 1613112062153,
    "end": 1613112062153,
    "duration": 0,
    "pid": 6660,
    "index": 24
  },
  {
    "name": "Load extend/application.js",
    "start": 1613112062155,
    "end": 1613112062180,
    "duration": 25,
    "pid": 6660,
    "index": 25
  },
  {
    "name": "Require(21) node_modules/egg-session/app/extend/application.js",
    "start": 1613112062156,
    "end": 1613112062156,
    "duration": 0,
    "pid": 6660,
    "index": 26
  },
  {
    "name": "Require(22) node_modules/egg-security/app/extend/application.js",
    "start": 1613112062158,
    "end": 1613112062159,
    "duration": 1,
    "pid": 6660,
    "index": 27
  },
  {
    "name": "Require(23) node_modules/egg-jsonp/app/extend/application.js",
    "start": 1613112062160,
    "end": 1613112062161,
    "duration": 1,
    "pid": 6660,
    "index": 28
  },
  {
    "name": "Require(24) node_modules/egg-logrotator/app/extend/application.js",
    "start": 1613112062163,
    "end": 1613112062174,
    "duration": 11,
    "pid": 6660,
    "index": 29
  },
  {
    "name": "Require(25) node_modules/egg-view/app/extend/application.js",
    "start": 1613112062174,
    "end": 1613112062176,
    "duration": 2,
    "pid": 6660,
    "index": 30
  },
  {
    "name": "Load extend/request.js",
    "start": 1613112062180,
    "end": 1613112062191,
    "duration": 11,
    "pid": 6660,
    "index": 31
  },
  {
    "name": "Require(26) node_modules/egg/app/extend/request.js",
    "start": 1613112062185,
    "end": 1613112062187,
    "duration": 2,
    "pid": 6660,
    "index": 32
  },
  {
    "name": "Load extend/response.js",
    "start": 1613112062192,
    "end": 1613112062221,
    "duration": 29,
    "pid": 6660,
    "index": 33
  },
  {
    "name": "Require(27) node_modules/egg/app/extend/response.js",
    "start": 1613112062195,
    "end": 1613112062198,
    "duration": 3,
    "pid": 6660,
    "index": 34
  },
  {
    "name": "Load extend/context.js",
    "start": 1613112062222,
    "end": 1613112062304,
    "duration": 82,
    "pid": 6660,
    "index": 35
  },
  {
    "name": "Require(28) node_modules/egg-security/app/extend/context.js",
    "start": 1613112062223,
    "end": 1613112062240,
    "duration": 17,
    "pid": 6660,
    "index": 36
  },
  {
    "name": "Require(29) node_modules/egg-jsonp/app/extend/context.js",
    "start": 1613112062240,
    "end": 1613112062242,
    "duration": 2,
    "pid": 6660,
    "index": 37
  },
  {
    "name": "Require(30) node_modules/egg-i18n/app/extend/context.js",
    "start": 1613112062242,
    "end": 1613112062243,
    "duration": 1,
    "pid": 6660,
    "index": 38
  },
  {
    "name": "Require(31) node_modules/egg-multipart/app/extend/context.js",
    "start": 1613112062244,
    "end": 1613112062295,
    "duration": 51,
    "pid": 6660,
    "index": 39
  },
  {
    "name": "Require(32) node_modules/egg-view/app/extend/context.js",
    "start": 1613112062296,
    "end": 1613112062297,
    "duration": 1,
    "pid": 6660,
    "index": 40
  },
  {
    "name": "Require(33) node_modules/egg/app/extend/context.js",
    "start": 1613112062298,
    "end": 1613112062299,
    "duration": 1,
    "pid": 6660,
    "index": 41
  },
  {
    "name": "Load extend/helper.js",
    "start": 1613112062304,
    "end": 1613112062332,
    "duration": 28,
    "pid": 6660,
    "index": 42
  },
  {
    "name": "Require(34) node_modules/egg-security/app/extend/helper.js",
    "start": 1613112062305,
    "end": 1613112062324,
    "duration": 19,
    "pid": 6660,
    "index": 43
  },
  {
    "name": "Require(35) node_modules/egg/app/extend/helper.js",
    "start": 1613112062328,
    "end": 1613112062329,
    "duration": 1,
    "pid": 6660,
    "index": 44
  },
  {
    "name": "Load app.js",
    "start": 1613112062333,
    "end": 1613112062390,
    "duration": 57,
    "pid": 6660,
    "index": 45
  },
  {
    "name": "Require(36) node_modules/egg-session/app.js",
    "start": 1613112062333,
    "end": 1613112062333,
    "duration": 0,
    "pid": 6660,
    "index": 46
  },
  {
    "name": "Require(37) node_modules/egg-security/app.js",
    "start": 1613112062334,
    "end": 1613112062336,
    "duration": 2,
    "pid": 6660,
    "index": 47
  },
  {
    "name": "Require(38) node_modules/egg-onerror/app.js",
    "start": 1613112062337,
    "end": 1613112062348,
    "duration": 11,
    "pid": 6660,
    "index": 48
  },
  {
    "name": "Require(39) node_modules/egg-i18n/app.js",
    "start": 1613112062348,
    "end": 1613112062360,
    "duration": 12,
    "pid": 6660,
    "index": 49
  },
  {
    "name": "Require(40) node_modules/egg-watcher/app.js",
    "start": 1613112062360,
    "end": 1613112062363,
    "duration": 3,
    "pid": 6660,
    "index": 50
  },
  {
    "name": "Require(41) node_modules/egg-schedule/app.js",
    "start": 1613112062363,
    "end": 1613112062365,
    "duration": 2,
    "pid": 6660,
    "index": 51
  },
  {
    "name": "Require(42) node_modules/egg-multipart/app.js",
    "start": 1613112062365,
    "end": 1613112062366,
    "duration": 1,
    "pid": 6660,
    "index": 52
  },
  {
    "name": "Require(43) node_modules/egg-development/app.js",
    "start": 1613112062366,
    "end": 1613112062367,
    "duration": 1,
    "pid": 6660,
    "index": 53
  },
  {
    "name": "Require(44) node_modules/egg-logrotator/app.js",
    "start": 1613112062367,
    "end": 1613112062369,
    "duration": 2,
    "pid": 6660,
    "index": 54
  },
  {
    "name": "Require(45) node_modules/egg-static/app.js",
    "start": 1613112062369,
    "end": 1613112062370,
    "duration": 1,
    "pid": 6660,
    "index": 55
  },
  {
    "name": "Require(46) node_modules/egg-mysql/app.js",
    "start": 1613112062371,
    "end": 1613112062384,
    "duration": 13,
    "pid": 6660,
    "index": 56
  },
  {
    "name": "Require(47) node_modules/egg-cors/app.js",
    "start": 1613112062385,
    "end": 1613112062389,
    "duration": 4,
    "pid": 6660,
    "index": 57
  },
  {
    "name": "Before Start in node_modules/egg-watcher/lib/init.js:15:14",
    "start": 1613112062400,
    "end": 1613112062698,
    "duration": 298,
    "pid": 6660,
    "index": 58
  },
  {
    "name": "Before Start in node_modules/egg-mysql/lib/mysql.js:20:7",
    "start": 1613112062527,
    "end": 1613112062855,
    "duration": 328,
    "pid": 6660,
    "index": 59
  },
  {
    "name": "Load Service",
    "start": 1613112062528,
    "end": 1613112062535,
    "duration": 7,
    "pid": 6660,
    "index": 60
  },
  {
    "name": "Load \"service\" to Context",
    "start": 1613112062528,
    "end": 1613112062535,
    "duration": 7,
    "pid": 6660,
    "index": 61
  },
  {
    "name": "Load Middleware",
    "start": 1613112062535,
    "end": 1613112062670,
    "duration": 135,
    "pid": 6660,
    "index": 62
  },
  {
    "name": "Load \"middlewares\" to Application",
    "start": 1613112062536,
    "end": 1613112062656,
    "duration": 120,
    "pid": 6660,
    "index": 63
  },
  {
    "name": "Load Controller",
    "start": 1613112062670,
    "end": 1613112062674,
    "duration": 4,
    "pid": 6660,
    "index": 64
  },
  {
    "name": "Load \"controller\" to Application",
    "start": 1613112062670,
    "end": 1613112062674,
    "duration": 4,
    "pid": 6660,
    "index": 65
  },
  {
    "name": "Load Router",
    "start": 1613112062674,
    "end": 1613112062679,
    "duration": 5,
    "pid": 6660,
    "index": 66
  },
  {
    "name": "Require(48) app/router.js",
    "start": 1613112062675,
    "end": 1613112062675,
    "duration": 0,
    "pid": 6660,
    "index": 67
  },
  {
    "name": "Before Start in node_modules/egg-core/lib/egg.js:303:10",
    "start": 1613112062676,
    "end": 1613112062690,
    "duration": 14,
    "pid": 6660,
    "index": 68
  }
]