[
  {
    "name": "Process Start",
    "start": 1613113396096,
    "end": 1613113397605,
    "duration": 1509,
    "pid": 22860,
    "index": 0
  },
  {
    "name": "Application Start",
    "start": 1613113397606,
    "end": 1613113398308,
    "duration": 702,
    "pid": 22860,
    "index": 1
  },
  {
    "name": "Load Plugin",
    "start": 1613113397612,
    "end": 1613113397635,
    "duration": 23,
    "pid": 22860,
    "index": 2
  },
  {
    "name": "Load Config",
    "start": 1613113397635,
    "end": 1613113397678,
    "duration": 43,
    "pid": 22860,
    "index": 3
  },
  {
    "name": "Require(0) config/config.default.js",
    "start": 1613113397638,
    "end": 1613113397643,
    "duration": 5,
    "pid": 22860,
    "index": 4
  },
  {
    "name": "Require(1) node_modules/egg-session/config/config.default.js",
    "start": 1613113397653,
    "end": 1613113397655,
    "duration": 2,
    "pid": 22860,
    "index": 5
  },
  {
    "name": "Require(2) node_modules/egg-security/config/config.default.js",
    "start": 1613113397656,
    "end": 1613113397657,
    "duration": 1,
    "pid": 22860,
    "index": 6
  },
  {
    "name": "Require(3) node_modules/egg-jsonp/config/config.default.js",
    "start": 1613113397658,
    "end": 1613113397658,
    "duration": 0,
    "pid": 22860,
    "index": 7
  },
  {
    "name": "Require(4) node_modules/egg-onerror/config/config.default.js",
    "start": 1613113397659,
    "end": 1613113397659,
    "duration": 0,
    "pid": 22860,
    "index": 8
  },
  {
    "name": "Require(5) node_modules/egg-i18n/config/config.default.js",
    "start": 1613113397660,
    "end": 1613113397660,
    "duration": 0,
    "pid": 22860,
    "index": 9
  },
  {
    "name": "Require(6) node_modules/egg-watcher/config/config.default.js",
    "start": 1613113397661,
    "end": 1613113397661,
    "duration": 0,
    "pid": 22860,
    "index": 10
  },
  {
    "name": "Require(7) node_modules/egg-schedule/config/config.default.js",
    "start": 1613113397662,
    "end": 1613113397662,
    "duration": 0,
    "pid": 22860,
    "index": 11
  },
  {
    "name": "Require(8) node_modules/egg-multipart/config/config.default.js",
    "start": 1613113397663,
    "end": 1613113397663,
    "duration": 0,
    "pid": 22860,
    "index": 12
  },
  {
    "name": "Require(9) node_modules/egg-development/config/config.default.js",
    "start": 1613113397664,
    "end": 1613113397664,
    "duration": 0,
    "pid": 22860,
    "index": 13
  },
  {
    "name": "Require(10) node_modules/egg-logrotator/config/config.default.js",
    "start": 1613113397665,
    "end": 1613113397665,
    "duration": 0,
    "pid": 22860,
    "index": 14
  },
  {
    "name": "Require(11) node_modules/egg-static/config/config.default.js",
    "start": 1613113397667,
    "end": 1613113397667,
    "duration": 0,
    "pid": 22860,
    "index": 15
  },
  {
    "name": "Require(12) node_modules/egg-view/config/config.default.js",
    "start": 1613113397668,
    "end": 1613113397668,
    "duration": 0,
    "pid": 22860,
    "index": 16
  },
  {
    "name": "Require(13) node_modules/egg-mysql/config/config.default.js",
    "start": 1613113397669,
    "end": 1613113397669,
    "duration": 0,
    "pid": 22860,
    "index": 17
  },
  {
    "name": "Require(14) node_modules/egg-cors/config/config.default.js",
    "start": 1613113397670,
    "end": 1613113397670,
    "duration": 0,
    "pid": 22860,
    "index": 18
  },
  {
    "name": "Require(15) node_modules/egg/config/config.default.js",
    "start": 1613113397671,
    "end": 1613113397671,
    "duration": 0,
    "pid": 22860,
    "index": 19
  },
  {
    "name": "Require(16) config/config.default.js",
    "start": 1613113397673,
    "end": 1613113397673,
    "duration": 0,
    "pid": 22860,
    "index": 20
  },
  {
    "name": "Require(17) node_modules/egg-security/config/config.local.js",
    "start": 1613113397673,
    "end": 1613113397673,
    "duration": 0,
    "pid": 22860,
    "index": 21
  },
  {
    "name": "Require(18) node_modules/egg-watcher/config/config.local.js",
    "start": 1613113397675,
    "end": 1613113397675,
    "duration": 0,
    "pid": 22860,
    "index": 22
  },
  {
    "name": "Require(19) node_modules/egg-view/config/config.local.js",
    "start": 1613113397676,
    "end": 1613113397677,
    "duration": 1,
    "pid": 22860,
    "index": 23
  },
  {
    "name": "Require(20) node_modules/egg/config/config.local.js",
    "start": 1613113397677,
    "end": 1613113397678,
    "duration": 1,
    "pid": 22860,
    "index": 24
  },
  {
    "name": "Load extend/application.js",
    "start": 1613113397679,
    "end": 1613113397702,
    "duration": 23,
    "pid": 22860,
    "index": 25
  },
  {
    "name": "Require(21) node_modules/egg-session/app/extend/application.js",
    "start": 1613113397680,
    "end": 1613113397680,
    "duration": 0,
    "pid": 22860,
    "index": 26
  },
  {
    "name": "Require(22) node_modules/egg-security/app/extend/application.js",
    "start": 1613113397680,
    "end": 1613113397682,
    "duration": 2,
    "pid": 22860,
    "index": 27
  },
  {
    "name": "Require(23) node_modules/egg-jsonp/app/extend/application.js",
    "start": 1613113397683,
    "end": 1613113397685,
    "duration": 2,
    "pid": 22860,
    "index": 28
  },
  {
    "name": "Require(24) node_modules/egg-logrotator/app/extend/application.js",
    "start": 1613113397686,
    "end": 1613113397695,
    "duration": 9,
    "pid": 22860,
    "index": 29
  },
  {
    "name": "Require(25) node_modules/egg-view/app/extend/application.js",
    "start": 1613113397696,
    "end": 1613113397697,
    "duration": 1,
    "pid": 22860,
    "index": 30
  },
  {
    "name": "Load extend/request.js",
    "start": 1613113397702,
    "end": 1613113397710,
    "duration": 8,
    "pid": 22860,
    "index": 31
  },
  {
    "name": "Require(26) node_modules/egg/app/extend/request.js",
    "start": 1613113397706,
    "end": 1613113397707,
    "duration": 1,
    "pid": 22860,
    "index": 32
  },
  {
    "name": "Load extend/response.js",
    "start": 1613113397710,
    "end": 1613113397719,
    "duration": 9,
    "pid": 22860,
    "index": 33
  },
  {
    "name": "Require(27) node_modules/egg/app/extend/response.js",
    "start": 1613113397713,
    "end": 1613113397715,
    "duration": 2,
    "pid": 22860,
    "index": 34
  },
  {
    "name": "Load extend/context.js",
    "start": 1613113397719,
    "end": 1613113397793,
    "duration": 74,
    "pid": 22860,
    "index": 35
  },
  {
    "name": "Require(28) node_modules/egg-security/app/extend/context.js",
    "start": 1613113397720,
    "end": 1613113397735,
    "duration": 15,
    "pid": 22860,
    "index": 36
  },
  {
    "name": "Require(29) node_modules/egg-jsonp/app/extend/context.js",
    "start": 1613113397735,
    "end": 1613113397737,
    "duration": 2,
    "pid": 22860,
    "index": 37
  },
  {
    "name": "Require(30) node_modules/egg-i18n/app/extend/context.js",
    "start": 1613113397737,
    "end": 1613113397738,
    "duration": 1,
    "pid": 22860,
    "index": 38
  },
  {
    "name": "Require(31) node_modules/egg-multipart/app/extend/context.js",
    "start": 1613113397738,
    "end": 1613113397785,
    "duration": 47,
    "pid": 22860,
    "index": 39
  },
  {
    "name": "Require(32) node_modules/egg-view/app/extend/context.js",
    "start": 1613113397786,
    "end": 1613113397787,
    "duration": 1,
    "pid": 22860,
    "index": 40
  },
  {
    "name": "Require(33) node_modules/egg/app/extend/context.js",
    "start": 1613113397788,
    "end": 1613113397789,
    "duration": 1,
    "pid": 22860,
    "index": 41
  },
  {
    "name": "Load extend/helper.js",
    "start": 1613113397794,
    "end": 1613113397821,
    "duration": 27,
    "pid": 22860,
    "index": 42
  },
  {
    "name": "Require(34) node_modules/egg-security/app/extend/helper.js",
    "start": 1613113397794,
    "end": 1613113397813,
    "duration": 19,
    "pid": 22860,
    "index": 43
  },
  {
    "name": "Require(35) node_modules/egg/app/extend/helper.js",
    "start": 1613113397817,
    "end": 1613113397817,
    "duration": 0,
    "pid": 22860,
    "index": 44
  },
  {
    "name": "Load app.js",
    "start": 1613113397822,
    "end": 1613113397870,
    "duration": 48,
    "pid": 22860,
    "index": 45
  },
  {
    "name": "Require(36) node_modules/egg-session/app.js",
    "start": 1613113397822,
    "end": 1613113397823,
    "duration": 1,
    "pid": 22860,
    "index": 46
  },
  {
    "name": "Require(37) node_modules/egg-security/app.js",
    "start": 1613113397823,
    "end": 1613113397824,
    "duration": 1,
    "pid": 22860,
    "index": 47
  },
  {
    "name": "Require(38) node_modules/egg-onerror/app.js",
    "start": 1613113397825,
    "end": 1613113397834,
    "duration": 9,
    "pid": 22860,
    "index": 48
  },
  {
    "name": "Require(39) node_modules/egg-i18n/app.js",
    "start": 1613113397834,
    "end": 1613113397844,
    "duration": 10,
    "pid": 22860,
    "index": 49
  },
  {
    "name": "Require(40) node_modules/egg-watcher/app.js",
    "start": 1613113397844,
    "end": 1613113397847,
    "duration": 3,
    "pid": 22860,
    "index": 50
  },
  {
    "name": "Require(41) node_modules/egg-schedule/app.js",
    "start": 1613113397848,
    "end": 1613113397849,
    "duration": 1,
    "pid": 22860,
    "index": 51
  },
  {
    "name": "Require(42) node_modules/egg-multipart/app.js",
    "start": 1613113397850,
    "end": 1613113397850,
    "duration": 0,
    "pid": 22860,
    "index": 52
  },
  {
    "name": "Require(43) node_modules/egg-development/app.js",
    "start": 1613113397851,
    "end": 1613113397851,
    "duration": 0,
    "pid": 22860,
    "index": 53
  },
  {
    "name": "Require(44) node_modules/egg-logrotator/app.js",
    "start": 1613113397851,
    "end": 1613113397851,
    "duration": 0,
    "pid": 22860,
    "index": 54
  },
  {
    "name": "Require(45) node_modules/egg-static/app.js",
    "start": 1613113397852,
    "end": 1613113397852,
    "duration": 0,
    "pid": 22860,
    "index": 55
  },
  {
    "name": "Require(46) node_modules/egg-mysql/app.js",
    "start": 1613113397853,
    "end": 1613113397866,
    "duration": 13,
    "pid": 22860,
    "index": 56
  },
  {
    "name": "Require(47) node_modules/egg-cors/app.js",
    "start": 1613113397866,
    "end": 1613113397869,
    "duration": 3,
    "pid": 22860,
    "index": 57
  },
  {
    "name": "Before Start in node_modules/egg-watcher/lib/init.js:15:14",
    "start": 1613113397882,
    "end": 1613113398169,
    "duration": 287,
    "pid": 22860,
    "index": 58
  },
  {
    "name": "Before Start in node_modules/egg-mysql/lib/mysql.js:20:7",
    "start": 1613113397996,
    "end": 1613113398307,
    "duration": 311,
    "pid": 22860,
    "index": 59
  },
  {
    "name": "Load Service",
    "start": 1613113397997,
    "end": 1613113398002,
    "duration": 5,
    "pid": 22860,
    "index": 60
  },
  {
    "name": "Load \"service\" to Context",
    "start": 1613113397997,
    "end": 1613113398002,
    "duration": 5,
    "pid": 22860,
    "index": 61
  },
  {
    "name": "Load Middleware",
    "start": 1613113398003,
    "end": 1613113398130,
    "duration": 127,
    "pid": 22860,
    "index": 62
  },
  {
    "name": "Load \"middlewares\" to Application",
    "start": 1613113398003,
    "end": 1613113398110,
    "duration": 107,
    "pid": 22860,
    "index": 63
  },
  {
    "name": "Load Controller",
    "start": 1613113398130,
    "end": 1613113398146,
    "duration": 16,
    "pid": 22860,
    "index": 64
  },
  {
    "name": "Load \"controller\" to Application",
    "start": 1613113398130,
    "end": 1613113398146,
    "duration": 16,
    "pid": 22860,
    "index": 65
  },
  {
    "name": "Load Router",
    "start": 1613113398146,
    "end": 1613113398151,
    "duration": 5,
    "pid": 22860,
    "index": 66
  },
  {
    "name": "Require(48) app/router.js",
    "start": 1613113398146,
    "end": 1613113398146,
    "duration": 0,
    "pid": 22860,
    "index": 67
  },
  {
    "name": "Before Start in node_modules/egg-core/lib/egg.js:303:10",
    "start": 1613113398148,
    "end": 1613113398162,
    "duration": 14,
    "pid": 22860,
    "index": 68
  }
]