[
  {
    "name": "Process Start",
    "start": 1613111985879,
    "end": 1613111987205,
    "duration": 1326,
    "pid": 24012,
    "index": 0
  },
  {
    "name": "Application Start",
    "start": 1613111987207,
    "end": 1613111988068,
    "duration": 861,
    "pid": 24012,
    "index": 1
  },
  {
    "name": "Load Plugin",
    "start": 1613111987215,
    "end": 1613111987241,
    "duration": 26,
    "pid": 24012,
    "index": 2
  },
  {
    "name": "Load Config",
    "start": 1613111987241,
    "end": 1613111987297,
    "duration": 56,
    "pid": 24012,
    "index": 3
  },
  {
    "name": "Require(0) config/config.default.js",
    "start": 1613111987242,
    "end": 1613111987242,
    "duration": 0,
    "pid": 24012,
    "index": 4
  },
  {
    "name": "Require(1) node_modules/egg-session/config/config.default.js",
    "start": 1613111987244,
    "end": 1613111987245,
    "duration": 1,
    "pid": 24012,
    "index": 5
  },
  {
    "name": "Require(2) node_modules/egg-security/config/config.default.js",
    "start": 1613111987245,
    "end": 1613111987246,
    "duration": 1,
    "pid": 24012,
    "index": 6
  },
  {
    "name": "Require(3) node_modules/egg-jsonp/config/config.default.js",
    "start": 1613111987247,
    "end": 1613111987248,
    "duration": 1,
    "pid": 24012,
    "index": 7
  },
  {
    "name": "Require(4) node_modules/egg-onerror/config/config.default.js",
    "start": 1613111987248,
    "end": 1613111987249,
    "duration": 1,
    "pid": 24012,
    "index": 8
  },
  {
    "name": "Require(5) node_modules/egg-i18n/config/config.default.js",
    "start": 1613111987249,
    "end": 1613111987250,
    "duration": 1,
    "pid": 24012,
    "index": 9
  },
  {
    "name": "Require(6) node_modules/egg-watcher/config/config.default.js",
    "start": 1613111987250,
    "end": 1613111987251,
    "duration": 1,
    "pid": 24012,
    "index": 10
  },
  {
    "name": "Require(7) node_modules/egg-schedule/config/config.default.js",
    "start": 1613111987252,
    "end": 1613111987253,
    "duration": 1,
    "pid": 24012,
    "index": 11
  },
  {
    "name": "Require(8) node_modules/egg-multipart/config/config.default.js",
    "start": 1613111987253,
    "end": 1613111987254,
    "duration": 1,
    "pid": 24012,
    "index": 12
  },
  {
    "name": "Require(9) node_modules/egg-development/config/config.default.js",
    "start": 1613111987255,
    "end": 1613111987255,
    "duration": 0,
    "pid": 24012,
    "index": 13
  },
  {
    "name": "Require(10) node_modules/egg-logrotator/config/config.default.js",
    "start": 1613111987257,
    "end": 1613111987258,
    "duration": 1,
    "pid": 24012,
    "index": 14
  },
  {
    "name": "Require(11) node_modules/egg-static/config/config.default.js",
    "start": 1613111987260,
    "end": 1613111987261,
    "duration": 1,
    "pid": 24012,
    "index": 15
  },
  {
    "name": "Require(12) node_modules/egg-view/config/config.default.js",
    "start": 1613111987262,
    "end": 1613111987263,
    "duration": 1,
    "pid": 24012,
    "index": 16
  },
  {
    "name": "Require(13) node_modules/egg-mysql/config/config.default.js",
    "start": 1613111987264,
    "end": 1613111987264,
    "duration": 0,
    "pid": 24012,
    "index": 17
  },
  {
    "name": "Require(14) node_modules/egg-cors/config/config.default.js",
    "start": 1613111987266,
    "end": 1613111987266,
    "duration": 0,
    "pid": 24012,
    "index": 18
  },
  {
    "name": "Require(15) node_modules/egg/config/config.default.js",
    "start": 1613111987267,
    "end": 1613111987268,
    "duration": 1,
    "pid": 24012,
    "index": 19
  },
  {
    "name": "Require(16) config/config.default.js",
    "start": 1613111987269,
    "end": 1613111987269,
    "duration": 0,
    "pid": 24012,
    "index": 20
  },
  {
    "name": "Require(17) node_modules/egg-security/config/config.local.js",
    "start": 1613111987270,
    "end": 1613111987270,
    "duration": 0,
    "pid": 24012,
    "index": 21
  },
  {
    "name": "Require(18) node_modules/egg-watcher/config/config.local.js",
    "start": 1613111987282,
    "end": 1613111987282,
    "duration": 0,
    "pid": 24012,
    "index": 22
  },
  {
    "name": "Require(19) node_modules/egg-view/config/config.local.js",
    "start": 1613111987285,
    "end": 1613111987285,
    "duration": 0,
    "pid": 24012,
    "index": 23
  },
  {
    "name": "Require(20) node_modules/egg/config/config.local.js",
    "start": 1613111987293,
    "end": 1613111987297,
    "duration": 4,
    "pid": 24012,
    "index": 24
  },
  {
    "name": "Load extend/application.js",
    "start": 1613111987299,
    "end": 1613111987351,
    "duration": 52,
    "pid": 24012,
    "index": 25
  },
  {
    "name": "Require(21) node_modules/egg-session/app/extend/application.js",
    "start": 1613111987300,
    "end": 1613111987301,
    "duration": 1,
    "pid": 24012,
    "index": 26
  },
  {
    "name": "Require(22) node_modules/egg-security/app/extend/application.js",
    "start": 1613111987303,
    "end": 1613111987318,
    "duration": 15,
    "pid": 24012,
    "index": 27
  },
  {
    "name": "Require(23) node_modules/egg-jsonp/app/extend/application.js",
    "start": 1613111987318,
    "end": 1613111987321,
    "duration": 3,
    "pid": 24012,
    "index": 28
  },
  {
    "name": "Require(24) node_modules/egg-logrotator/app/extend/application.js",
    "start": 1613111987325,
    "end": 1613111987341,
    "duration": 16,
    "pid": 24012,
    "index": 29
  },
  {
    "name": "Require(25) node_modules/egg-view/app/extend/application.js",
    "start": 1613111987342,
    "end": 1613111987345,
    "duration": 3,
    "pid": 24012,
    "index": 30
  },
  {
    "name": "Load extend/request.js",
    "start": 1613111987351,
    "end": 1613111987364,
    "duration": 13,
    "pid": 24012,
    "index": 31
  },
  {
    "name": "Require(26) node_modules/egg/app/extend/request.js",
    "start": 1613111987358,
    "end": 1613111987359,
    "duration": 1,
    "pid": 24012,
    "index": 32
  },
  {
    "name": "Load extend/response.js",
    "start": 1613111987364,
    "end": 1613111987375,
    "duration": 11,
    "pid": 24012,
    "index": 33
  },
  {
    "name": "Require(27) node_modules/egg/app/extend/response.js",
    "start": 1613111987368,
    "end": 1613111987371,
    "duration": 3,
    "pid": 24012,
    "index": 34
  },
  {
    "name": "Load extend/context.js",
    "start": 1613111987375,
    "end": 1613111987467,
    "duration": 92,
    "pid": 24012,
    "index": 35
  },
  {
    "name": "Require(28) node_modules/egg-security/app/extend/context.js",
    "start": 1613111987376,
    "end": 1613111987395,
    "duration": 19,
    "pid": 24012,
    "index": 36
  },
  {
    "name": "Require(29) node_modules/egg-jsonp/app/extend/context.js",
    "start": 1613111987396,
    "end": 1613111987397,
    "duration": 1,
    "pid": 24012,
    "index": 37
  },
  {
    "name": "Require(30) node_modules/egg-i18n/app/extend/context.js",
    "start": 1613111987398,
    "end": 1613111987399,
    "duration": 1,
    "pid": 24012,
    "index": 38
  },
  {
    "name": "Require(31) node_modules/egg-multipart/app/extend/context.js",
    "start": 1613111987400,
    "end": 1613111987458,
    "duration": 58,
    "pid": 24012,
    "index": 39
  },
  {
    "name": "Require(32) node_modules/egg-view/app/extend/context.js",
    "start": 1613111987460,
    "end": 1613111987461,
    "duration": 1,
    "pid": 24012,
    "index": 40
  },
  {
    "name": "Require(33) node_modules/egg/app/extend/context.js",
    "start": 1613111987462,
    "end": 1613111987464,
    "duration": 2,
    "pid": 24012,
    "index": 41
  },
  {
    "name": "Load extend/helper.js",
    "start": 1613111987468,
    "end": 1613111987503,
    "duration": 35,
    "pid": 24012,
    "index": 42
  },
  {
    "name": "Require(34) node_modules/egg-security/app/extend/helper.js",
    "start": 1613111987468,
    "end": 1613111987491,
    "duration": 23,
    "pid": 24012,
    "index": 43
  },
  {
    "name": "Require(35) node_modules/egg/app/extend/helper.js",
    "start": 1613111987498,
    "end": 1613111987498,
    "duration": 0,
    "pid": 24012,
    "index": 44
  },
  {
    "name": "Load app.js",
    "start": 1613111987504,
    "end": 1613111987592,
    "duration": 88,
    "pid": 24012,
    "index": 45
  },
  {
    "name": "Require(36) node_modules/egg-session/app.js",
    "start": 1613111987504,
    "end": 1613111987504,
    "duration": 0,
    "pid": 24012,
    "index": 46
  },
  {
    "name": "Require(37) node_modules/egg-security/app.js",
    "start": 1613111987505,
    "end": 1613111987506,
    "duration": 1,
    "pid": 24012,
    "index": 47
  },
  {
    "name": "Require(38) node_modules/egg-onerror/app.js",
    "start": 1613111987507,
    "end": 1613111987527,
    "duration": 20,
    "pid": 24012,
    "index": 48
  },
  {
    "name": "Require(39) node_modules/egg-i18n/app.js",
    "start": 1613111987531,
    "end": 1613111987562,
    "duration": 31,
    "pid": 24012,
    "index": 49
  },
  {
    "name": "Require(40) node_modules/egg-watcher/app.js",
    "start": 1613111987562,
    "end": 1613111987566,
    "duration": 4,
    "pid": 24012,
    "index": 50
  },
  {
    "name": "Require(41) node_modules/egg-schedule/app.js",
    "start": 1613111987566,
    "end": 1613111987568,
    "duration": 2,
    "pid": 24012,
    "index": 51
  },
  {
    "name": "Require(42) node_modules/egg-multipart/app.js",
    "start": 1613111987569,
    "end": 1613111987570,
    "duration": 1,
    "pid": 24012,
    "index": 52
  },
  {
    "name": "Require(43) node_modules/egg-development/app.js",
    "start": 1613111987570,
    "end": 1613111987570,
    "duration": 0,
    "pid": 24012,
    "index": 53
  },
  {
    "name": "Require(44) node_modules/egg-logrotator/app.js",
    "start": 1613111987571,
    "end": 1613111987571,
    "duration": 0,
    "pid": 24012,
    "index": 54
  },
  {
    "name": "Require(45) node_modules/egg-static/app.js",
    "start": 1613111987571,
    "end": 1613111987571,
    "duration": 0,
    "pid": 24012,
    "index": 55
  },
  {
    "name": "Require(46) node_modules/egg-mysql/app.js",
    "start": 1613111987572,
    "end": 1613111987588,
    "duration": 16,
    "pid": 24012,
    "index": 56
  },
  {
    "name": "Require(47) node_modules/egg-cors/app.js",
    "start": 1613111987588,
    "end": 1613111987591,
    "duration": 3,
    "pid": 24012,
    "index": 57
  },
  {
    "name": "Before Start in node_modules/egg-watcher/lib/init.js:15:14",
    "start": 1613111987602,
    "end": 1613111987917,
    "duration": 315,
    "pid": 24012,
    "index": 58
  },
  {
    "name": "Before Start in node_modules/egg-mysql/lib/mysql.js:20:7",
    "start": 1613111987722,
    "end": 1613111988068,
    "duration": 346,
    "pid": 24012,
    "index": 59
  },
  {
    "name": "Load Service",
    "start": 1613111987723,
    "end": 1613111987728,
    "duration": 5,
    "pid": 24012,
    "index": 60
  },
  {
    "name": "Load \"service\" to Context",
    "start": 1613111987723,
    "end": 1613111987728,
    "duration": 5,
    "pid": 24012,
    "index": 61
  },
  {
    "name": "Load Middleware",
    "start": 1613111987728,
    "end": 1613111987887,
    "duration": 159,
    "pid": 24012,
    "index": 62
  },
  {
    "name": "Load \"middlewares\" to Application",
    "start": 1613111987729,
    "end": 1613111987871,
    "duration": 142,
    "pid": 24012,
    "index": 63
  },
  {
    "name": "Load Controller",
    "start": 1613111987887,
    "end": 1613111987891,
    "duration": 4,
    "pid": 24012,
    "index": 64
  },
  {
    "name": "Load \"controller\" to Application",
    "start": 1613111987887,
    "end": 1613111987891,
    "duration": 4,
    "pid": 24012,
    "index": 65
  },
  {
    "name": "Load Router",
    "start": 1613111987891,
    "end": 1613111987897,
    "duration": 6,
    "pid": 24012,
    "index": 66
  },
  {
    "name": "Require(48) app/router.js",
    "start": 1613111987892,
    "end": 1613111987892,
    "duration": 0,
    "pid": 24012,
    "index": 67
  },
  {
    "name": "Before Start in node_modules/egg-core/lib/egg.js:303:10",
    "start": 1613111987894,
    "end": 1613111987909,
    "duration": 15,
    "pid": 24012,
    "index": 68
  }
]