[
  {
    "name": "Process Start",
    "start": 1613112717691,
    "end": 1613112719038,
    "duration": 1347,
    "pid": 22796,
    "index": 0
  },
  {
    "name": "Application Start",
    "start": 1613112719039,
    "end": 1613112719754,
    "duration": 715,
    "pid": 22796,
    "index": 1
  },
  {
    "name": "Load Plugin",
    "start": 1613112719045,
    "end": 1613112719066,
    "duration": 21,
    "pid": 22796,
    "index": 2
  },
  {
    "name": "Load Config",
    "start": 1613112719066,
    "end": 1613112719093,
    "duration": 27,
    "pid": 22796,
    "index": 3
  },
  {
    "name": "Require(0) config/config.default.js",
    "start": 1613112719067,
    "end": 1613112719068,
    "duration": 1,
    "pid": 22796,
    "index": 4
  },
  {
    "name": "Require(1) node_modules/egg-session/config/config.default.js",
    "start": 1613112719069,
    "end": 1613112719070,
    "duration": 1,
    "pid": 22796,
    "index": 5
  },
  {
    "name": "Require(2) node_modules/egg-security/config/config.default.js",
    "start": 1613112719070,
    "end": 1613112719071,
    "duration": 1,
    "pid": 22796,
    "index": 6
  },
  {
    "name": "Require(3) node_modules/egg-jsonp/config/config.default.js",
    "start": 1613112719072,
    "end": 1613112719072,
    "duration": 0,
    "pid": 22796,
    "index": 7
  },
  {
    "name": "Require(4) node_modules/egg-onerror/config/config.default.js",
    "start": 1613112719073,
    "end": 1613112719073,
    "duration": 0,
    "pid": 22796,
    "index": 8
  },
  {
    "name": "Require(5) node_modules/egg-i18n/config/config.default.js",
    "start": 1613112719074,
    "end": 1613112719074,
    "duration": 0,
    "pid": 22796,
    "index": 9
  },
  {
    "name": "Require(6) node_modules/egg-watcher/config/config.default.js",
    "start": 1613112719075,
    "end": 1613112719075,
    "duration": 0,
    "pid": 22796,
    "index": 10
  },
  {
    "name": "Require(7) node_modules/egg-schedule/config/config.default.js",
    "start": 1613112719076,
    "end": 1613112719077,
    "duration": 1,
    "pid": 22796,
    "index": 11
  },
  {
    "name": "Require(8) node_modules/egg-multipart/config/config.default.js",
    "start": 1613112719077,
    "end": 1613112719078,
    "duration": 1,
    "pid": 22796,
    "index": 12
  },
  {
    "name": "Require(9) node_modules/egg-development/config/config.default.js",
    "start": 1613112719079,
    "end": 1613112719079,
    "duration": 0,
    "pid": 22796,
    "index": 13
  },
  {
    "name": "Require(10) node_modules/egg-logrotator/config/config.default.js",
    "start": 1613112719080,
    "end": 1613112719080,
    "duration": 0,
    "pid": 22796,
    "index": 14
  },
  {
    "name": "Require(11) node_modules/egg-static/config/config.default.js",
    "start": 1613112719081,
    "end": 1613112719081,
    "duration": 0,
    "pid": 22796,
    "index": 15
  },
  {
    "name": "Require(12) node_modules/egg-view/config/config.default.js",
    "start": 1613112719082,
    "end": 1613112719082,
    "duration": 0,
    "pid": 22796,
    "index": 16
  },
  {
    "name": "Require(13) node_modules/egg-mysql/config/config.default.js",
    "start": 1613112719083,
    "end": 1613112719083,
    "duration": 0,
    "pid": 22796,
    "index": 17
  },
  {
    "name": "Require(14) node_modules/egg-cors/config/config.default.js",
    "start": 1613112719084,
    "end": 1613112719084,
    "duration": 0,
    "pid": 22796,
    "index": 18
  },
  {
    "name": "Require(15) node_modules/egg/config/config.default.js",
    "start": 1613112719085,
    "end": 1613112719085,
    "duration": 0,
    "pid": 22796,
    "index": 19
  },
  {
    "name": "Require(16) config/config.default.js",
    "start": 1613112719086,
    "end": 1613112719086,
    "duration": 0,
    "pid": 22796,
    "index": 20
  },
  {
    "name": "Require(17) node_modules/egg-security/config/config.local.js",
    "start": 1613112719087,
    "end": 1613112719088,
    "duration": 1,
    "pid": 22796,
    "index": 21
  },
  {
    "name": "Require(18) node_modules/egg-watcher/config/config.local.js",
    "start": 1613112719089,
    "end": 1613112719089,
    "duration": 0,
    "pid": 22796,
    "index": 22
  },
  {
    "name": "Require(19) node_modules/egg-view/config/config.local.js",
    "start": 1613112719091,
    "end": 1613112719091,
    "duration": 0,
    "pid": 22796,
    "index": 23
  },
  {
    "name": "Require(20) node_modules/egg/config/config.local.js",
    "start": 1613112719092,
    "end": 1613112719093,
    "duration": 1,
    "pid": 22796,
    "index": 24
  },
  {
    "name": "Load extend/application.js",
    "start": 1613112719094,
    "end": 1613112719122,
    "duration": 28,
    "pid": 22796,
    "index": 25
  },
  {
    "name": "Require(21) node_modules/egg-session/app/extend/application.js",
    "start": 1613112719095,
    "end": 1613112719095,
    "duration": 0,
    "pid": 22796,
    "index": 26
  },
  {
    "name": "Require(22) node_modules/egg-security/app/extend/application.js",
    "start": 1613112719098,
    "end": 1613112719100,
    "duration": 2,
    "pid": 22796,
    "index": 27
  },
  {
    "name": "Require(23) node_modules/egg-jsonp/app/extend/application.js",
    "start": 1613112719100,
    "end": 1613112719101,
    "duration": 1,
    "pid": 22796,
    "index": 28
  },
  {
    "name": "Require(24) node_modules/egg-logrotator/app/extend/application.js",
    "start": 1613112719107,
    "end": 1613112719115,
    "duration": 8,
    "pid": 22796,
    "index": 29
  },
  {
    "name": "Require(25) node_modules/egg-view/app/extend/application.js",
    "start": 1613112719116,
    "end": 1613112719117,
    "duration": 1,
    "pid": 22796,
    "index": 30
  },
  {
    "name": "Load extend/request.js",
    "start": 1613112719122,
    "end": 1613112719133,
    "duration": 11,
    "pid": 22796,
    "index": 31
  },
  {
    "name": "Require(26) node_modules/egg/app/extend/request.js",
    "start": 1613112719127,
    "end": 1613112719128,
    "duration": 1,
    "pid": 22796,
    "index": 32
  },
  {
    "name": "Load extend/response.js",
    "start": 1613112719133,
    "end": 1613112719143,
    "duration": 10,
    "pid": 22796,
    "index": 33
  },
  {
    "name": "Require(27) node_modules/egg/app/extend/response.js",
    "start": 1613112719137,
    "end": 1613112719139,
    "duration": 2,
    "pid": 22796,
    "index": 34
  },
  {
    "name": "Load extend/context.js",
    "start": 1613112719143,
    "end": 1613112719217,
    "duration": 74,
    "pid": 22796,
    "index": 35
  },
  {
    "name": "Require(28) node_modules/egg-security/app/extend/context.js",
    "start": 1613112719144,
    "end": 1613112719158,
    "duration": 14,
    "pid": 22796,
    "index": 36
  },
  {
    "name": "Require(29) node_modules/egg-jsonp/app/extend/context.js",
    "start": 1613112719158,
    "end": 1613112719160,
    "duration": 2,
    "pid": 22796,
    "index": 37
  },
  {
    "name": "Require(30) node_modules/egg-i18n/app/extend/context.js",
    "start": 1613112719160,
    "end": 1613112719161,
    "duration": 1,
    "pid": 22796,
    "index": 38
  },
  {
    "name": "Require(31) node_modules/egg-multipart/app/extend/context.js",
    "start": 1613112719162,
    "end": 1613112719208,
    "duration": 46,
    "pid": 22796,
    "index": 39
  },
  {
    "name": "Require(32) node_modules/egg-view/app/extend/context.js",
    "start": 1613112719209,
    "end": 1613112719210,
    "duration": 1,
    "pid": 22796,
    "index": 40
  },
  {
    "name": "Require(33) node_modules/egg/app/extend/context.js",
    "start": 1613112719211,
    "end": 1613112719212,
    "duration": 1,
    "pid": 22796,
    "index": 41
  },
  {
    "name": "Load extend/helper.js",
    "start": 1613112719217,
    "end": 1613112719244,
    "duration": 27,
    "pid": 22796,
    "index": 42
  },
  {
    "name": "Require(34) node_modules/egg-security/app/extend/helper.js",
    "start": 1613112719218,
    "end": 1613112719235,
    "duration": 17,
    "pid": 22796,
    "index": 43
  },
  {
    "name": "Require(35) node_modules/egg/app/extend/helper.js",
    "start": 1613112719239,
    "end": 1613112719240,
    "duration": 1,
    "pid": 22796,
    "index": 44
  },
  {
    "name": "Load app.js",
    "start": 1613112719245,
    "end": 1613112719317,
    "duration": 72,
    "pid": 22796,
    "index": 45
  },
  {
    "name": "Require(36) node_modules/egg-session/app.js",
    "start": 1613112719245,
    "end": 1613112719246,
    "duration": 1,
    "pid": 22796,
    "index": 46
  },
  {
    "name": "Require(37) node_modules/egg-security/app.js",
    "start": 1613112719246,
    "end": 1613112719248,
    "duration": 2,
    "pid": 22796,
    "index": 47
  },
  {
    "name": "Require(38) node_modules/egg-onerror/app.js",
    "start": 1613112719256,
    "end": 1613112719284,
    "duration": 28,
    "pid": 22796,
    "index": 48
  },
  {
    "name": "Require(39) node_modules/egg-i18n/app.js",
    "start": 1613112719284,
    "end": 1613112719293,
    "duration": 9,
    "pid": 22796,
    "index": 49
  },
  {
    "name": "Require(40) node_modules/egg-watcher/app.js",
    "start": 1613112719294,
    "end": 1613112719297,
    "duration": 3,
    "pid": 22796,
    "index": 50
  },
  {
    "name": "Require(41) node_modules/egg-schedule/app.js",
    "start": 1613112719297,
    "end": 1613112719299,
    "duration": 2,
    "pid": 22796,
    "index": 51
  },
  {
    "name": "Require(42) node_modules/egg-multipart/app.js",
    "start": 1613112719299,
    "end": 1613112719300,
    "duration": 1,
    "pid": 22796,
    "index": 52
  },
  {
    "name": "Require(43) node_modules/egg-development/app.js",
    "start": 1613112719300,
    "end": 1613112719300,
    "duration": 0,
    "pid": 22796,
    "index": 53
  },
  {
    "name": "Require(44) node_modules/egg-logrotator/app.js",
    "start": 1613112719301,
    "end": 1613112719301,
    "duration": 0,
    "pid": 22796,
    "index": 54
  },
  {
    "name": "Require(45) node_modules/egg-static/app.js",
    "start": 1613112719301,
    "end": 1613112719301,
    "duration": 0,
    "pid": 22796,
    "index": 55
  },
  {
    "name": "Require(46) node_modules/egg-mysql/app.js",
    "start": 1613112719302,
    "end": 1613112719315,
    "duration": 13,
    "pid": 22796,
    "index": 56
  },
  {
    "name": "Require(47) node_modules/egg-cors/app.js",
    "start": 1613112719315,
    "end": 1613112719315,
    "duration": 0,
    "pid": 22796,
    "index": 57
  },
  {
    "name": "Before Start in node_modules/egg-watcher/lib/init.js:15:14",
    "start": 1613112719329,
    "end": 1613112719602,
    "duration": 273,
    "pid": 22796,
    "index": 58
  },
  {
    "name": "Before Start in node_modules/egg-mysql/lib/mysql.js:20:7",
    "start": 1613112719423,
    "end": 1613112719753,
    "duration": 330,
    "pid": 22796,
    "index": 59
  },
  {
    "name": "Load Service",
    "start": 1613112719423,
    "end": 1613112719429,
    "duration": 6,
    "pid": 22796,
    "index": 60
  },
  {
    "name": "Load \"service\" to Context",
    "start": 1613112719424,
    "end": 1613112719429,
    "duration": 5,
    "pid": 22796,
    "index": 61
  },
  {
    "name": "Load Middleware",
    "start": 1613112719429,
    "end": 1613112719572,
    "duration": 143,
    "pid": 22796,
    "index": 62
  },
  {
    "name": "Load \"middlewares\" to Application",
    "start": 1613112719430,
    "end": 1613112719559,
    "duration": 129,
    "pid": 22796,
    "index": 63
  },
  {
    "name": "Load Controller",
    "start": 1613112719572,
    "end": 1613112719577,
    "duration": 5,
    "pid": 22796,
    "index": 64
  },
  {
    "name": "Load \"controller\" to Application",
    "start": 1613112719572,
    "end": 1613112719577,
    "duration": 5,
    "pid": 22796,
    "index": 65
  },
  {
    "name": "Load Router",
    "start": 1613112719577,
    "end": 1613112719581,
    "duration": 4,
    "pid": 22796,
    "index": 66
  },
  {
    "name": "Require(48) app/router.js",
    "start": 1613112719578,
    "end": 1613112719578,
    "duration": 0,
    "pid": 22796,
    "index": 67
  },
  {
    "name": "Before Start in node_modules/egg-core/lib/egg.js:303:10",
    "start": 1613112719579,
    "end": 1613112719594,
    "duration": 15,
    "pid": 22796,
    "index": 68
  }
]