[
  {
    "name": "Process Start",
    "start": 1613112454374,
    "end": 1613112455766,
    "duration": 1392,
    "pid": 2492,
    "index": 0
  },
  {
    "name": "Application Start",
    "start": 1613112455771,
    "end": 1613112456597,
    "duration": 826,
    "pid": 2492,
    "index": 1
  },
  {
    "name": "Load Plugin",
    "start": 1613112455780,
    "end": 1613112455810,
    "duration": 30,
    "pid": 2492,
    "index": 2
  },
  {
    "name": "Load Config",
    "start": 1613112455810,
    "end": 1613112455848,
    "duration": 38,
    "pid": 2492,
    "index": 3
  },
  {
    "name": "Require(0) config/config.default.js",
    "start": 1613112455811,
    "end": 1613112455811,
    "duration": 0,
    "pid": 2492,
    "index": 4
  },
  {
    "name": "Require(1) node_modules/egg-session/config/config.default.js",
    "start": 1613112455813,
    "end": 1613112455813,
    "duration": 0,
    "pid": 2492,
    "index": 5
  },
  {
    "name": "Require(2) node_modules/egg-security/config/config.default.js",
    "start": 1613112455814,
    "end": 1613112455814,
    "duration": 0,
    "pid": 2492,
    "index": 6
  },
  {
    "name": "Require(3) node_modules/egg-jsonp/config/config.default.js",
    "start": 1613112455816,
    "end": 1613112455816,
    "duration": 0,
    "pid": 2492,
    "index": 7
  },
  {
    "name": "Require(4) node_modules/egg-onerror/config/config.default.js",
    "start": 1613112455817,
    "end": 1613112455817,
    "duration": 0,
    "pid": 2492,
    "index": 8
  },
  {
    "name": "Require(5) node_modules/egg-i18n/config/config.default.js",
    "start": 1613112455819,
    "end": 1613112455819,
    "duration": 0,
    "pid": 2492,
    "index": 9
  },
  {
    "name": "Require(6) node_modules/egg-watcher/config/config.default.js",
    "start": 1613112455821,
    "end": 1613112455821,
    "duration": 0,
    "pid": 2492,
    "index": 10
  },
  {
    "name": "Require(7) node_modules/egg-schedule/config/config.default.js",
    "start": 1613112455822,
    "end": 1613112455822,
    "duration": 0,
    "pid": 2492,
    "index": 11
  },
  {
    "name": "Require(8) node_modules/egg-multipart/config/config.default.js",
    "start": 1613112455823,
    "end": 1613112455824,
    "duration": 1,
    "pid": 2492,
    "index": 12
  },
  {
    "name": "Require(9) node_modules/egg-development/config/config.default.js",
    "start": 1613112455825,
    "end": 1613112455826,
    "duration": 1,
    "pid": 2492,
    "index": 13
  },
  {
    "name": "Require(10) node_modules/egg-logrotator/config/config.default.js",
    "start": 1613112455826,
    "end": 1613112455827,
    "duration": 1,
    "pid": 2492,
    "index": 14
  },
  {
    "name": "Require(11) node_modules/egg-static/config/config.default.js",
    "start": 1613112455828,
    "end": 1613112455828,
    "duration": 0,
    "pid": 2492,
    "index": 15
  },
  {
    "name": "Require(12) node_modules/egg-view/config/config.default.js",
    "start": 1613112455829,
    "end": 1613112455829,
    "duration": 0,
    "pid": 2492,
    "index": 16
  },
  {
    "name": "Require(13) node_modules/egg-mysql/config/config.default.js",
    "start": 1613112455830,
    "end": 1613112455831,
    "duration": 1,
    "pid": 2492,
    "index": 17
  },
  {
    "name": "Require(14) node_modules/egg-cors/config/config.default.js",
    "start": 1613112455831,
    "end": 1613112455832,
    "duration": 1,
    "pid": 2492,
    "index": 18
  },
  {
    "name": "Require(15) node_modules/egg/config/config.default.js",
    "start": 1613112455832,
    "end": 1613112455833,
    "duration": 1,
    "pid": 2492,
    "index": 19
  },
  {
    "name": "Require(16) config/config.default.js",
    "start": 1613112455835,
    "end": 1613112455835,
    "duration": 0,
    "pid": 2492,
    "index": 20
  },
  {
    "name": "Require(17) node_modules/egg-security/config/config.local.js",
    "start": 1613112455836,
    "end": 1613112455837,
    "duration": 1,
    "pid": 2492,
    "index": 21
  },
  {
    "name": "Require(18) node_modules/egg-watcher/config/config.local.js",
    "start": 1613112455839,
    "end": 1613112455841,
    "duration": 2,
    "pid": 2492,
    "index": 22
  },
  {
    "name": "Require(19) node_modules/egg-view/config/config.local.js",
    "start": 1613112455845,
    "end": 1613112455846,
    "duration": 1,
    "pid": 2492,
    "index": 23
  },
  {
    "name": "Require(20) node_modules/egg/config/config.local.js",
    "start": 1613112455847,
    "end": 1613112455848,
    "duration": 1,
    "pid": 2492,
    "index": 24
  },
  {
    "name": "Load extend/application.js",
    "start": 1613112455850,
    "end": 1613112455882,
    "duration": 32,
    "pid": 2492,
    "index": 25
  },
  {
    "name": "Require(21) node_modules/egg-session/app/extend/application.js",
    "start": 1613112455852,
    "end": 1613112455854,
    "duration": 2,
    "pid": 2492,
    "index": 26
  },
  {
    "name": "Require(22) node_modules/egg-security/app/extend/application.js",
    "start": 1613112455855,
    "end": 1613112455856,
    "duration": 1,
    "pid": 2492,
    "index": 27
  },
  {
    "name": "Require(23) node_modules/egg-jsonp/app/extend/application.js",
    "start": 1613112455857,
    "end": 1613112455859,
    "duration": 2,
    "pid": 2492,
    "index": 28
  },
  {
    "name": "Require(24) node_modules/egg-logrotator/app/extend/application.js",
    "start": 1613112455862,
    "end": 1613112455874,
    "duration": 12,
    "pid": 2492,
    "index": 29
  },
  {
    "name": "Require(25) node_modules/egg-view/app/extend/application.js",
    "start": 1613112455875,
    "end": 1613112455876,
    "duration": 1,
    "pid": 2492,
    "index": 30
  },
  {
    "name": "Load extend/request.js",
    "start": 1613112455882,
    "end": 1613112455892,
    "duration": 10,
    "pid": 2492,
    "index": 31
  },
  {
    "name": "Require(26) node_modules/egg/app/extend/request.js",
    "start": 1613112455886,
    "end": 1613112455888,
    "duration": 2,
    "pid": 2492,
    "index": 32
  },
  {
    "name": "Load extend/response.js",
    "start": 1613112455892,
    "end": 1613112455903,
    "duration": 11,
    "pid": 2492,
    "index": 33
  },
  {
    "name": "Require(27) node_modules/egg/app/extend/response.js",
    "start": 1613112455895,
    "end": 1613112455897,
    "duration": 2,
    "pid": 2492,
    "index": 34
  },
  {
    "name": "Load extend/context.js",
    "start": 1613112455903,
    "end": 1613112455987,
    "duration": 84,
    "pid": 2492,
    "index": 35
  },
  {
    "name": "Require(28) node_modules/egg-security/app/extend/context.js",
    "start": 1613112455904,
    "end": 1613112455922,
    "duration": 18,
    "pid": 2492,
    "index": 36
  },
  {
    "name": "Require(29) node_modules/egg-jsonp/app/extend/context.js",
    "start": 1613112455922,
    "end": 1613112455923,
    "duration": 1,
    "pid": 2492,
    "index": 37
  },
  {
    "name": "Require(30) node_modules/egg-i18n/app/extend/context.js",
    "start": 1613112455924,
    "end": 1613112455925,
    "duration": 1,
    "pid": 2492,
    "index": 38
  },
  {
    "name": "Require(31) node_modules/egg-multipart/app/extend/context.js",
    "start": 1613112455926,
    "end": 1613112455976,
    "duration": 50,
    "pid": 2492,
    "index": 39
  },
  {
    "name": "Require(32) node_modules/egg-view/app/extend/context.js",
    "start": 1613112455977,
    "end": 1613112455979,
    "duration": 2,
    "pid": 2492,
    "index": 40
  },
  {
    "name": "Require(33) node_modules/egg/app/extend/context.js",
    "start": 1613112455979,
    "end": 1613112455980,
    "duration": 1,
    "pid": 2492,
    "index": 41
  },
  {
    "name": "Load extend/helper.js",
    "start": 1613112455989,
    "end": 1613112456026,
    "duration": 37,
    "pid": 2492,
    "index": 42
  },
  {
    "name": "Require(34) node_modules/egg-security/app/extend/helper.js",
    "start": 1613112455994,
    "end": 1613112456014,
    "duration": 20,
    "pid": 2492,
    "index": 43
  },
  {
    "name": "Require(35) node_modules/egg/app/extend/helper.js",
    "start": 1613112456018,
    "end": 1613112456020,
    "duration": 2,
    "pid": 2492,
    "index": 44
  },
  {
    "name": "Load app.js",
    "start": 1613112456026,
    "end": 1613112456074,
    "duration": 48,
    "pid": 2492,
    "index": 45
  },
  {
    "name": "Require(36) node_modules/egg-session/app.js",
    "start": 1613112456026,
    "end": 1613112456027,
    "duration": 1,
    "pid": 2492,
    "index": 46
  },
  {
    "name": "Require(37) node_modules/egg-security/app.js",
    "start": 1613112456027,
    "end": 1613112456029,
    "duration": 2,
    "pid": 2492,
    "index": 47
  },
  {
    "name": "Require(38) node_modules/egg-onerror/app.js",
    "start": 1613112456029,
    "end": 1613112456040,
    "duration": 11,
    "pid": 2492,
    "index": 48
  },
  {
    "name": "Require(39) node_modules/egg-i18n/app.js",
    "start": 1613112456040,
    "end": 1613112456049,
    "duration": 9,
    "pid": 2492,
    "index": 49
  },
  {
    "name": "Require(40) node_modules/egg-watcher/app.js",
    "start": 1613112456050,
    "end": 1613112456054,
    "duration": 4,
    "pid": 2492,
    "index": 50
  },
  {
    "name": "Require(41) node_modules/egg-schedule/app.js",
    "start": 1613112456054,
    "end": 1613112456056,
    "duration": 2,
    "pid": 2492,
    "index": 51
  },
  {
    "name": "Require(42) node_modules/egg-multipart/app.js",
    "start": 1613112456056,
    "end": 1613112456057,
    "duration": 1,
    "pid": 2492,
    "index": 52
  },
  {
    "name": "Require(43) node_modules/egg-development/app.js",
    "start": 1613112456057,
    "end": 1613112456058,
    "duration": 1,
    "pid": 2492,
    "index": 53
  },
  {
    "name": "Require(44) node_modules/egg-logrotator/app.js",
    "start": 1613112456058,
    "end": 1613112456058,
    "duration": 0,
    "pid": 2492,
    "index": 54
  },
  {
    "name": "Require(45) node_modules/egg-static/app.js",
    "start": 1613112456058,
    "end": 1613112456059,
    "duration": 1,
    "pid": 2492,
    "index": 55
  },
  {
    "name": "Require(46) node_modules/egg-mysql/app.js",
    "start": 1613112456059,
    "end": 1613112456072,
    "duration": 13,
    "pid": 2492,
    "index": 56
  },
  {
    "name": "Require(47) node_modules/egg-cors/app.js",
    "start": 1613112456073,
    "end": 1613112456073,
    "duration": 0,
    "pid": 2492,
    "index": 57
  },
  {
    "name": "Before Start in node_modules/egg-watcher/lib/init.js:15:14",
    "start": 1613112456087,
    "end": 1613112456456,
    "duration": 369,
    "pid": 2492,
    "index": 58
  },
  {
    "name": "Before Start in node_modules/egg-mysql/lib/mysql.js:20:7",
    "start": 1613112456191,
    "end": 1613112456596,
    "duration": 405,
    "pid": 2492,
    "index": 59
  },
  {
    "name": "Load Service",
    "start": 1613112456191,
    "end": 1613112456196,
    "duration": 5,
    "pid": 2492,
    "index": 60
  },
  {
    "name": "Load \"service\" to Context",
    "start": 1613112456191,
    "end": 1613112456196,
    "duration": 5,
    "pid": 2492,
    "index": 61
  },
  {
    "name": "Load Middleware",
    "start": 1613112456196,
    "end": 1613112456424,
    "duration": 228,
    "pid": 2492,
    "index": 62
  },
  {
    "name": "Load \"middlewares\" to Application",
    "start": 1613112456196,
    "end": 1613112456408,
    "duration": 212,
    "pid": 2492,
    "index": 63
  },
  {
    "name": "Load Controller",
    "start": 1613112456424,
    "end": 1613112456428,
    "duration": 4,
    "pid": 2492,
    "index": 64
  },
  {
    "name": "Load \"controller\" to Application",
    "start": 1613112456424,
    "end": 1613112456428,
    "duration": 4,
    "pid": 2492,
    "index": 65
  },
  {
    "name": "Load Router",
    "start": 1613112456428,
    "end": 1613112456433,
    "duration": 5,
    "pid": 2492,
    "index": 66
  },
  {
    "name": "Require(48) app/router.js",
    "start": 1613112456428,
    "end": 1613112456429,
    "duration": 1,
    "pid": 2492,
    "index": 67
  },
  {
    "name": "Before Start in node_modules/egg-core/lib/egg.js:303:10",
    "start": 1613112456430,
    "end": 1613112456447,
    "duration": 17,
    "pid": 2492,
    "index": 68
  }
]