[
  {
    "name": "Process Start",
    "start": 1613111385488,
    "end": 1613111386875,
    "duration": 1387,
    "pid": 23268,
    "index": 0
  },
  {
    "name": "Application Start",
    "start": 1613111386876,
    "end": 1613111387725,
    "duration": 849,
    "pid": 23268,
    "index": 1
  },
  {
    "name": "Load Plugin",
    "start": 1613111386882,
    "end": 1613111386904,
    "duration": 22,
    "pid": 23268,
    "index": 2
  },
  {
    "name": "Load Config",
    "start": 1613111386904,
    "end": 1613111386950,
    "duration": 46,
    "pid": 23268,
    "index": 3
  },
  {
    "name": "Require(0) config/config.default.js",
    "start": 1613111386905,
    "end": 1613111386906,
    "duration": 1,
    "pid": 23268,
    "index": 4
  },
  {
    "name": "Require(1) node_modules/egg-session/config/config.default.js",
    "start": 1613111386907,
    "end": 1613111386908,
    "duration": 1,
    "pid": 23268,
    "index": 5
  },
  {
    "name": "Require(2) node_modules/egg-security/config/config.default.js",
    "start": 1613111386908,
    "end": 1613111386909,
    "duration": 1,
    "pid": 23268,
    "index": 6
  },
  {
    "name": "Require(3) node_modules/egg-jsonp/config/config.default.js",
    "start": 1613111386910,
    "end": 1613111386911,
    "duration": 1,
    "pid": 23268,
    "index": 7
  },
  {
    "name": "Require(4) node_modules/egg-onerror/config/config.default.js",
    "start": 1613111386911,
    "end": 1613111386912,
    "duration": 1,
    "pid": 23268,
    "index": 8
  },
  {
    "name": "Require(5) node_modules/egg-i18n/config/config.default.js",
    "start": 1613111386912,
    "end": 1613111386913,
    "duration": 1,
    "pid": 23268,
    "index": 9
  },
  {
    "name": "Require(6) node_modules/egg-watcher/config/config.default.js",
    "start": 1613111386913,
    "end": 1613111386914,
    "duration": 1,
    "pid": 23268,
    "index": 10
  },
  {
    "name": "Require(7) node_modules/egg-schedule/config/config.default.js",
    "start": 1613111386915,
    "end": 1613111386915,
    "duration": 0,
    "pid": 23268,
    "index": 11
  },
  {
    "name": "Require(8) node_modules/egg-multipart/config/config.default.js",
    "start": 1613111386916,
    "end": 1613111386916,
    "duration": 0,
    "pid": 23268,
    "index": 12
  },
  {
    "name": "Require(9) node_modules/egg-development/config/config.default.js",
    "start": 1613111386917,
    "end": 1613111386917,
    "duration": 0,
    "pid": 23268,
    "index": 13
  },
  {
    "name": "Require(10) node_modules/egg-logrotator/config/config.default.js",
    "start": 1613111386918,
    "end": 1613111386919,
    "duration": 1,
    "pid": 23268,
    "index": 14
  },
  {
    "name": "Require(11) node_modules/egg-static/config/config.default.js",
    "start": 1613111386919,
    "end": 1613111386920,
    "duration": 1,
    "pid": 23268,
    "index": 15
  },
  {
    "name": "Require(12) node_modules/egg-view/config/config.default.js",
    "start": 1613111386921,
    "end": 1613111386921,
    "duration": 0,
    "pid": 23268,
    "index": 16
  },
  {
    "name": "Require(13) node_modules/egg-mysql/config/config.default.js",
    "start": 1613111386922,
    "end": 1613111386922,
    "duration": 0,
    "pid": 23268,
    "index": 17
  },
  {
    "name": "Require(14) node_modules/egg-cors/config/config.default.js",
    "start": 1613111386923,
    "end": 1613111386924,
    "duration": 1,
    "pid": 23268,
    "index": 18
  },
  {
    "name": "Require(15) node_modules/egg/config/config.default.js",
    "start": 1613111386924,
    "end": 1613111386924,
    "duration": 0,
    "pid": 23268,
    "index": 19
  },
  {
    "name": "Require(16) config/config.default.js",
    "start": 1613111386926,
    "end": 1613111386926,
    "duration": 0,
    "pid": 23268,
    "index": 20
  },
  {
    "name": "Require(17) node_modules/egg-security/config/config.local.js",
    "start": 1613111386926,
    "end": 1613111386927,
    "duration": 1,
    "pid": 23268,
    "index": 21
  },
  {
    "name": "Require(18) node_modules/egg-watcher/config/config.local.js",
    "start": 1613111386928,
    "end": 1613111386929,
    "duration": 1,
    "pid": 23268,
    "index": 22
  },
  {
    "name": "Require(19) node_modules/egg-view/config/config.local.js",
    "start": 1613111386931,
    "end": 1613111386935,
    "duration": 4,
    "pid": 23268,
    "index": 23
  },
  {
    "name": "Require(20) node_modules/egg/config/config.local.js",
    "start": 1613111386950,
    "end": 1613111386950,
    "duration": 0,
    "pid": 23268,
    "index": 24
  },
  {
    "name": "Load extend/application.js",
    "start": 1613111386951,
    "end": 1613111386980,
    "duration": 29,
    "pid": 23268,
    "index": 25
  },
  {
    "name": "Require(21) node_modules/egg-session/app/extend/application.js",
    "start": 1613111386952,
    "end": 1613111386952,
    "duration": 0,
    "pid": 23268,
    "index": 26
  },
  {
    "name": "Require(22) node_modules/egg-security/app/extend/application.js",
    "start": 1613111386953,
    "end": 1613111386956,
    "duration": 3,
    "pid": 23268,
    "index": 27
  },
  {
    "name": "Require(23) node_modules/egg-jsonp/app/extend/application.js",
    "start": 1613111386956,
    "end": 1613111386958,
    "duration": 2,
    "pid": 23268,
    "index": 28
  },
  {
    "name": "Require(24) node_modules/egg-logrotator/app/extend/application.js",
    "start": 1613111386960,
    "end": 1613111386973,
    "duration": 13,
    "pid": 23268,
    "index": 29
  },
  {
    "name": "Require(25) node_modules/egg-view/app/extend/application.js",
    "start": 1613111386974,
    "end": 1613111386976,
    "duration": 2,
    "pid": 23268,
    "index": 30
  },
  {
    "name": "Load extend/request.js",
    "start": 1613111386981,
    "end": 1613111386997,
    "duration": 16,
    "pid": 23268,
    "index": 31
  },
  {
    "name": "Require(26) node_modules/egg/app/extend/request.js",
    "start": 1613111386985,
    "end": 1613111386986,
    "duration": 1,
    "pid": 23268,
    "index": 32
  },
  {
    "name": "Load extend/response.js",
    "start": 1613111386997,
    "end": 1613111387008,
    "duration": 11,
    "pid": 23268,
    "index": 33
  },
  {
    "name": "Require(27) node_modules/egg/app/extend/response.js",
    "start": 1613111387001,
    "end": 1613111387004,
    "duration": 3,
    "pid": 23268,
    "index": 34
  },
  {
    "name": "Load extend/context.js",
    "start": 1613111387008,
    "end": 1613111387125,
    "duration": 117,
    "pid": 23268,
    "index": 35
  },
  {
    "name": "Require(28) node_modules/egg-security/app/extend/context.js",
    "start": 1613111387010,
    "end": 1613111387025,
    "duration": 15,
    "pid": 23268,
    "index": 36
  },
  {
    "name": "Require(29) node_modules/egg-jsonp/app/extend/context.js",
    "start": 1613111387026,
    "end": 1613111387027,
    "duration": 1,
    "pid": 23268,
    "index": 37
  },
  {
    "name": "Require(30) node_modules/egg-i18n/app/extend/context.js",
    "start": 1613111387028,
    "end": 1613111387029,
    "duration": 1,
    "pid": 23268,
    "index": 38
  },
  {
    "name": "Require(31) node_modules/egg-multipart/app/extend/context.js",
    "start": 1613111387031,
    "end": 1613111387114,
    "duration": 83,
    "pid": 23268,
    "index": 39
  },
  {
    "name": "Require(32) node_modules/egg-view/app/extend/context.js",
    "start": 1613111387116,
    "end": 1613111387117,
    "duration": 1,
    "pid": 23268,
    "index": 40
  },
  {
    "name": "Require(33) node_modules/egg/app/extend/context.js",
    "start": 1613111387118,
    "end": 1613111387121,
    "duration": 3,
    "pid": 23268,
    "index": 41
  },
  {
    "name": "Load extend/helper.js",
    "start": 1613111387125,
    "end": 1613111387184,
    "duration": 59,
    "pid": 23268,
    "index": 42
  },
  {
    "name": "Require(34) node_modules/egg-security/app/extend/helper.js",
    "start": 1613111387126,
    "end": 1613111387165,
    "duration": 39,
    "pid": 23268,
    "index": 43
  },
  {
    "name": "Require(35) node_modules/egg/app/extend/helper.js",
    "start": 1613111387171,
    "end": 1613111387172,
    "duration": 1,
    "pid": 23268,
    "index": 44
  },
  {
    "name": "Load app.js",
    "start": 1613111387184,
    "end": 1613111387276,
    "duration": 92,
    "pid": 23268,
    "index": 45
  },
  {
    "name": "Require(36) node_modules/egg-session/app.js",
    "start": 1613111387185,
    "end": 1613111387186,
    "duration": 1,
    "pid": 23268,
    "index": 46
  },
  {
    "name": "Require(37) node_modules/egg-security/app.js",
    "start": 1613111387187,
    "end": 1613111387189,
    "duration": 2,
    "pid": 23268,
    "index": 47
  },
  {
    "name": "Require(38) node_modules/egg-onerror/app.js",
    "start": 1613111387191,
    "end": 1613111387220,
    "duration": 29,
    "pid": 23268,
    "index": 48
  },
  {
    "name": "Require(39) node_modules/egg-i18n/app.js",
    "start": 1613111387221,
    "end": 1613111387242,
    "duration": 21,
    "pid": 23268,
    "index": 49
  },
  {
    "name": "Require(40) node_modules/egg-watcher/app.js",
    "start": 1613111387243,
    "end": 1613111387251,
    "duration": 8,
    "pid": 23268,
    "index": 50
  },
  {
    "name": "Require(41) node_modules/egg-schedule/app.js",
    "start": 1613111387252,
    "end": 1613111387253,
    "duration": 1,
    "pid": 23268,
    "index": 51
  },
  {
    "name": "Require(42) node_modules/egg-multipart/app.js",
    "start": 1613111387253,
    "end": 1613111387254,
    "duration": 1,
    "pid": 23268,
    "index": 52
  },
  {
    "name": "Require(43) node_modules/egg-development/app.js",
    "start": 1613111387255,
    "end": 1613111387255,
    "duration": 0,
    "pid": 23268,
    "index": 53
  },
  {
    "name": "Require(44) node_modules/egg-logrotator/app.js",
    "start": 1613111387255,
    "end": 1613111387255,
    "duration": 0,
    "pid": 23268,
    "index": 54
  },
  {
    "name": "Require(45) node_modules/egg-static/app.js",
    "start": 1613111387256,
    "end": 1613111387256,
    "duration": 0,
    "pid": 23268,
    "index": 55
  },
  {
    "name": "Require(46) node_modules/egg-mysql/app.js",
    "start": 1613111387257,
    "end": 1613111387274,
    "duration": 17,
    "pid": 23268,
    "index": 56
  },
  {
    "name": "Require(47) node_modules/egg-cors/app.js",
    "start": 1613111387275,
    "end": 1613111387275,
    "duration": 0,
    "pid": 23268,
    "index": 57
  },
  {
    "name": "Before Start in node_modules/egg-watcher/lib/init.js:15:14",
    "start": 1613111387291,
    "end": 1613111387611,
    "duration": 320,
    "pid": 23268,
    "index": 58
  },
  {
    "name": "Before Start in node_modules/egg-mysql/lib/mysql.js:20:7",
    "start": 1613111387421,
    "end": 1613111387725,
    "duration": 304,
    "pid": 23268,
    "index": 59
  },
  {
    "name": "Load Service",
    "start": 1613111387421,
    "end": 1613111387426,
    "duration": 5,
    "pid": 23268,
    "index": 60
  },
  {
    "name": "Load \"service\" to Context",
    "start": 1613111387422,
    "end": 1613111387426,
    "duration": 4,
    "pid": 23268,
    "index": 61
  },
  {
    "name": "Load Middleware",
    "start": 1613111387427,
    "end": 1613111387559,
    "duration": 132,
    "pid": 23268,
    "index": 62
  },
  {
    "name": "Load \"middlewares\" to Application",
    "start": 1613111387427,
    "end": 1613111387544,
    "duration": 117,
    "pid": 23268,
    "index": 63
  },
  {
    "name": "Load Controller",
    "start": 1613111387559,
    "end": 1613111387564,
    "duration": 5,
    "pid": 23268,
    "index": 64
  },
  {
    "name": "Load \"controller\" to Application",
    "start": 1613111387559,
    "end": 1613111387564,
    "duration": 5,
    "pid": 23268,
    "index": 65
  },
  {
    "name": "Load Router",
    "start": 1613111387564,
    "end": 1613111387569,
    "duration": 5,
    "pid": 23268,
    "index": 66
  },
  {
    "name": "Require(48) app/router.js",
    "start": 1613111387565,
    "end": 1613111387565,
    "duration": 0,
    "pid": 23268,
    "index": 67
  },
  {
    "name": "Before Start in node_modules/egg-core/lib/egg.js:303:10",
    "start": 1613111387566,
    "end": 1613111387590,
    "duration": 24,
    "pid": 23268,
    "index": 68
  }
]