[
  {
    "name": "Process Start",
    "start": 1626404952306,
    "end": 1626404953659,
    "duration": 1353,
    "pid": 19972,
    "index": 0
  },
  {
    "name": "Application Start",
    "start": 1626404953660,
    "end": 1626404959286,
    "duration": 5626,
    "pid": 19972,
    "index": 1
  },
  {
    "name": "Load Plugin",
    "start": 1626404953668,
    "end": 1626404953695,
    "duration": 27,
    "pid": 19972,
    "index": 2
  },
  {
    "name": "Load Config",
    "start": 1626404953695,
    "end": 1626404953737,
    "duration": 42,
    "pid": 19972,
    "index": 3
  },
  {
    "name": "Require(0) config/config.default.js",
    "start": 1626404953696,
    "end": 1626404953697,
    "duration": 1,
    "pid": 19972,
    "index": 4
  },
  {
    "name": "Require(1) node_modules/egg-session/config/config.default.js",
    "start": 1626404953699,
    "end": 1626404953700,
    "duration": 1,
    "pid": 19972,
    "index": 5
  },
  {
    "name": "Require(2) node_modules/egg-security/config/config.default.js",
    "start": 1626404953701,
    "end": 1626404953701,
    "duration": 0,
    "pid": 19972,
    "index": 6
  },
  {
    "name": "Require(3) node_modules/egg-jsonp/config/config.default.js",
    "start": 1626404953702,
    "end": 1626404953703,
    "duration": 1,
    "pid": 19972,
    "index": 7
  },
  {
    "name": "Require(4) node_modules/egg-onerror/config/config.default.js",
    "start": 1626404953704,
    "end": 1626404953704,
    "duration": 0,
    "pid": 19972,
    "index": 8
  },
  {
    "name": "Require(5) node_modules/egg-i18n/config/config.default.js",
    "start": 1626404953705,
    "end": 1626404953705,
    "duration": 0,
    "pid": 19972,
    "index": 9
  },
  {
    "name": "Require(6) node_modules/egg-watcher/config/config.default.js",
    "start": 1626404953706,
    "end": 1626404953707,
    "duration": 1,
    "pid": 19972,
    "index": 10
  },
  {
    "name": "Require(7) node_modules/egg-schedule/config/config.default.js",
    "start": 1626404953707,
    "end": 1626404953708,
    "duration": 1,
    "pid": 19972,
    "index": 11
  },
  {
    "name": "Require(8) node_modules/egg-multipart/config/config.default.js",
    "start": 1626404953708,
    "end": 1626404953709,
    "duration": 1,
    "pid": 19972,
    "index": 12
  },
  {
    "name": "Require(9) node_modules/egg-development/config/config.default.js",
    "start": 1626404953710,
    "end": 1626404953711,
    "duration": 1,
    "pid": 19972,
    "index": 13
  },
  {
    "name": "Require(10) node_modules/egg-logrotator/config/config.default.js",
    "start": 1626404953713,
    "end": 1626404953714,
    "duration": 1,
    "pid": 19972,
    "index": 14
  },
  {
    "name": "Require(11) node_modules/egg-static/config/config.default.js",
    "start": 1626404953715,
    "end": 1626404953715,
    "duration": 0,
    "pid": 19972,
    "index": 15
  },
  {
    "name": "Require(12) node_modules/egg-view/config/config.default.js",
    "start": 1626404953716,
    "end": 1626404953718,
    "duration": 2,
    "pid": 19972,
    "index": 16
  },
  {
    "name": "Require(13) node_modules/egg-mysql/config/config.default.js",
    "start": 1626404953721,
    "end": 1626404953722,
    "duration": 1,
    "pid": 19972,
    "index": 17
  },
  {
    "name": "Require(14) node_modules/egg-cors/config/config.default.js",
    "start": 1626404953723,
    "end": 1626404953724,
    "duration": 1,
    "pid": 19972,
    "index": 18
  },
  {
    "name": "Require(15) node_modules/egg-jwt/config/config.default.js",
    "start": 1626404953724,
    "end": 1626404953725,
    "duration": 1,
    "pid": 19972,
    "index": 19
  },
  {
    "name": "Require(16) node_modules/egg/config/config.default.js",
    "start": 1626404953725,
    "end": 1626404953726,
    "duration": 1,
    "pid": 19972,
    "index": 20
  },
  {
    "name": "Require(17) config/config.default.js",
    "start": 1626404953728,
    "end": 1626404953728,
    "duration": 0,
    "pid": 19972,
    "index": 21
  },
  {
    "name": "Require(18) node_modules/egg-security/config/config.local.js",
    "start": 1626404953729,
    "end": 1626404953729,
    "duration": 0,
    "pid": 19972,
    "index": 22
  },
  {
    "name": "Require(19) node_modules/egg-watcher/config/config.local.js",
    "start": 1626404953731,
    "end": 1626404953731,
    "duration": 0,
    "pid": 19972,
    "index": 23
  },
  {
    "name": "Require(20) node_modules/egg-view/config/config.local.js",
    "start": 1626404953733,
    "end": 1626404953734,
    "duration": 1,
    "pid": 19972,
    "index": 24
  },
  {
    "name": "Require(21) node_modules/egg/config/config.local.js",
    "start": 1626404953736,
    "end": 1626404953737,
    "duration": 1,
    "pid": 19972,
    "index": 25
  },
  {
    "name": "Load extend/application.js",
    "start": 1626404953739,
    "end": 1626404954891,
    "duration": 1152,
    "pid": 19972,
    "index": 26
  },
  {
    "name": "Require(22) node_modules/egg-session/app/extend/application.js",
    "start": 1626404953761,
    "end": 1626404953789,
    "duration": 28,
    "pid": 19972,
    "index": 27
  },
  {
    "name": "Require(23) node_modules/egg-security/app/extend/application.js",
    "start": 1626404953790,
    "end": 1626404953801,
    "duration": 11,
    "pid": 19972,
    "index": 28
  },
  {
    "name": "Require(24) node_modules/egg-jsonp/app/extend/application.js",
    "start": 1626404953802,
    "end": 1626404953808,
    "duration": 6,
    "pid": 19972,
    "index": 29
  },
  {
    "name": "Require(25) node_modules/egg-logrotator/app/extend/application.js",
    "start": 1626404953812,
    "end": 1626404953820,
    "duration": 8,
    "pid": 19972,
    "index": 30
  },
  {
    "name": "Require(26) node_modules/egg-view/app/extend/application.js",
    "start": 1626404953821,
    "end": 1626404953849,
    "duration": 28,
    "pid": 19972,
    "index": 31
  },
  {
    "name": "Require(27) node_modules/egg-jwt/app/extend/application.js",
    "start": 1626404953867,
    "end": 1626404954887,
    "duration": 1020,
    "pid": 19972,
    "index": 32
  },
  {
    "name": "Load extend/request.js",
    "start": 1626404954891,
    "end": 1626404954912,
    "duration": 21,
    "pid": 19972,
    "index": 33
  },
  {
    "name": "Require(28) node_modules/egg/app/extend/request.js",
    "start": 1626404954896,
    "end": 1626404954908,
    "duration": 12,
    "pid": 19972,
    "index": 34
  },
  {
    "name": "Load extend/response.js",
    "start": 1626404954912,
    "end": 1626404954954,
    "duration": 42,
    "pid": 19972,
    "index": 35
  },
  {
    "name": "Require(29) node_modules/egg/app/extend/response.js",
    "start": 1626404954917,
    "end": 1626404954944,
    "duration": 27,
    "pid": 19972,
    "index": 36
  },
  {
    "name": "Load extend/context.js",
    "start": 1626404954954,
    "end": 1626404955094,
    "duration": 140,
    "pid": 19972,
    "index": 37
  },
  {
    "name": "Require(30) node_modules/egg-security/app/extend/context.js",
    "start": 1626404954955,
    "end": 1626404954975,
    "duration": 20,
    "pid": 19972,
    "index": 38
  },
  {
    "name": "Require(31) node_modules/egg-jsonp/app/extend/context.js",
    "start": 1626404954975,
    "end": 1626404954978,
    "duration": 3,
    "pid": 19972,
    "index": 39
  },
  {
    "name": "Require(32) node_modules/egg-i18n/app/extend/context.js",
    "start": 1626404954980,
    "end": 1626404954981,
    "duration": 1,
    "pid": 19972,
    "index": 40
  },
  {
    "name": "Require(33) node_modules/egg-multipart/app/extend/context.js",
    "start": 1626404954982,
    "end": 1626404955079,
    "duration": 97,
    "pid": 19972,
    "index": 41
  },
  {
    "name": "Require(34) node_modules/egg-view/app/extend/context.js",
    "start": 1626404955081,
    "end": 1626404955083,
    "duration": 2,
    "pid": 19972,
    "index": 42
  },
  {
    "name": "Require(35) node_modules/egg/app/extend/context.js",
    "start": 1626404955085,
    "end": 1626404955086,
    "duration": 1,
    "pid": 19972,
    "index": 43
  },
  {
    "name": "Load extend/helper.js",
    "start": 1626404955094,
    "end": 1626404955387,
    "duration": 293,
    "pid": 19972,
    "index": 44
  },
  {
    "name": "Require(36) node_modules/egg-security/app/extend/helper.js",
    "start": 1626404955095,
    "end": 1626404955378,
    "duration": 283,
    "pid": 19972,
    "index": 45
  },
  {
    "name": "Require(37) node_modules/egg/app/extend/helper.js",
    "start": 1626404955381,
    "end": 1626404955383,
    "duration": 2,
    "pid": 19972,
    "index": 46
  },
  {
    "name": "Load app.js",
    "start": 1626404955388,
    "end": 1626404956140,
    "duration": 752,
    "pid": 19972,
    "index": 47
  },
  {
    "name": "Require(38) node_modules/egg-session/app.js",
    "start": 1626404955388,
    "end": 1626404955388,
    "duration": 0,
    "pid": 19972,
    "index": 48
  },
  {
    "name": "Require(39) node_modules/egg-security/app.js",
    "start": 1626404955391,
    "end": 1626404955404,
    "duration": 13,
    "pid": 19972,
    "index": 49
  },
  {
    "name": "Require(40) node_modules/egg-onerror/app.js",
    "start": 1626404955418,
    "end": 1626404955765,
    "duration": 347,
    "pid": 19972,
    "index": 50
  },
  {
    "name": "Require(41) node_modules/egg-i18n/app.js",
    "start": 1626404955774,
    "end": 1626404956027,
    "duration": 253,
    "pid": 19972,
    "index": 51
  },
  {
    "name": "Require(42) node_modules/egg-watcher/app.js",
    "start": 1626404956028,
    "end": 1626404956033,
    "duration": 5,
    "pid": 19972,
    "index": 52
  },
  {
    "name": "Require(43) node_modules/egg-schedule/app.js",
    "start": 1626404956034,
    "end": 1626404956052,
    "duration": 18,
    "pid": 19972,
    "index": 53
  },
  {
    "name": "Require(44) node_modules/egg-multipart/app.js",
    "start": 1626404956053,
    "end": 1626404956079,
    "duration": 26,
    "pid": 19972,
    "index": 54
  },
  {
    "name": "Require(45) node_modules/egg-development/app.js",
    "start": 1626404956080,
    "end": 1626404956080,
    "duration": 0,
    "pid": 19972,
    "index": 55
  },
  {
    "name": "Require(46) node_modules/egg-logrotator/app.js",
    "start": 1626404956081,
    "end": 1626404956082,
    "duration": 1,
    "pid": 19972,
    "index": 56
  },
  {
    "name": "Require(47) node_modules/egg-static/app.js",
    "start": 1626404956108,
    "end": 1626404956108,
    "duration": 0,
    "pid": 19972,
    "index": 57
  },
  {
    "name": "Require(48) node_modules/egg-mysql/app.js",
    "start": 1626404956109,
    "end": 1626404956125,
    "duration": 16,
    "pid": 19972,
    "index": 58
  },
  {
    "name": "Require(49) node_modules/egg-cors/app.js",
    "start": 1626404956125,
    "end": 1626404956138,
    "duration": 13,
    "pid": 19972,
    "index": 59
  },
  {
    "name": "Require(50) node_modules/egg-jwt/app.js",
    "start": 1626404956138,
    "end": 1626404956139,
    "duration": 1,
    "pid": 19972,
    "index": 60
  },
  {
    "name": "Before Start in node_modules/egg-watcher/lib/init.js:15:14",
    "start": 1626404956161,
    "end": 1626404959239,
    "duration": 3078,
    "pid": 19972,
    "index": 61
  },
  {
    "name": "Before Start in node_modules/egg-mysql/lib/mysql.js:20:7",
    "start": 1626404956804,
    "end": 1626404959286,
    "duration": 2482,
    "pid": 19972,
    "index": 62
  },
  {
    "name": "Load Service",
    "start": 1626404956804,
    "end": 1626404956814,
    "duration": 10,
    "pid": 19972,
    "index": 63
  },
  {
    "name": "Load \"service\" to Context",
    "start": 1626404956804,
    "end": 1626404956814,
    "duration": 10,
    "pid": 19972,
    "index": 64
  },
  {
    "name": "Load Middleware",
    "start": 1626404956814,
    "end": 1626404959095,
    "duration": 2281,
    "pid": 19972,
    "index": 65
  },
  {
    "name": "Load \"middlewares\" to Application",
    "start": 1626404956814,
    "end": 1626404959071,
    "duration": 2257,
    "pid": 19972,
    "index": 66
  },
  {
    "name": "Load Controller",
    "start": 1626404959095,
    "end": 1626404959106,
    "duration": 11,
    "pid": 19972,
    "index": 67
  },
  {
    "name": "Load \"controller\" to Application",
    "start": 1626404959095,
    "end": 1626404959106,
    "duration": 11,
    "pid": 19972,
    "index": 68
  },
  {
    "name": "Load Router",
    "start": 1626404959106,
    "end": 1626404959113,
    "duration": 7,
    "pid": 19972,
    "index": 69
  },
  {
    "name": "Require(51) app/router.js",
    "start": 1626404959107,
    "end": 1626404959107,
    "duration": 0,
    "pid": 19972,
    "index": 70
  },
  {
    "name": "Before Start in node_modules/egg-core/lib/egg.js:303:10",
    "start": 1626404959110,
    "end": 1626404959145,
    "duration": 35,
    "pid": 19972,
    "index": 71
  }
]