[
  {
    "name": "Process Start",
    "start": 1613031630509,
    "end": 1613031631753,
    "duration": 1244,
    "pid": 16864,
    "index": 0
  },
  {
    "name": "Application Start",
    "start": 1613031631754,
    "end": 1613031632607,
    "duration": 853,
    "pid": 16864,
    "index": 1
  },
  {
    "name": "Load Plugin",
    "start": 1613031631760,
    "end": 1613031631780,
    "duration": 20,
    "pid": 16864,
    "index": 2
  },
  {
    "name": "Load Config",
    "start": 1613031631780,
    "end": 1613031631807,
    "duration": 27,
    "pid": 16864,
    "index": 3
  },
  {
    "name": "Require(0) config/config.default.js",
    "start": 1613031631781,
    "end": 1613031631782,
    "duration": 1,
    "pid": 16864,
    "index": 4
  },
  {
    "name": "Require(1) node_modules/egg-session/config/config.default.js",
    "start": 1613031631783,
    "end": 1613031631784,
    "duration": 1,
    "pid": 16864,
    "index": 5
  },
  {
    "name": "Require(2) node_modules/egg-security/config/config.default.js",
    "start": 1613031631784,
    "end": 1613031631785,
    "duration": 1,
    "pid": 16864,
    "index": 6
  },
  {
    "name": "Require(3) node_modules/egg-jsonp/config/config.default.js",
    "start": 1613031631786,
    "end": 1613031631786,
    "duration": 0,
    "pid": 16864,
    "index": 7
  },
  {
    "name": "Require(4) node_modules/egg-onerror/config/config.default.js",
    "start": 1613031631787,
    "end": 1613031631787,
    "duration": 0,
    "pid": 16864,
    "index": 8
  },
  {
    "name": "Require(5) node_modules/egg-i18n/config/config.default.js",
    "start": 1613031631788,
    "end": 1613031631788,
    "duration": 0,
    "pid": 16864,
    "index": 9
  },
  {
    "name": "Require(6) node_modules/egg-watcher/config/config.default.js",
    "start": 1613031631789,
    "end": 1613031631789,
    "duration": 0,
    "pid": 16864,
    "index": 10
  },
  {
    "name": "Require(7) node_modules/egg-schedule/config/config.default.js",
    "start": 1613031631790,
    "end": 1613031631790,
    "duration": 0,
    "pid": 16864,
    "index": 11
  },
  {
    "name": "Require(8) node_modules/egg-multipart/config/config.default.js",
    "start": 1613031631791,
    "end": 1613031631792,
    "duration": 1,
    "pid": 16864,
    "index": 12
  },
  {
    "name": "Require(9) node_modules/egg-development/config/config.default.js",
    "start": 1613031631792,
    "end": 1613031631793,
    "duration": 1,
    "pid": 16864,
    "index": 13
  },
  {
    "name": "Require(10) node_modules/egg-logrotator/config/config.default.js",
    "start": 1613031631793,
    "end": 1613031631794,
    "duration": 1,
    "pid": 16864,
    "index": 14
  },
  {
    "name": "Require(11) node_modules/egg-static/config/config.default.js",
    "start": 1613031631794,
    "end": 1613031631795,
    "duration": 1,
    "pid": 16864,
    "index": 15
  },
  {
    "name": "Require(12) node_modules/egg-view/config/config.default.js",
    "start": 1613031631796,
    "end": 1613031631796,
    "duration": 0,
    "pid": 16864,
    "index": 16
  },
  {
    "name": "Require(13) node_modules/egg-mysql/config/config.default.js",
    "start": 1613031631797,
    "end": 1613031631797,
    "duration": 0,
    "pid": 16864,
    "index": 17
  },
  {
    "name": "Require(14) node_modules/egg-cors/config/config.default.js",
    "start": 1613031631798,
    "end": 1613031631798,
    "duration": 0,
    "pid": 16864,
    "index": 18
  },
  {
    "name": "Require(15) node_modules/egg/config/config.default.js",
    "start": 1613031631798,
    "end": 1613031631799,
    "duration": 1,
    "pid": 16864,
    "index": 19
  },
  {
    "name": "Require(16) config/config.default.js",
    "start": 1613031631800,
    "end": 1613031631800,
    "duration": 0,
    "pid": 16864,
    "index": 20
  },
  {
    "name": "Require(17) node_modules/egg-security/config/config.local.js",
    "start": 1613031631801,
    "end": 1613031631801,
    "duration": 0,
    "pid": 16864,
    "index": 21
  },
  {
    "name": "Require(18) node_modules/egg-watcher/config/config.local.js",
    "start": 1613031631803,
    "end": 1613031631803,
    "duration": 0,
    "pid": 16864,
    "index": 22
  },
  {
    "name": "Require(19) node_modules/egg-view/config/config.local.js",
    "start": 1613031631805,
    "end": 1613031631805,
    "duration": 0,
    "pid": 16864,
    "index": 23
  },
  {
    "name": "Require(20) node_modules/egg/config/config.local.js",
    "start": 1613031631806,
    "end": 1613031631806,
    "duration": 0,
    "pid": 16864,
    "index": 24
  },
  {
    "name": "Load extend/application.js",
    "start": 1613031631808,
    "end": 1613031631832,
    "duration": 24,
    "pid": 16864,
    "index": 25
  },
  {
    "name": "Require(21) node_modules/egg-session/app/extend/application.js",
    "start": 1613031631809,
    "end": 1613031631810,
    "duration": 1,
    "pid": 16864,
    "index": 26
  },
  {
    "name": "Require(22) node_modules/egg-security/app/extend/application.js",
    "start": 1613031631810,
    "end": 1613031631811,
    "duration": 1,
    "pid": 16864,
    "index": 27
  },
  {
    "name": "Require(23) node_modules/egg-jsonp/app/extend/application.js",
    "start": 1613031631812,
    "end": 1613031631813,
    "duration": 1,
    "pid": 16864,
    "index": 28
  },
  {
    "name": "Require(24) node_modules/egg-logrotator/app/extend/application.js",
    "start": 1613031631815,
    "end": 1613031631826,
    "duration": 11,
    "pid": 16864,
    "index": 29
  },
  {
    "name": "Require(25) node_modules/egg-view/app/extend/application.js",
    "start": 1613031631826,
    "end": 1613031631828,
    "duration": 2,
    "pid": 16864,
    "index": 30
  },
  {
    "name": "Load extend/request.js",
    "start": 1613031631832,
    "end": 1613031631841,
    "duration": 9,
    "pid": 16864,
    "index": 31
  },
  {
    "name": "Require(26) node_modules/egg/app/extend/request.js",
    "start": 1613031631836,
    "end": 1613031631837,
    "duration": 1,
    "pid": 16864,
    "index": 32
  },
  {
    "name": "Load extend/response.js",
    "start": 1613031631841,
    "end": 1613031631851,
    "duration": 10,
    "pid": 16864,
    "index": 33
  },
  {
    "name": "Require(27) node_modules/egg/app/extend/response.js",
    "start": 1613031631844,
    "end": 1613031631846,
    "duration": 2,
    "pid": 16864,
    "index": 34
  },
  {
    "name": "Load extend/context.js",
    "start": 1613031631851,
    "end": 1613031631940,
    "duration": 89,
    "pid": 16864,
    "index": 35
  },
  {
    "name": "Require(28) node_modules/egg-security/app/extend/context.js",
    "start": 1613031631852,
    "end": 1613031631869,
    "duration": 17,
    "pid": 16864,
    "index": 36
  },
  {
    "name": "Require(29) node_modules/egg-jsonp/app/extend/context.js",
    "start": 1613031631869,
    "end": 1613031631871,
    "duration": 2,
    "pid": 16864,
    "index": 37
  },
  {
    "name": "Require(30) node_modules/egg-i18n/app/extend/context.js",
    "start": 1613031631871,
    "end": 1613031631872,
    "duration": 1,
    "pid": 16864,
    "index": 38
  },
  {
    "name": "Require(31) node_modules/egg-multipart/app/extend/context.js",
    "start": 1613031631873,
    "end": 1613031631923,
    "duration": 50,
    "pid": 16864,
    "index": 39
  },
  {
    "name": "Require(32) node_modules/egg-view/app/extend/context.js",
    "start": 1613031631924,
    "end": 1613031631925,
    "duration": 1,
    "pid": 16864,
    "index": 40
  },
  {
    "name": "Require(33) node_modules/egg/app/extend/context.js",
    "start": 1613031631926,
    "end": 1613031631927,
    "duration": 1,
    "pid": 16864,
    "index": 41
  },
  {
    "name": "Load extend/helper.js",
    "start": 1613031631940,
    "end": 1613031631966,
    "duration": 26,
    "pid": 16864,
    "index": 42
  },
  {
    "name": "Require(34) node_modules/egg-security/app/extend/helper.js",
    "start": 1613031631941,
    "end": 1613031631957,
    "duration": 16,
    "pid": 16864,
    "index": 43
  },
  {
    "name": "Require(35) node_modules/egg/app/extend/helper.js",
    "start": 1613031631962,
    "end": 1613031631962,
    "duration": 0,
    "pid": 16864,
    "index": 44
  },
  {
    "name": "Load app.js",
    "start": 1613031631966,
    "end": 1613031632012,
    "duration": 46,
    "pid": 16864,
    "index": 45
  },
  {
    "name": "Require(36) node_modules/egg-session/app.js",
    "start": 1613031631966,
    "end": 1613031631967,
    "duration": 1,
    "pid": 16864,
    "index": 46
  },
  {
    "name": "Require(37) node_modules/egg-security/app.js",
    "start": 1613031631967,
    "end": 1613031631969,
    "duration": 2,
    "pid": 16864,
    "index": 47
  },
  {
    "name": "Require(38) node_modules/egg-onerror/app.js",
    "start": 1613031631969,
    "end": 1613031631979,
    "duration": 10,
    "pid": 16864,
    "index": 48
  },
  {
    "name": "Require(39) node_modules/egg-i18n/app.js",
    "start": 1613031631979,
    "end": 1613031631988,
    "duration": 9,
    "pid": 16864,
    "index": 49
  },
  {
    "name": "Require(40) node_modules/egg-watcher/app.js",
    "start": 1613031631988,
    "end": 1613031631991,
    "duration": 3,
    "pid": 16864,
    "index": 50
  },
  {
    "name": "Require(41) node_modules/egg-schedule/app.js",
    "start": 1613031631992,
    "end": 1613031631993,
    "duration": 1,
    "pid": 16864,
    "index": 51
  },
  {
    "name": "Require(42) node_modules/egg-multipart/app.js",
    "start": 1613031631994,
    "end": 1613031631995,
    "duration": 1,
    "pid": 16864,
    "index": 52
  },
  {
    "name": "Require(43) node_modules/egg-development/app.js",
    "start": 1613031631995,
    "end": 1613031631995,
    "duration": 0,
    "pid": 16864,
    "index": 53
  },
  {
    "name": "Require(44) node_modules/egg-logrotator/app.js",
    "start": 1613031631996,
    "end": 1613031631996,
    "duration": 0,
    "pid": 16864,
    "index": 54
  },
  {
    "name": "Require(45) node_modules/egg-static/app.js",
    "start": 1613031631996,
    "end": 1613031631996,
    "duration": 0,
    "pid": 16864,
    "index": 55
  },
  {
    "name": "Require(46) node_modules/egg-mysql/app.js",
    "start": 1613031631997,
    "end": 1613031632010,
    "duration": 13,
    "pid": 16864,
    "index": 56
  },
  {
    "name": "Require(47) node_modules/egg-cors/app.js",
    "start": 1613031632011,
    "end": 1613031632011,
    "duration": 0,
    "pid": 16864,
    "index": 57
  },
  {
    "name": "Before Start in node_modules/egg-watcher/lib/init.js:15:14",
    "start": 1613031632025,
    "end": 1613031632346,
    "duration": 321,
    "pid": 16864,
    "index": 58
  },
  {
    "name": "Before Start in node_modules/egg-mysql/lib/mysql.js:20:7",
    "start": 1613031632120,
    "end": 1613031632607,
    "duration": 487,
    "pid": 16864,
    "index": 59
  },
  {
    "name": "Load Service",
    "start": 1613031632121,
    "end": 1613031632127,
    "duration": 6,
    "pid": 16864,
    "index": 60
  },
  {
    "name": "Load \"service\" to Context",
    "start": 1613031632121,
    "end": 1613031632127,
    "duration": 6,
    "pid": 16864,
    "index": 61
  },
  {
    "name": "Load Middleware",
    "start": 1613031632127,
    "end": 1613031632311,
    "duration": 184,
    "pid": 16864,
    "index": 62
  },
  {
    "name": "Load \"middlewares\" to Application",
    "start": 1613031632127,
    "end": 1613031632290,
    "duration": 163,
    "pid": 16864,
    "index": 63
  },
  {
    "name": "Load Controller",
    "start": 1613031632311,
    "end": 1613031632315,
    "duration": 4,
    "pid": 16864,
    "index": 64
  },
  {
    "name": "Load \"controller\" to Application",
    "start": 1613031632311,
    "end": 1613031632315,
    "duration": 4,
    "pid": 16864,
    "index": 65
  },
  {
    "name": "Load Router",
    "start": 1613031632315,
    "end": 1613031632321,
    "duration": 6,
    "pid": 16864,
    "index": 66
  },
  {
    "name": "Require(48) app/router.js",
    "start": 1613031632316,
    "end": 1613031632316,
    "duration": 0,
    "pid": 16864,
    "index": 67
  },
  {
    "name": "Before Start in node_modules/egg-core/lib/egg.js:303:10",
    "start": 1613031632317,
    "end": 1613031632335,
    "duration": 18,
    "pid": 16864,
    "index": 68
  }
]