[
  {
    "name": "Process Start",
    "start": 1613112582691,
    "end": 1613112584210,
    "duration": 1519,
    "pid": 18812,
    "index": 0
  },
  {
    "name": "Application Start",
    "start": 1613112584211,
    "end": 1613112585122,
    "duration": 911,
    "pid": 18812,
    "index": 1
  },
  {
    "name": "Load Plugin",
    "start": 1613112584219,
    "end": 1613112584246,
    "duration": 27,
    "pid": 18812,
    "index": 2
  },
  {
    "name": "Load Config",
    "start": 1613112584246,
    "end": 1613112584300,
    "duration": 54,
    "pid": 18812,
    "index": 3
  },
  {
    "name": "Require(0) config/config.default.js",
    "start": 1613112584247,
    "end": 1613112584247,
    "duration": 0,
    "pid": 18812,
    "index": 4
  },
  {
    "name": "Require(1) node_modules/egg-session/config/config.default.js",
    "start": 1613112584249,
    "end": 1613112584250,
    "duration": 1,
    "pid": 18812,
    "index": 5
  },
  {
    "name": "Require(2) node_modules/egg-security/config/config.default.js",
    "start": 1613112584251,
    "end": 1613112584251,
    "duration": 0,
    "pid": 18812,
    "index": 6
  },
  {
    "name": "Require(3) node_modules/egg-jsonp/config/config.default.js",
    "start": 1613112584252,
    "end": 1613112584253,
    "duration": 1,
    "pid": 18812,
    "index": 7
  },
  {
    "name": "Require(4) node_modules/egg-onerror/config/config.default.js",
    "start": 1613112584254,
    "end": 1613112584254,
    "duration": 0,
    "pid": 18812,
    "index": 8
  },
  {
    "name": "Require(5) node_modules/egg-i18n/config/config.default.js",
    "start": 1613112584255,
    "end": 1613112584256,
    "duration": 1,
    "pid": 18812,
    "index": 9
  },
  {
    "name": "Require(6) node_modules/egg-watcher/config/config.default.js",
    "start": 1613112584256,
    "end": 1613112584260,
    "duration": 4,
    "pid": 18812,
    "index": 10
  },
  {
    "name": "Require(7) node_modules/egg-schedule/config/config.default.js",
    "start": 1613112584261,
    "end": 1613112584261,
    "duration": 0,
    "pid": 18812,
    "index": 11
  },
  {
    "name": "Require(8) node_modules/egg-multipart/config/config.default.js",
    "start": 1613112584262,
    "end": 1613112584263,
    "duration": 1,
    "pid": 18812,
    "index": 12
  },
  {
    "name": "Require(9) node_modules/egg-development/config/config.default.js",
    "start": 1613112584265,
    "end": 1613112584265,
    "duration": 0,
    "pid": 18812,
    "index": 13
  },
  {
    "name": "Require(10) node_modules/egg-logrotator/config/config.default.js",
    "start": 1613112584266,
    "end": 1613112584267,
    "duration": 1,
    "pid": 18812,
    "index": 14
  },
  {
    "name": "Require(11) node_modules/egg-static/config/config.default.js",
    "start": 1613112584268,
    "end": 1613112584268,
    "duration": 0,
    "pid": 18812,
    "index": 15
  },
  {
    "name": "Require(12) node_modules/egg-view/config/config.default.js",
    "start": 1613112584269,
    "end": 1613112584270,
    "duration": 1,
    "pid": 18812,
    "index": 16
  },
  {
    "name": "Require(13) node_modules/egg-mysql/config/config.default.js",
    "start": 1613112584270,
    "end": 1613112584271,
    "duration": 1,
    "pid": 18812,
    "index": 17
  },
  {
    "name": "Require(14) node_modules/egg-cors/config/config.default.js",
    "start": 1613112584273,
    "end": 1613112584277,
    "duration": 4,
    "pid": 18812,
    "index": 18
  },
  {
    "name": "Require(15) node_modules/egg/config/config.default.js",
    "start": 1613112584278,
    "end": 1613112584279,
    "duration": 1,
    "pid": 18812,
    "index": 19
  },
  {
    "name": "Require(16) config/config.default.js",
    "start": 1613112584282,
    "end": 1613112584282,
    "duration": 0,
    "pid": 18812,
    "index": 20
  },
  {
    "name": "Require(17) node_modules/egg-security/config/config.local.js",
    "start": 1613112584284,
    "end": 1613112584284,
    "duration": 0,
    "pid": 18812,
    "index": 21
  },
  {
    "name": "Require(18) node_modules/egg-watcher/config/config.local.js",
    "start": 1613112584286,
    "end": 1613112584286,
    "duration": 0,
    "pid": 18812,
    "index": 22
  },
  {
    "name": "Require(19) node_modules/egg-view/config/config.local.js",
    "start": 1613112584289,
    "end": 1613112584290,
    "duration": 1,
    "pid": 18812,
    "index": 23
  },
  {
    "name": "Require(20) node_modules/egg/config/config.local.js",
    "start": 1613112584293,
    "end": 1613112584296,
    "duration": 3,
    "pid": 18812,
    "index": 24
  },
  {
    "name": "Load extend/application.js",
    "start": 1613112584314,
    "end": 1613112584351,
    "duration": 37,
    "pid": 18812,
    "index": 25
  },
  {
    "name": "Require(21) node_modules/egg-session/app/extend/application.js",
    "start": 1613112584317,
    "end": 1613112584319,
    "duration": 2,
    "pid": 18812,
    "index": 26
  },
  {
    "name": "Require(22) node_modules/egg-security/app/extend/application.js",
    "start": 1613112584320,
    "end": 1613112584322,
    "duration": 2,
    "pid": 18812,
    "index": 27
  },
  {
    "name": "Require(23) node_modules/egg-jsonp/app/extend/application.js",
    "start": 1613112584327,
    "end": 1613112584329,
    "duration": 2,
    "pid": 18812,
    "index": 28
  },
  {
    "name": "Require(24) node_modules/egg-logrotator/app/extend/application.js",
    "start": 1613112584331,
    "end": 1613112584344,
    "duration": 13,
    "pid": 18812,
    "index": 29
  },
  {
    "name": "Require(25) node_modules/egg-view/app/extend/application.js",
    "start": 1613112584345,
    "end": 1613112584347,
    "duration": 2,
    "pid": 18812,
    "index": 30
  },
  {
    "name": "Load extend/request.js",
    "start": 1613112584351,
    "end": 1613112584361,
    "duration": 10,
    "pid": 18812,
    "index": 31
  },
  {
    "name": "Require(26) node_modules/egg/app/extend/request.js",
    "start": 1613112584355,
    "end": 1613112584356,
    "duration": 1,
    "pid": 18812,
    "index": 32
  },
  {
    "name": "Load extend/response.js",
    "start": 1613112584361,
    "end": 1613112584371,
    "duration": 10,
    "pid": 18812,
    "index": 33
  },
  {
    "name": "Require(27) node_modules/egg/app/extend/response.js",
    "start": 1613112584364,
    "end": 1613112584367,
    "duration": 3,
    "pid": 18812,
    "index": 34
  },
  {
    "name": "Load extend/context.js",
    "start": 1613112584371,
    "end": 1613112584461,
    "duration": 90,
    "pid": 18812,
    "index": 35
  },
  {
    "name": "Require(28) node_modules/egg-security/app/extend/context.js",
    "start": 1613112584372,
    "end": 1613112584392,
    "duration": 20,
    "pid": 18812,
    "index": 36
  },
  {
    "name": "Require(29) node_modules/egg-jsonp/app/extend/context.js",
    "start": 1613112584393,
    "end": 1613112584394,
    "duration": 1,
    "pid": 18812,
    "index": 37
  },
  {
    "name": "Require(30) node_modules/egg-i18n/app/extend/context.js",
    "start": 1613112584395,
    "end": 1613112584396,
    "duration": 1,
    "pid": 18812,
    "index": 38
  },
  {
    "name": "Require(31) node_modules/egg-multipart/app/extend/context.js",
    "start": 1613112584397,
    "end": 1613112584452,
    "duration": 55,
    "pid": 18812,
    "index": 39
  },
  {
    "name": "Require(32) node_modules/egg-view/app/extend/context.js",
    "start": 1613112584453,
    "end": 1613112584454,
    "duration": 1,
    "pid": 18812,
    "index": 40
  },
  {
    "name": "Require(33) node_modules/egg/app/extend/context.js",
    "start": 1613112584454,
    "end": 1613112584455,
    "duration": 1,
    "pid": 18812,
    "index": 41
  },
  {
    "name": "Load extend/helper.js",
    "start": 1613112584461,
    "end": 1613112584488,
    "duration": 27,
    "pid": 18812,
    "index": 42
  },
  {
    "name": "Require(34) node_modules/egg-security/app/extend/helper.js",
    "start": 1613112584461,
    "end": 1613112584479,
    "duration": 18,
    "pid": 18812,
    "index": 43
  },
  {
    "name": "Require(35) node_modules/egg/app/extend/helper.js",
    "start": 1613112584484,
    "end": 1613112584484,
    "duration": 0,
    "pid": 18812,
    "index": 44
  },
  {
    "name": "Load app.js",
    "start": 1613112584488,
    "end": 1613112584556,
    "duration": 68,
    "pid": 18812,
    "index": 45
  },
  {
    "name": "Require(36) node_modules/egg-session/app.js",
    "start": 1613112584488,
    "end": 1613112584489,
    "duration": 1,
    "pid": 18812,
    "index": 46
  },
  {
    "name": "Require(37) node_modules/egg-security/app.js",
    "start": 1613112584489,
    "end": 1613112584492,
    "duration": 3,
    "pid": 18812,
    "index": 47
  },
  {
    "name": "Require(38) node_modules/egg-onerror/app.js",
    "start": 1613112584493,
    "end": 1613112584502,
    "duration": 9,
    "pid": 18812,
    "index": 48
  },
  {
    "name": "Require(39) node_modules/egg-i18n/app.js",
    "start": 1613112584503,
    "end": 1613112584513,
    "duration": 10,
    "pid": 18812,
    "index": 49
  },
  {
    "name": "Require(40) node_modules/egg-watcher/app.js",
    "start": 1613112584513,
    "end": 1613112584517,
    "duration": 4,
    "pid": 18812,
    "index": 50
  },
  {
    "name": "Require(41) node_modules/egg-schedule/app.js",
    "start": 1613112584517,
    "end": 1613112584519,
    "duration": 2,
    "pid": 18812,
    "index": 51
  },
  {
    "name": "Require(42) node_modules/egg-multipart/app.js",
    "start": 1613112584519,
    "end": 1613112584520,
    "duration": 1,
    "pid": 18812,
    "index": 52
  },
  {
    "name": "Require(43) node_modules/egg-development/app.js",
    "start": 1613112584520,
    "end": 1613112584520,
    "duration": 0,
    "pid": 18812,
    "index": 53
  },
  {
    "name": "Require(44) node_modules/egg-logrotator/app.js",
    "start": 1613112584521,
    "end": 1613112584521,
    "duration": 0,
    "pid": 18812,
    "index": 54
  },
  {
    "name": "Require(45) node_modules/egg-static/app.js",
    "start": 1613112584521,
    "end": 1613112584522,
    "duration": 1,
    "pid": 18812,
    "index": 55
  },
  {
    "name": "Require(46) node_modules/egg-mysql/app.js",
    "start": 1613112584522,
    "end": 1613112584548,
    "duration": 26,
    "pid": 18812,
    "index": 56
  },
  {
    "name": "Require(47) node_modules/egg-cors/app.js",
    "start": 1613112584550,
    "end": 1613112584551,
    "duration": 1,
    "pid": 18812,
    "index": 57
  },
  {
    "name": "Before Start in node_modules/egg-watcher/lib/init.js:15:14",
    "start": 1613112584573,
    "end": 1613112584979,
    "duration": 406,
    "pid": 18812,
    "index": 58
  },
  {
    "name": "Before Start in node_modules/egg-mysql/lib/mysql.js:20:7",
    "start": 1613112584699,
    "end": 1613112585122,
    "duration": 423,
    "pid": 18812,
    "index": 59
  },
  {
    "name": "Load Service",
    "start": 1613112584700,
    "end": 1613112584706,
    "duration": 6,
    "pid": 18812,
    "index": 60
  },
  {
    "name": "Load \"service\" to Context",
    "start": 1613112584700,
    "end": 1613112584706,
    "duration": 6,
    "pid": 18812,
    "index": 61
  },
  {
    "name": "Load Middleware",
    "start": 1613112584710,
    "end": 1613112584945,
    "duration": 235,
    "pid": 18812,
    "index": 62
  },
  {
    "name": "Load \"middlewares\" to Application",
    "start": 1613112584710,
    "end": 1613112584928,
    "duration": 218,
    "pid": 18812,
    "index": 63
  },
  {
    "name": "Load Controller",
    "start": 1613112584945,
    "end": 1613112584950,
    "duration": 5,
    "pid": 18812,
    "index": 64
  },
  {
    "name": "Load \"controller\" to Application",
    "start": 1613112584945,
    "end": 1613112584950,
    "duration": 5,
    "pid": 18812,
    "index": 65
  },
  {
    "name": "Load Router",
    "start": 1613112584950,
    "end": 1613112584954,
    "duration": 4,
    "pid": 18812,
    "index": 66
  },
  {
    "name": "Require(48) app/router.js",
    "start": 1613112584950,
    "end": 1613112584950,
    "duration": 0,
    "pid": 18812,
    "index": 67
  },
  {
    "name": "Before Start in node_modules/egg-core/lib/egg.js:303:10",
    "start": 1613112584952,
    "end": 1613112584969,
    "duration": 17,
    "pid": 18812,
    "index": 68
  }
]