[
  {
    "name": "Process Start",
    "start": 1613027792161,
    "end": 1613027793470,
    "duration": 1309,
    "pid": 15448,
    "index": 0
  },
  {
    "name": "Application Start",
    "start": 1613027793471,
    "end": 1613027794314,
    "duration": 843,
    "pid": 15448,
    "index": 1
  },
  {
    "name": "Load Plugin",
    "start": 1613027793479,
    "end": 1613027793500,
    "duration": 21,
    "pid": 15448,
    "index": 2
  },
  {
    "name": "Load Config",
    "start": 1613027793500,
    "end": 1613027793549,
    "duration": 49,
    "pid": 15448,
    "index": 3
  },
  {
    "name": "Require(0) config/config.default.js",
    "start": 1613027793501,
    "end": 1613027793501,
    "duration": 0,
    "pid": 15448,
    "index": 4
  },
  {
    "name": "Require(1) node_modules/egg-session/config/config.default.js",
    "start": 1613027793503,
    "end": 1613027793503,
    "duration": 0,
    "pid": 15448,
    "index": 5
  },
  {
    "name": "Require(2) node_modules/egg-security/config/config.default.js",
    "start": 1613027793504,
    "end": 1613027793505,
    "duration": 1,
    "pid": 15448,
    "index": 6
  },
  {
    "name": "Require(3) node_modules/egg-jsonp/config/config.default.js",
    "start": 1613027793506,
    "end": 1613027793506,
    "duration": 0,
    "pid": 15448,
    "index": 7
  },
  {
    "name": "Require(4) node_modules/egg-onerror/config/config.default.js",
    "start": 1613027793507,
    "end": 1613027793507,
    "duration": 0,
    "pid": 15448,
    "index": 8
  },
  {
    "name": "Require(5) node_modules/egg-i18n/config/config.default.js",
    "start": 1613027793508,
    "end": 1613027793508,
    "duration": 0,
    "pid": 15448,
    "index": 9
  },
  {
    "name": "Require(6) node_modules/egg-watcher/config/config.default.js",
    "start": 1613027793509,
    "end": 1613027793509,
    "duration": 0,
    "pid": 15448,
    "index": 10
  },
  {
    "name": "Require(7) node_modules/egg-schedule/config/config.default.js",
    "start": 1613027793510,
    "end": 1613027793511,
    "duration": 1,
    "pid": 15448,
    "index": 11
  },
  {
    "name": "Require(8) node_modules/egg-multipart/config/config.default.js",
    "start": 1613027793511,
    "end": 1613027793512,
    "duration": 1,
    "pid": 15448,
    "index": 12
  },
  {
    "name": "Require(9) node_modules/egg-development/config/config.default.js",
    "start": 1613027793513,
    "end": 1613027793513,
    "duration": 0,
    "pid": 15448,
    "index": 13
  },
  {
    "name": "Require(10) node_modules/egg-logrotator/config/config.default.js",
    "start": 1613027793514,
    "end": 1613027793519,
    "duration": 5,
    "pid": 15448,
    "index": 14
  },
  {
    "name": "Require(11) node_modules/egg-static/config/config.default.js",
    "start": 1613027793521,
    "end": 1613027793524,
    "duration": 3,
    "pid": 15448,
    "index": 15
  },
  {
    "name": "Require(12) node_modules/egg-view/config/config.default.js",
    "start": 1613027793528,
    "end": 1613027793531,
    "duration": 3,
    "pid": 15448,
    "index": 16
  },
  {
    "name": "Require(13) node_modules/egg-mysql/config/config.default.js",
    "start": 1613027793535,
    "end": 1613027793536,
    "duration": 1,
    "pid": 15448,
    "index": 17
  },
  {
    "name": "Require(14) node_modules/egg-cors/config/config.default.js",
    "start": 1613027793536,
    "end": 1613027793537,
    "duration": 1,
    "pid": 15448,
    "index": 18
  },
  {
    "name": "Require(15) node_modules/egg/config/config.default.js",
    "start": 1613027793538,
    "end": 1613027793538,
    "duration": 0,
    "pid": 15448,
    "index": 19
  },
  {
    "name": "Require(16) config/config.default.js",
    "start": 1613027793540,
    "end": 1613027793540,
    "duration": 0,
    "pid": 15448,
    "index": 20
  },
  {
    "name": "Require(17) node_modules/egg-security/config/config.local.js",
    "start": 1613027793541,
    "end": 1613027793541,
    "duration": 0,
    "pid": 15448,
    "index": 21
  },
  {
    "name": "Require(18) node_modules/egg-watcher/config/config.local.js",
    "start": 1613027793544,
    "end": 1613027793544,
    "duration": 0,
    "pid": 15448,
    "index": 22
  },
  {
    "name": "Require(19) node_modules/egg-view/config/config.local.js",
    "start": 1613027793547,
    "end": 1613027793547,
    "duration": 0,
    "pid": 15448,
    "index": 23
  },
  {
    "name": "Require(20) node_modules/egg/config/config.local.js",
    "start": 1613027793548,
    "end": 1613027793548,
    "duration": 0,
    "pid": 15448,
    "index": 24
  },
  {
    "name": "Load extend/application.js",
    "start": 1613027793550,
    "end": 1613027793576,
    "duration": 26,
    "pid": 15448,
    "index": 25
  },
  {
    "name": "Require(21) node_modules/egg-session/app/extend/application.js",
    "start": 1613027793551,
    "end": 1613027793551,
    "duration": 0,
    "pid": 15448,
    "index": 26
  },
  {
    "name": "Require(22) node_modules/egg-security/app/extend/application.js",
    "start": 1613027793552,
    "end": 1613027793553,
    "duration": 1,
    "pid": 15448,
    "index": 27
  },
  {
    "name": "Require(23) node_modules/egg-jsonp/app/extend/application.js",
    "start": 1613027793554,
    "end": 1613027793555,
    "duration": 1,
    "pid": 15448,
    "index": 28
  },
  {
    "name": "Require(24) node_modules/egg-logrotator/app/extend/application.js",
    "start": 1613027793557,
    "end": 1613027793569,
    "duration": 12,
    "pid": 15448,
    "index": 29
  },
  {
    "name": "Require(25) node_modules/egg-view/app/extend/application.js",
    "start": 1613027793569,
    "end": 1613027793571,
    "duration": 2,
    "pid": 15448,
    "index": 30
  },
  {
    "name": "Load extend/request.js",
    "start": 1613027793576,
    "end": 1613027793585,
    "duration": 9,
    "pid": 15448,
    "index": 31
  },
  {
    "name": "Require(26) node_modules/egg/app/extend/request.js",
    "start": 1613027793580,
    "end": 1613027793581,
    "duration": 1,
    "pid": 15448,
    "index": 32
  },
  {
    "name": "Load extend/response.js",
    "start": 1613027793585,
    "end": 1613027793594,
    "duration": 9,
    "pid": 15448,
    "index": 33
  },
  {
    "name": "Require(27) node_modules/egg/app/extend/response.js",
    "start": 1613027793589,
    "end": 1613027793590,
    "duration": 1,
    "pid": 15448,
    "index": 34
  },
  {
    "name": "Load extend/context.js",
    "start": 1613027793594,
    "end": 1613027793667,
    "duration": 73,
    "pid": 15448,
    "index": 35
  },
  {
    "name": "Require(28) node_modules/egg-security/app/extend/context.js",
    "start": 1613027793595,
    "end": 1613027793609,
    "duration": 14,
    "pid": 15448,
    "index": 36
  },
  {
    "name": "Require(29) node_modules/egg-jsonp/app/extend/context.js",
    "start": 1613027793610,
    "end": 1613027793611,
    "duration": 1,
    "pid": 15448,
    "index": 37
  },
  {
    "name": "Require(30) node_modules/egg-i18n/app/extend/context.js",
    "start": 1613027793612,
    "end": 1613027793612,
    "duration": 0,
    "pid": 15448,
    "index": 38
  },
  {
    "name": "Require(31) node_modules/egg-multipart/app/extend/context.js",
    "start": 1613027793613,
    "end": 1613027793660,
    "duration": 47,
    "pid": 15448,
    "index": 39
  },
  {
    "name": "Require(32) node_modules/egg-view/app/extend/context.js",
    "start": 1613027793661,
    "end": 1613027793662,
    "duration": 1,
    "pid": 15448,
    "index": 40
  },
  {
    "name": "Require(33) node_modules/egg/app/extend/context.js",
    "start": 1613027793663,
    "end": 1613027793664,
    "duration": 1,
    "pid": 15448,
    "index": 41
  },
  {
    "name": "Load extend/helper.js",
    "start": 1613027793667,
    "end": 1613027793693,
    "duration": 26,
    "pid": 15448,
    "index": 42
  },
  {
    "name": "Require(34) node_modules/egg-security/app/extend/helper.js",
    "start": 1613027793668,
    "end": 1613027793685,
    "duration": 17,
    "pid": 15448,
    "index": 43
  },
  {
    "name": "Require(35) node_modules/egg/app/extend/helper.js",
    "start": 1613027793689,
    "end": 1613027793689,
    "duration": 0,
    "pid": 15448,
    "index": 44
  },
  {
    "name": "Load app.js",
    "start": 1613027793693,
    "end": 1613027793742,
    "duration": 49,
    "pid": 15448,
    "index": 45
  },
  {
    "name": "Require(36) node_modules/egg-session/app.js",
    "start": 1613027793694,
    "end": 1613027793694,
    "duration": 0,
    "pid": 15448,
    "index": 46
  },
  {
    "name": "Require(37) node_modules/egg-security/app.js",
    "start": 1613027793695,
    "end": 1613027793697,
    "duration": 2,
    "pid": 15448,
    "index": 47
  },
  {
    "name": "Require(38) node_modules/egg-onerror/app.js",
    "start": 1613027793698,
    "end": 1613027793707,
    "duration": 9,
    "pid": 15448,
    "index": 48
  },
  {
    "name": "Require(39) node_modules/egg-i18n/app.js",
    "start": 1613027793707,
    "end": 1613027793716,
    "duration": 9,
    "pid": 15448,
    "index": 49
  },
  {
    "name": "Require(40) node_modules/egg-watcher/app.js",
    "start": 1613027793716,
    "end": 1613027793720,
    "duration": 4,
    "pid": 15448,
    "index": 50
  },
  {
    "name": "Require(41) node_modules/egg-schedule/app.js",
    "start": 1613027793720,
    "end": 1613027793721,
    "duration": 1,
    "pid": 15448,
    "index": 51
  },
  {
    "name": "Require(42) node_modules/egg-multipart/app.js",
    "start": 1613027793722,
    "end": 1613027793722,
    "duration": 0,
    "pid": 15448,
    "index": 52
  },
  {
    "name": "Require(43) node_modules/egg-development/app.js",
    "start": 1613027793723,
    "end": 1613027793723,
    "duration": 0,
    "pid": 15448,
    "index": 53
  },
  {
    "name": "Require(44) node_modules/egg-logrotator/app.js",
    "start": 1613027793723,
    "end": 1613027793724,
    "duration": 1,
    "pid": 15448,
    "index": 54
  },
  {
    "name": "Require(45) node_modules/egg-static/app.js",
    "start": 1613027793724,
    "end": 1613027793724,
    "duration": 0,
    "pid": 15448,
    "index": 55
  },
  {
    "name": "Require(46) node_modules/egg-mysql/app.js",
    "start": 1613027793727,
    "end": 1613027793740,
    "duration": 13,
    "pid": 15448,
    "index": 56
  },
  {
    "name": "Require(47) node_modules/egg-cors/app.js",
    "start": 1613027793740,
    "end": 1613027793741,
    "duration": 1,
    "pid": 15448,
    "index": 57
  },
  {
    "name": "Before Start in node_modules/egg-watcher/lib/init.js:15:14",
    "start": 1613027793754,
    "end": 1613027794106,
    "duration": 352,
    "pid": 15448,
    "index": 58
  },
  {
    "name": "Before Start in node_modules/egg-mysql/lib/mysql.js:20:7",
    "start": 1613027793902,
    "end": 1613027794313,
    "duration": 411,
    "pid": 15448,
    "index": 59
  },
  {
    "name": "Load Service",
    "start": 1613027793902,
    "end": 1613027793908,
    "duration": 6,
    "pid": 15448,
    "index": 60
  },
  {
    "name": "Load \"service\" to Context",
    "start": 1613027793902,
    "end": 1613027793908,
    "duration": 6,
    "pid": 15448,
    "index": 61
  },
  {
    "name": "Load Middleware",
    "start": 1613027793908,
    "end": 1613027794075,
    "duration": 167,
    "pid": 15448,
    "index": 62
  },
  {
    "name": "Load \"middlewares\" to Application",
    "start": 1613027793908,
    "end": 1613027794059,
    "duration": 151,
    "pid": 15448,
    "index": 63
  },
  {
    "name": "Load Controller",
    "start": 1613027794075,
    "end": 1613027794079,
    "duration": 4,
    "pid": 15448,
    "index": 64
  },
  {
    "name": "Load \"controller\" to Application",
    "start": 1613027794075,
    "end": 1613027794079,
    "duration": 4,
    "pid": 15448,
    "index": 65
  },
  {
    "name": "Load Router",
    "start": 1613027794079,
    "end": 1613027794084,
    "duration": 5,
    "pid": 15448,
    "index": 66
  },
  {
    "name": "Require(48) app/router.js",
    "start": 1613027794079,
    "end": 1613027794080,
    "duration": 1,
    "pid": 15448,
    "index": 67
  },
  {
    "name": "Before Start in node_modules/egg-core/lib/egg.js:303:10",
    "start": 1613027794081,
    "end": 1613027794095,
    "duration": 14,
    "pid": 15448,
    "index": 68
  }
]