[
  {
    "name": "Process Start",
    "start": 1613020409089,
    "end": 1613020410635,
    "duration": 1546,
    "pid": 224,
    "index": 0
  },
  {
    "name": "Application Start",
    "start": 1613020410636,
    "end": 1613020411398,
    "duration": 762,
    "pid": 224,
    "index": 1
  },
  {
    "name": "Load Plugin",
    "start": 1613020410642,
    "end": 1613020410665,
    "duration": 23,
    "pid": 224,
    "index": 2
  },
  {
    "name": "Load Config",
    "start": 1613020410665,
    "end": 1613020410693,
    "duration": 28,
    "pid": 224,
    "index": 3
  },
  {
    "name": "Require(0) config/config.default.js",
    "start": 1613020410666,
    "end": 1613020410667,
    "duration": 1,
    "pid": 224,
    "index": 4
  },
  {
    "name": "Require(1) node_modules/egg-session/config/config.default.js",
    "start": 1613020410668,
    "end": 1613020410669,
    "duration": 1,
    "pid": 224,
    "index": 5
  },
  {
    "name": "Require(2) node_modules/egg-security/config/config.default.js",
    "start": 1613020410669,
    "end": 1613020410670,
    "duration": 1,
    "pid": 224,
    "index": 6
  },
  {
    "name": "Require(3) node_modules/egg-jsonp/config/config.default.js",
    "start": 1613020410671,
    "end": 1613020410672,
    "duration": 1,
    "pid": 224,
    "index": 7
  },
  {
    "name": "Require(4) node_modules/egg-onerror/config/config.default.js",
    "start": 1613020410672,
    "end": 1613020410673,
    "duration": 1,
    "pid": 224,
    "index": 8
  },
  {
    "name": "Require(5) node_modules/egg-i18n/config/config.default.js",
    "start": 1613020410673,
    "end": 1613020410673,
    "duration": 0,
    "pid": 224,
    "index": 9
  },
  {
    "name": "Require(6) node_modules/egg-watcher/config/config.default.js",
    "start": 1613020410674,
    "end": 1613020410674,
    "duration": 0,
    "pid": 224,
    "index": 10
  },
  {
    "name": "Require(7) node_modules/egg-schedule/config/config.default.js",
    "start": 1613020410675,
    "end": 1613020410675,
    "duration": 0,
    "pid": 224,
    "index": 11
  },
  {
    "name": "Require(8) node_modules/egg-multipart/config/config.default.js",
    "start": 1613020410676,
    "end": 1613020410677,
    "duration": 1,
    "pid": 224,
    "index": 12
  },
  {
    "name": "Require(9) node_modules/egg-development/config/config.default.js",
    "start": 1613020410677,
    "end": 1613020410678,
    "duration": 1,
    "pid": 224,
    "index": 13
  },
  {
    "name": "Require(10) node_modules/egg-logrotator/config/config.default.js",
    "start": 1613020410679,
    "end": 1613020410680,
    "duration": 1,
    "pid": 224,
    "index": 14
  },
  {
    "name": "Require(11) node_modules/egg-static/config/config.default.js",
    "start": 1613020410680,
    "end": 1613020410681,
    "duration": 1,
    "pid": 224,
    "index": 15
  },
  {
    "name": "Require(12) node_modules/egg-view/config/config.default.js",
    "start": 1613020410681,
    "end": 1613020410682,
    "duration": 1,
    "pid": 224,
    "index": 16
  },
  {
    "name": "Require(13) node_modules/egg-mysql/config/config.default.js",
    "start": 1613020410682,
    "end": 1613020410683,
    "duration": 1,
    "pid": 224,
    "index": 17
  },
  {
    "name": "Require(14) node_modules/egg-cors/config/config.default.js",
    "start": 1613020410683,
    "end": 1613020410684,
    "duration": 1,
    "pid": 224,
    "index": 18
  },
  {
    "name": "Require(15) node_modules/egg/config/config.default.js",
    "start": 1613020410684,
    "end": 1613020410684,
    "duration": 0,
    "pid": 224,
    "index": 19
  },
  {
    "name": "Require(16) config/config.default.js",
    "start": 1613020410686,
    "end": 1613020410686,
    "duration": 0,
    "pid": 224,
    "index": 20
  },
  {
    "name": "Require(17) node_modules/egg-security/config/config.local.js",
    "start": 1613020410687,
    "end": 1613020410688,
    "duration": 1,
    "pid": 224,
    "index": 21
  },
  {
    "name": "Require(18) node_modules/egg-watcher/config/config.local.js",
    "start": 1613020410689,
    "end": 1613020410689,
    "duration": 0,
    "pid": 224,
    "index": 22
  },
  {
    "name": "Require(19) node_modules/egg-view/config/config.local.js",
    "start": 1613020410691,
    "end": 1613020410691,
    "duration": 0,
    "pid": 224,
    "index": 23
  },
  {
    "name": "Require(20) node_modules/egg/config/config.local.js",
    "start": 1613020410692,
    "end": 1613020410692,
    "duration": 0,
    "pid": 224,
    "index": 24
  },
  {
    "name": "Load extend/application.js",
    "start": 1613020410694,
    "end": 1613020410718,
    "duration": 24,
    "pid": 224,
    "index": 25
  },
  {
    "name": "Require(21) node_modules/egg-session/app/extend/application.js",
    "start": 1613020410695,
    "end": 1613020410695,
    "duration": 0,
    "pid": 224,
    "index": 26
  },
  {
    "name": "Require(22) node_modules/egg-security/app/extend/application.js",
    "start": 1613020410696,
    "end": 1613020410698,
    "duration": 2,
    "pid": 224,
    "index": 27
  },
  {
    "name": "Require(23) node_modules/egg-jsonp/app/extend/application.js",
    "start": 1613020410699,
    "end": 1613020410700,
    "duration": 1,
    "pid": 224,
    "index": 28
  },
  {
    "name": "Require(24) node_modules/egg-logrotator/app/extend/application.js",
    "start": 1613020410702,
    "end": 1613020410712,
    "duration": 10,
    "pid": 224,
    "index": 29
  },
  {
    "name": "Require(25) node_modules/egg-view/app/extend/application.js",
    "start": 1613020410713,
    "end": 1613020410714,
    "duration": 1,
    "pid": 224,
    "index": 30
  },
  {
    "name": "Load extend/request.js",
    "start": 1613020410718,
    "end": 1613020410727,
    "duration": 9,
    "pid": 224,
    "index": 31
  },
  {
    "name": "Require(26) node_modules/egg/app/extend/request.js",
    "start": 1613020410722,
    "end": 1613020410723,
    "duration": 1,
    "pid": 224,
    "index": 32
  },
  {
    "name": "Load extend/response.js",
    "start": 1613020410727,
    "end": 1613020410737,
    "duration": 10,
    "pid": 224,
    "index": 33
  },
  {
    "name": "Require(27) node_modules/egg/app/extend/response.js",
    "start": 1613020410731,
    "end": 1613020410733,
    "duration": 2,
    "pid": 224,
    "index": 34
  },
  {
    "name": "Load extend/context.js",
    "start": 1613020410737,
    "end": 1613020410848,
    "duration": 111,
    "pid": 224,
    "index": 35
  },
  {
    "name": "Require(28) node_modules/egg-security/app/extend/context.js",
    "start": 1613020410738,
    "end": 1613020410754,
    "duration": 16,
    "pid": 224,
    "index": 36
  },
  {
    "name": "Require(29) node_modules/egg-jsonp/app/extend/context.js",
    "start": 1613020410754,
    "end": 1613020410756,
    "duration": 2,
    "pid": 224,
    "index": 37
  },
  {
    "name": "Require(30) node_modules/egg-i18n/app/extend/context.js",
    "start": 1613020410757,
    "end": 1613020410757,
    "duration": 0,
    "pid": 224,
    "index": 38
  },
  {
    "name": "Require(31) node_modules/egg-multipart/app/extend/context.js",
    "start": 1613020410758,
    "end": 1613020410840,
    "duration": 82,
    "pid": 224,
    "index": 39
  },
  {
    "name": "Require(32) node_modules/egg-view/app/extend/context.js",
    "start": 1613020410841,
    "end": 1613020410842,
    "duration": 1,
    "pid": 224,
    "index": 40
  },
  {
    "name": "Require(33) node_modules/egg/app/extend/context.js",
    "start": 1613020410843,
    "end": 1613020410844,
    "duration": 1,
    "pid": 224,
    "index": 41
  },
  {
    "name": "Load extend/helper.js",
    "start": 1613020410848,
    "end": 1613020410875,
    "duration": 27,
    "pid": 224,
    "index": 42
  },
  {
    "name": "Require(34) node_modules/egg-security/app/extend/helper.js",
    "start": 1613020410849,
    "end": 1613020410866,
    "duration": 17,
    "pid": 224,
    "index": 43
  },
  {
    "name": "Require(35) node_modules/egg/app/extend/helper.js",
    "start": 1613020410870,
    "end": 1613020410871,
    "duration": 1,
    "pid": 224,
    "index": 44
  },
  {
    "name": "Load app.js",
    "start": 1613020410875,
    "end": 1613020410931,
    "duration": 56,
    "pid": 224,
    "index": 45
  },
  {
    "name": "Require(36) node_modules/egg-session/app.js",
    "start": 1613020410875,
    "end": 1613020410876,
    "duration": 1,
    "pid": 224,
    "index": 46
  },
  {
    "name": "Require(37) node_modules/egg-security/app.js",
    "start": 1613020410876,
    "end": 1613020410878,
    "duration": 2,
    "pid": 224,
    "index": 47
  },
  {
    "name": "Require(38) node_modules/egg-onerror/app.js",
    "start": 1613020410879,
    "end": 1613020410890,
    "duration": 11,
    "pid": 224,
    "index": 48
  },
  {
    "name": "Require(39) node_modules/egg-i18n/app.js",
    "start": 1613020410891,
    "end": 1613020410901,
    "duration": 10,
    "pid": 224,
    "index": 49
  },
  {
    "name": "Require(40) node_modules/egg-watcher/app.js",
    "start": 1613020410901,
    "end": 1613020410906,
    "duration": 5,
    "pid": 224,
    "index": 50
  },
  {
    "name": "Require(41) node_modules/egg-schedule/app.js",
    "start": 1613020410906,
    "end": 1613020410908,
    "duration": 2,
    "pid": 224,
    "index": 51
  },
  {
    "name": "Require(42) node_modules/egg-multipart/app.js",
    "start": 1613020410908,
    "end": 1613020410909,
    "duration": 1,
    "pid": 224,
    "index": 52
  },
  {
    "name": "Require(43) node_modules/egg-development/app.js",
    "start": 1613020410909,
    "end": 1613020410910,
    "duration": 1,
    "pid": 224,
    "index": 53
  },
  {
    "name": "Require(44) node_modules/egg-logrotator/app.js",
    "start": 1613020410910,
    "end": 1613020410911,
    "duration": 1,
    "pid": 224,
    "index": 54
  },
  {
    "name": "Require(45) node_modules/egg-static/app.js",
    "start": 1613020410911,
    "end": 1613020410912,
    "duration": 1,
    "pid": 224,
    "index": 55
  },
  {
    "name": "Require(46) node_modules/egg-mysql/app.js",
    "start": 1613020410913,
    "end": 1613020410929,
    "duration": 16,
    "pid": 224,
    "index": 56
  },
  {
    "name": "Require(47) node_modules/egg-cors/app.js",
    "start": 1613020410929,
    "end": 1613020410930,
    "duration": 1,
    "pid": 224,
    "index": 57
  },
  {
    "name": "Before Start in node_modules/egg-watcher/lib/init.js:15:14",
    "start": 1613020410944,
    "end": 1613020411239,
    "duration": 295,
    "pid": 224,
    "index": 58
  },
  {
    "name": "Before Start in node_modules/egg-mysql/lib/mysql.js:20:7",
    "start": 1613020411068,
    "end": 1613020411398,
    "duration": 330,
    "pid": 224,
    "index": 59
  },
  {
    "name": "Load Service",
    "start": 1613020411068,
    "end": 1613020411073,
    "duration": 5,
    "pid": 224,
    "index": 60
  },
  {
    "name": "Load \"service\" to Context",
    "start": 1613020411068,
    "end": 1613020411073,
    "duration": 5,
    "pid": 224,
    "index": 61
  },
  {
    "name": "Load Middleware",
    "start": 1613020411074,
    "end": 1613020411209,
    "duration": 135,
    "pid": 224,
    "index": 62
  },
  {
    "name": "Load \"middlewares\" to Application",
    "start": 1613020411074,
    "end": 1613020411194,
    "duration": 120,
    "pid": 224,
    "index": 63
  },
  {
    "name": "Load Controller",
    "start": 1613020411209,
    "end": 1613020411213,
    "duration": 4,
    "pid": 224,
    "index": 64
  },
  {
    "name": "Load \"controller\" to Application",
    "start": 1613020411209,
    "end": 1613020411213,
    "duration": 4,
    "pid": 224,
    "index": 65
  },
  {
    "name": "Load Router",
    "start": 1613020411213,
    "end": 1613020411218,
    "duration": 5,
    "pid": 224,
    "index": 66
  },
  {
    "name": "Require(48) app/router.js",
    "start": 1613020411214,
    "end": 1613020411214,
    "duration": 0,
    "pid": 224,
    "index": 67
  },
  {
    "name": "Before Start in node_modules/egg-core/lib/egg.js:303:10",
    "start": 1613020411215,
    "end": 1613020411230,
    "duration": 15,
    "pid": 224,
    "index": 68
  }
]