[
  {
    "name": "Process Start",
    "start": 1613027789477,
    "end": 1613027791072,
    "duration": 1595,
    "pid": 18908,
    "index": 0
  },
  {
    "name": "Application Start",
    "start": 1613027791073,
    "end": 1613027792097,
    "duration": 1024,
    "pid": 18908,
    "index": 1
  },
  {
    "name": "Load Plugin",
    "start": 1613027791091,
    "end": 1613027791118,
    "duration": 27,
    "pid": 18908,
    "index": 2
  },
  {
    "name": "Load Config",
    "start": 1613027791118,
    "end": 1613027791177,
    "duration": 59,
    "pid": 18908,
    "index": 3
  },
  {
    "name": "Require(0) config/config.default.js",
    "start": 1613027791119,
    "end": 1613027791119,
    "duration": 0,
    "pid": 18908,
    "index": 4
  },
  {
    "name": "Require(1) node_modules/egg-session/config/config.default.js",
    "start": 1613027791122,
    "end": 1613027791122,
    "duration": 0,
    "pid": 18908,
    "index": 5
  },
  {
    "name": "Require(2) node_modules/egg-security/config/config.default.js",
    "start": 1613027791123,
    "end": 1613027791124,
    "duration": 1,
    "pid": 18908,
    "index": 6
  },
  {
    "name": "Require(3) node_modules/egg-jsonp/config/config.default.js",
    "start": 1613027791125,
    "end": 1613027791125,
    "duration": 0,
    "pid": 18908,
    "index": 7
  },
  {
    "name": "Require(4) node_modules/egg-onerror/config/config.default.js",
    "start": 1613027791126,
    "end": 1613027791126,
    "duration": 0,
    "pid": 18908,
    "index": 8
  },
  {
    "name": "Require(5) node_modules/egg-i18n/config/config.default.js",
    "start": 1613027791127,
    "end": 1613027791128,
    "duration": 1,
    "pid": 18908,
    "index": 9
  },
  {
    "name": "Require(6) node_modules/egg-watcher/config/config.default.js",
    "start": 1613027791128,
    "end": 1613027791129,
    "duration": 1,
    "pid": 18908,
    "index": 10
  },
  {
    "name": "Require(7) node_modules/egg-schedule/config/config.default.js",
    "start": 1613027791130,
    "end": 1613027791130,
    "duration": 0,
    "pid": 18908,
    "index": 11
  },
  {
    "name": "Require(8) node_modules/egg-multipart/config/config.default.js",
    "start": 1613027791131,
    "end": 1613027791132,
    "duration": 1,
    "pid": 18908,
    "index": 12
  },
  {
    "name": "Require(9) node_modules/egg-development/config/config.default.js",
    "start": 1613027791132,
    "end": 1613027791133,
    "duration": 1,
    "pid": 18908,
    "index": 13
  },
  {
    "name": "Require(10) node_modules/egg-logrotator/config/config.default.js",
    "start": 1613027791134,
    "end": 1613027791134,
    "duration": 0,
    "pid": 18908,
    "index": 14
  },
  {
    "name": "Require(11) node_modules/egg-static/config/config.default.js",
    "start": 1613027791135,
    "end": 1613027791135,
    "duration": 0,
    "pid": 18908,
    "index": 15
  },
  {
    "name": "Require(12) node_modules/egg-view/config/config.default.js",
    "start": 1613027791136,
    "end": 1613027791136,
    "duration": 0,
    "pid": 18908,
    "index": 16
  },
  {
    "name": "Require(13) node_modules/egg-mysql/config/config.default.js",
    "start": 1613027791166,
    "end": 1613027791167,
    "duration": 1,
    "pid": 18908,
    "index": 17
  },
  {
    "name": "Require(14) node_modules/egg-cors/config/config.default.js",
    "start": 1613027791167,
    "end": 1613027791168,
    "duration": 1,
    "pid": 18908,
    "index": 18
  },
  {
    "name": "Require(15) node_modules/egg/config/config.default.js",
    "start": 1613027791168,
    "end": 1613027791169,
    "duration": 1,
    "pid": 18908,
    "index": 19
  },
  {
    "name": "Require(16) config/config.default.js",
    "start": 1613027791170,
    "end": 1613027791170,
    "duration": 0,
    "pid": 18908,
    "index": 20
  },
  {
    "name": "Require(17) node_modules/egg-security/config/config.local.js",
    "start": 1613027791171,
    "end": 1613027791171,
    "duration": 0,
    "pid": 18908,
    "index": 21
  },
  {
    "name": "Require(18) node_modules/egg-watcher/config/config.local.js",
    "start": 1613027791173,
    "end": 1613027791173,
    "duration": 0,
    "pid": 18908,
    "index": 22
  },
  {
    "name": "Require(19) node_modules/egg-view/config/config.local.js",
    "start": 1613027791175,
    "end": 1613027791175,
    "duration": 0,
    "pid": 18908,
    "index": 23
  },
  {
    "name": "Require(20) node_modules/egg/config/config.local.js",
    "start": 1613027791176,
    "end": 1613027791176,
    "duration": 0,
    "pid": 18908,
    "index": 24
  },
  {
    "name": "Load extend/application.js",
    "start": 1613027791178,
    "end": 1613027791247,
    "duration": 69,
    "pid": 18908,
    "index": 25
  },
  {
    "name": "Require(21) node_modules/egg-session/app/extend/application.js",
    "start": 1613027791178,
    "end": 1613027791179,
    "duration": 1,
    "pid": 18908,
    "index": 26
  },
  {
    "name": "Require(22) node_modules/egg-security/app/extend/application.js",
    "start": 1613027791180,
    "end": 1613027791181,
    "duration": 1,
    "pid": 18908,
    "index": 27
  },
  {
    "name": "Require(23) node_modules/egg-jsonp/app/extend/application.js",
    "start": 1613027791182,
    "end": 1613027791184,
    "duration": 2,
    "pid": 18908,
    "index": 28
  },
  {
    "name": "Require(24) node_modules/egg-logrotator/app/extend/application.js",
    "start": 1613027791188,
    "end": 1613027791239,
    "duration": 51,
    "pid": 18908,
    "index": 29
  },
  {
    "name": "Require(25) node_modules/egg-view/app/extend/application.js",
    "start": 1613027791240,
    "end": 1613027791242,
    "duration": 2,
    "pid": 18908,
    "index": 30
  },
  {
    "name": "Load extend/request.js",
    "start": 1613027791247,
    "end": 1613027791257,
    "duration": 10,
    "pid": 18908,
    "index": 31
  },
  {
    "name": "Require(26) node_modules/egg/app/extend/request.js",
    "start": 1613027791251,
    "end": 1613027791252,
    "duration": 1,
    "pid": 18908,
    "index": 32
  },
  {
    "name": "Load extend/response.js",
    "start": 1613027791257,
    "end": 1613027791269,
    "duration": 12,
    "pid": 18908,
    "index": 33
  },
  {
    "name": "Require(27) node_modules/egg/app/extend/response.js",
    "start": 1613027791261,
    "end": 1613027791264,
    "duration": 3,
    "pid": 18908,
    "index": 34
  },
  {
    "name": "Load extend/context.js",
    "start": 1613027791269,
    "end": 1613027791371,
    "duration": 102,
    "pid": 18908,
    "index": 35
  },
  {
    "name": "Require(28) node_modules/egg-security/app/extend/context.js",
    "start": 1613027791270,
    "end": 1613027791308,
    "duration": 38,
    "pid": 18908,
    "index": 36
  },
  {
    "name": "Require(29) node_modules/egg-jsonp/app/extend/context.js",
    "start": 1613027791308,
    "end": 1613027791312,
    "duration": 4,
    "pid": 18908,
    "index": 37
  },
  {
    "name": "Require(30) node_modules/egg-i18n/app/extend/context.js",
    "start": 1613027791313,
    "end": 1613027791313,
    "duration": 0,
    "pid": 18908,
    "index": 38
  },
  {
    "name": "Require(31) node_modules/egg-multipart/app/extend/context.js",
    "start": 1613027791314,
    "end": 1613027791363,
    "duration": 49,
    "pid": 18908,
    "index": 39
  },
  {
    "name": "Require(32) node_modules/egg-view/app/extend/context.js",
    "start": 1613027791364,
    "end": 1613027791365,
    "duration": 1,
    "pid": 18908,
    "index": 40
  },
  {
    "name": "Require(33) node_modules/egg/app/extend/context.js",
    "start": 1613027791366,
    "end": 1613027791367,
    "duration": 1,
    "pid": 18908,
    "index": 41
  },
  {
    "name": "Load extend/helper.js",
    "start": 1613027791371,
    "end": 1613027791404,
    "duration": 33,
    "pid": 18908,
    "index": 42
  },
  {
    "name": "Require(34) node_modules/egg-security/app/extend/helper.js",
    "start": 1613027791372,
    "end": 1613027791393,
    "duration": 21,
    "pid": 18908,
    "index": 43
  },
  {
    "name": "Require(35) node_modules/egg/app/extend/helper.js",
    "start": 1613027791398,
    "end": 1613027791400,
    "duration": 2,
    "pid": 18908,
    "index": 44
  },
  {
    "name": "Load app.js",
    "start": 1613027791405,
    "end": 1613027791465,
    "duration": 60,
    "pid": 18908,
    "index": 45
  },
  {
    "name": "Require(36) node_modules/egg-session/app.js",
    "start": 1613027791405,
    "end": 1613027791405,
    "duration": 0,
    "pid": 18908,
    "index": 46
  },
  {
    "name": "Require(37) node_modules/egg-security/app.js",
    "start": 1613027791406,
    "end": 1613027791407,
    "duration": 1,
    "pid": 18908,
    "index": 47
  },
  {
    "name": "Require(38) node_modules/egg-onerror/app.js",
    "start": 1613027791408,
    "end": 1613027791420,
    "duration": 12,
    "pid": 18908,
    "index": 48
  },
  {
    "name": "Require(39) node_modules/egg-i18n/app.js",
    "start": 1613027791421,
    "end": 1613027791434,
    "duration": 13,
    "pid": 18908,
    "index": 49
  },
  {
    "name": "Require(40) node_modules/egg-watcher/app.js",
    "start": 1613027791434,
    "end": 1613027791438,
    "duration": 4,
    "pid": 18908,
    "index": 50
  },
  {
    "name": "Require(41) node_modules/egg-schedule/app.js",
    "start": 1613027791439,
    "end": 1613027791441,
    "duration": 2,
    "pid": 18908,
    "index": 51
  },
  {
    "name": "Require(42) node_modules/egg-multipart/app.js",
    "start": 1613027791441,
    "end": 1613027791442,
    "duration": 1,
    "pid": 18908,
    "index": 52
  },
  {
    "name": "Require(43) node_modules/egg-development/app.js",
    "start": 1613027791442,
    "end": 1613027791442,
    "duration": 0,
    "pid": 18908,
    "index": 53
  },
  {
    "name": "Require(44) node_modules/egg-logrotator/app.js",
    "start": 1613027791443,
    "end": 1613027791443,
    "duration": 0,
    "pid": 18908,
    "index": 54
  },
  {
    "name": "Require(45) node_modules/egg-static/app.js",
    "start": 1613027791444,
    "end": 1613027791444,
    "duration": 0,
    "pid": 18908,
    "index": 55
  },
  {
    "name": "Require(46) node_modules/egg-mysql/app.js",
    "start": 1613027791445,
    "end": 1613027791463,
    "duration": 18,
    "pid": 18908,
    "index": 56
  },
  {
    "name": "Require(47) node_modules/egg-cors/app.js",
    "start": 1613027791463,
    "end": 1613027791464,
    "duration": 1,
    "pid": 18908,
    "index": 57
  },
  {
    "name": "Before Start in node_modules/egg-watcher/lib/init.js:15:14",
    "start": 1613027791565,
    "end": 1613027791880,
    "duration": 315,
    "pid": 18908,
    "index": 58
  },
  {
    "name": "Before Start in node_modules/egg-mysql/lib/mysql.js:20:7",
    "start": 1613027791692,
    "end": 1613027792096,
    "duration": 404,
    "pid": 18908,
    "index": 59
  },
  {
    "name": "Load Service",
    "start": 1613027791693,
    "end": 1613027791698,
    "duration": 5,
    "pid": 18908,
    "index": 60
  },
  {
    "name": "Load \"service\" to Context",
    "start": 1613027791693,
    "end": 1613027791698,
    "duration": 5,
    "pid": 18908,
    "index": 61
  },
  {
    "name": "Load Middleware",
    "start": 1613027791699,
    "end": 1613027791851,
    "duration": 152,
    "pid": 18908,
    "index": 62
  },
  {
    "name": "Load \"middlewares\" to Application",
    "start": 1613027791699,
    "end": 1613027791836,
    "duration": 137,
    "pid": 18908,
    "index": 63
  },
  {
    "name": "Load Controller",
    "start": 1613027791851,
    "end": 1613027791855,
    "duration": 4,
    "pid": 18908,
    "index": 64
  },
  {
    "name": "Load \"controller\" to Application",
    "start": 1613027791851,
    "end": 1613027791855,
    "duration": 4,
    "pid": 18908,
    "index": 65
  },
  {
    "name": "Load Router",
    "start": 1613027791856,
    "end": 1613027791861,
    "duration": 5,
    "pid": 18908,
    "index": 66
  },
  {
    "name": "Require(48) app/router.js",
    "start": 1613027791856,
    "end": 1613027791856,
    "duration": 0,
    "pid": 18908,
    "index": 67
  },
  {
    "name": "Before Start in node_modules/egg-core/lib/egg.js:303:10",
    "start": 1613027791858,
    "end": 1613027791872,
    "duration": 14,
    "pid": 18908,
    "index": 68
  }
]