[
  {
    "name": "Process Start",
    "start": 1613112263117,
    "end": 1613112264578,
    "duration": 1461,
    "pid": 4184,
    "index": 0
  },
  {
    "name": "Application Start",
    "start": 1613112264579,
    "end": 1613112265339,
    "duration": 760,
    "pid": 4184,
    "index": 1
  },
  {
    "name": "Load Plugin",
    "start": 1613112264587,
    "end": 1613112264612,
    "duration": 25,
    "pid": 4184,
    "index": 2
  },
  {
    "name": "Load Config",
    "start": 1613112264612,
    "end": 1613112264642,
    "duration": 30,
    "pid": 4184,
    "index": 3
  },
  {
    "name": "Require(0) config/config.default.js",
    "start": 1613112264612,
    "end": 1613112264613,
    "duration": 1,
    "pid": 4184,
    "index": 4
  },
  {
    "name": "Require(1) node_modules/egg-session/config/config.default.js",
    "start": 1613112264615,
    "end": 1613112264615,
    "duration": 0,
    "pid": 4184,
    "index": 5
  },
  {
    "name": "Require(2) node_modules/egg-security/config/config.default.js",
    "start": 1613112264616,
    "end": 1613112264617,
    "duration": 1,
    "pid": 4184,
    "index": 6
  },
  {
    "name": "Require(3) node_modules/egg-jsonp/config/config.default.js",
    "start": 1613112264618,
    "end": 1613112264619,
    "duration": 1,
    "pid": 4184,
    "index": 7
  },
  {
    "name": "Require(4) node_modules/egg-onerror/config/config.default.js",
    "start": 1613112264619,
    "end": 1613112264620,
    "duration": 1,
    "pid": 4184,
    "index": 8
  },
  {
    "name": "Require(5) node_modules/egg-i18n/config/config.default.js",
    "start": 1613112264621,
    "end": 1613112264621,
    "duration": 0,
    "pid": 4184,
    "index": 9
  },
  {
    "name": "Require(6) node_modules/egg-watcher/config/config.default.js",
    "start": 1613112264622,
    "end": 1613112264622,
    "duration": 0,
    "pid": 4184,
    "index": 10
  },
  {
    "name": "Require(7) node_modules/egg-schedule/config/config.default.js",
    "start": 1613112264623,
    "end": 1613112264623,
    "duration": 0,
    "pid": 4184,
    "index": 11
  },
  {
    "name": "Require(8) node_modules/egg-multipart/config/config.default.js",
    "start": 1613112264624,
    "end": 1613112264625,
    "duration": 1,
    "pid": 4184,
    "index": 12
  },
  {
    "name": "Require(9) node_modules/egg-development/config/config.default.js",
    "start": 1613112264626,
    "end": 1613112264626,
    "duration": 0,
    "pid": 4184,
    "index": 13
  },
  {
    "name": "Require(10) node_modules/egg-logrotator/config/config.default.js",
    "start": 1613112264627,
    "end": 1613112264628,
    "duration": 1,
    "pid": 4184,
    "index": 14
  },
  {
    "name": "Require(11) node_modules/egg-static/config/config.default.js",
    "start": 1613112264628,
    "end": 1613112264628,
    "duration": 0,
    "pid": 4184,
    "index": 15
  },
  {
    "name": "Require(12) node_modules/egg-view/config/config.default.js",
    "start": 1613112264629,
    "end": 1613112264630,
    "duration": 1,
    "pid": 4184,
    "index": 16
  },
  {
    "name": "Require(13) node_modules/egg-mysql/config/config.default.js",
    "start": 1613112264630,
    "end": 1613112264631,
    "duration": 1,
    "pid": 4184,
    "index": 17
  },
  {
    "name": "Require(14) node_modules/egg-cors/config/config.default.js",
    "start": 1613112264631,
    "end": 1613112264632,
    "duration": 1,
    "pid": 4184,
    "index": 18
  },
  {
    "name": "Require(15) node_modules/egg/config/config.default.js",
    "start": 1613112264632,
    "end": 1613112264633,
    "duration": 1,
    "pid": 4184,
    "index": 19
  },
  {
    "name": "Require(16) config/config.default.js",
    "start": 1613112264634,
    "end": 1613112264634,
    "duration": 0,
    "pid": 4184,
    "index": 20
  },
  {
    "name": "Require(17) node_modules/egg-security/config/config.local.js",
    "start": 1613112264635,
    "end": 1613112264635,
    "duration": 0,
    "pid": 4184,
    "index": 21
  },
  {
    "name": "Require(18) node_modules/egg-watcher/config/config.local.js",
    "start": 1613112264637,
    "end": 1613112264637,
    "duration": 0,
    "pid": 4184,
    "index": 22
  },
  {
    "name": "Require(19) node_modules/egg-view/config/config.local.js",
    "start": 1613112264640,
    "end": 1613112264640,
    "duration": 0,
    "pid": 4184,
    "index": 23
  },
  {
    "name": "Require(20) node_modules/egg/config/config.local.js",
    "start": 1613112264641,
    "end": 1613112264641,
    "duration": 0,
    "pid": 4184,
    "index": 24
  },
  {
    "name": "Load extend/application.js",
    "start": 1613112264643,
    "end": 1613112264669,
    "duration": 26,
    "pid": 4184,
    "index": 25
  },
  {
    "name": "Require(21) node_modules/egg-session/app/extend/application.js",
    "start": 1613112264644,
    "end": 1613112264644,
    "duration": 0,
    "pid": 4184,
    "index": 26
  },
  {
    "name": "Require(22) node_modules/egg-security/app/extend/application.js",
    "start": 1613112264645,
    "end": 1613112264646,
    "duration": 1,
    "pid": 4184,
    "index": 27
  },
  {
    "name": "Require(23) node_modules/egg-jsonp/app/extend/application.js",
    "start": 1613112264647,
    "end": 1613112264648,
    "duration": 1,
    "pid": 4184,
    "index": 28
  },
  {
    "name": "Require(24) node_modules/egg-logrotator/app/extend/application.js",
    "start": 1613112264654,
    "end": 1613112264662,
    "duration": 8,
    "pid": 4184,
    "index": 29
  },
  {
    "name": "Require(25) node_modules/egg-view/app/extend/application.js",
    "start": 1613112264663,
    "end": 1613112264664,
    "duration": 1,
    "pid": 4184,
    "index": 30
  },
  {
    "name": "Load extend/request.js",
    "start": 1613112264669,
    "end": 1613112264678,
    "duration": 9,
    "pid": 4184,
    "index": 31
  },
  {
    "name": "Require(26) node_modules/egg/app/extend/request.js",
    "start": 1613112264673,
    "end": 1613112264674,
    "duration": 1,
    "pid": 4184,
    "index": 32
  },
  {
    "name": "Load extend/response.js",
    "start": 1613112264678,
    "end": 1613112264688,
    "duration": 10,
    "pid": 4184,
    "index": 33
  },
  {
    "name": "Require(27) node_modules/egg/app/extend/response.js",
    "start": 1613112264682,
    "end": 1613112264685,
    "duration": 3,
    "pid": 4184,
    "index": 34
  },
  {
    "name": "Load extend/context.js",
    "start": 1613112264688,
    "end": 1613112264765,
    "duration": 77,
    "pid": 4184,
    "index": 35
  },
  {
    "name": "Require(28) node_modules/egg-security/app/extend/context.js",
    "start": 1613112264689,
    "end": 1613112264703,
    "duration": 14,
    "pid": 4184,
    "index": 36
  },
  {
    "name": "Require(29) node_modules/egg-jsonp/app/extend/context.js",
    "start": 1613112264704,
    "end": 1613112264705,
    "duration": 1,
    "pid": 4184,
    "index": 37
  },
  {
    "name": "Require(30) node_modules/egg-i18n/app/extend/context.js",
    "start": 1613112264706,
    "end": 1613112264707,
    "duration": 1,
    "pid": 4184,
    "index": 38
  },
  {
    "name": "Require(31) node_modules/egg-multipart/app/extend/context.js",
    "start": 1613112264708,
    "end": 1613112264756,
    "duration": 48,
    "pid": 4184,
    "index": 39
  },
  {
    "name": "Require(32) node_modules/egg-view/app/extend/context.js",
    "start": 1613112264757,
    "end": 1613112264759,
    "duration": 2,
    "pid": 4184,
    "index": 40
  },
  {
    "name": "Require(33) node_modules/egg/app/extend/context.js",
    "start": 1613112264760,
    "end": 1613112264761,
    "duration": 1,
    "pid": 4184,
    "index": 41
  },
  {
    "name": "Load extend/helper.js",
    "start": 1613112264765,
    "end": 1613112264815,
    "duration": 50,
    "pid": 4184,
    "index": 42
  },
  {
    "name": "Require(34) node_modules/egg-security/app/extend/helper.js",
    "start": 1613112264766,
    "end": 1613112264806,
    "duration": 40,
    "pid": 4184,
    "index": 43
  },
  {
    "name": "Require(35) node_modules/egg/app/extend/helper.js",
    "start": 1613112264811,
    "end": 1613112264811,
    "duration": 0,
    "pid": 4184,
    "index": 44
  },
  {
    "name": "Load app.js",
    "start": 1613112264815,
    "end": 1613112264862,
    "duration": 47,
    "pid": 4184,
    "index": 45
  },
  {
    "name": "Require(36) node_modules/egg-session/app.js",
    "start": 1613112264816,
    "end": 1613112264816,
    "duration": 0,
    "pid": 4184,
    "index": 46
  },
  {
    "name": "Require(37) node_modules/egg-security/app.js",
    "start": 1613112264817,
    "end": 1613112264818,
    "duration": 1,
    "pid": 4184,
    "index": 47
  },
  {
    "name": "Require(38) node_modules/egg-onerror/app.js",
    "start": 1613112264819,
    "end": 1613112264828,
    "duration": 9,
    "pid": 4184,
    "index": 48
  },
  {
    "name": "Require(39) node_modules/egg-i18n/app.js",
    "start": 1613112264828,
    "end": 1613112264837,
    "duration": 9,
    "pid": 4184,
    "index": 49
  },
  {
    "name": "Require(40) node_modules/egg-watcher/app.js",
    "start": 1613112264838,
    "end": 1613112264841,
    "duration": 3,
    "pid": 4184,
    "index": 50
  },
  {
    "name": "Require(41) node_modules/egg-schedule/app.js",
    "start": 1613112264842,
    "end": 1613112264843,
    "duration": 1,
    "pid": 4184,
    "index": 51
  },
  {
    "name": "Require(42) node_modules/egg-multipart/app.js",
    "start": 1613112264844,
    "end": 1613112264844,
    "duration": 0,
    "pid": 4184,
    "index": 52
  },
  {
    "name": "Require(43) node_modules/egg-development/app.js",
    "start": 1613112264845,
    "end": 1613112264845,
    "duration": 0,
    "pid": 4184,
    "index": 53
  },
  {
    "name": "Require(44) node_modules/egg-logrotator/app.js",
    "start": 1613112264845,
    "end": 1613112264845,
    "duration": 0,
    "pid": 4184,
    "index": 54
  },
  {
    "name": "Require(45) node_modules/egg-static/app.js",
    "start": 1613112264846,
    "end": 1613112264846,
    "duration": 0,
    "pid": 4184,
    "index": 55
  },
  {
    "name": "Require(46) node_modules/egg-mysql/app.js",
    "start": 1613112264847,
    "end": 1613112264860,
    "duration": 13,
    "pid": 4184,
    "index": 56
  },
  {
    "name": "Require(47) node_modules/egg-cors/app.js",
    "start": 1613112264861,
    "end": 1613112264861,
    "duration": 0,
    "pid": 4184,
    "index": 57
  },
  {
    "name": "Before Start in node_modules/egg-watcher/lib/init.js:15:14",
    "start": 1613112264875,
    "end": 1613112265189,
    "duration": 314,
    "pid": 4184,
    "index": 58
  },
  {
    "name": "Before Start in node_modules/egg-mysql/lib/mysql.js:20:7",
    "start": 1613112264965,
    "end": 1613112265339,
    "duration": 374,
    "pid": 4184,
    "index": 59
  },
  {
    "name": "Load Service",
    "start": 1613112264966,
    "end": 1613112264971,
    "duration": 5,
    "pid": 4184,
    "index": 60
  },
  {
    "name": "Load \"service\" to Context",
    "start": 1613112264966,
    "end": 1613112264971,
    "duration": 5,
    "pid": 4184,
    "index": 61
  },
  {
    "name": "Load Middleware",
    "start": 1613112264971,
    "end": 1613112265144,
    "duration": 173,
    "pid": 4184,
    "index": 62
  },
  {
    "name": "Load \"middlewares\" to Application",
    "start": 1613112264972,
    "end": 1613112265114,
    "duration": 142,
    "pid": 4184,
    "index": 63
  },
  {
    "name": "Load Controller",
    "start": 1613112265144,
    "end": 1613112265153,
    "duration": 9,
    "pid": 4184,
    "index": 64
  },
  {
    "name": "Load \"controller\" to Application",
    "start": 1613112265144,
    "end": 1613112265153,
    "duration": 9,
    "pid": 4184,
    "index": 65
  },
  {
    "name": "Load Router",
    "start": 1613112265153,
    "end": 1613112265161,
    "duration": 8,
    "pid": 4184,
    "index": 66
  },
  {
    "name": "Require(48) app/router.js",
    "start": 1613112265154,
    "end": 1613112265155,
    "duration": 1,
    "pid": 4184,
    "index": 67
  },
  {
    "name": "Before Start in node_modules/egg-core/lib/egg.js:303:10",
    "start": 1613112265156,
    "end": 1613112265177,
    "duration": 21,
    "pid": 4184,
    "index": 68
  }
]