[
  {
    "name": "Process Start",
    "start": 1613113441983,
    "end": 1613113443515,
    "duration": 1532,
    "pid": 16672,
    "index": 0
  },
  {
    "name": "Application Start",
    "start": 1613113443516,
    "end": 1613113444342,
    "duration": 826,
    "pid": 16672,
    "index": 1
  },
  {
    "name": "Load Plugin",
    "start": 1613113443523,
    "end": 1613113443544,
    "duration": 21,
    "pid": 16672,
    "index": 2
  },
  {
    "name": "Load Config",
    "start": 1613113443544,
    "end": 1613113443587,
    "duration": 43,
    "pid": 16672,
    "index": 3
  },
  {
    "name": "Require(0) config/config.default.js",
    "start": 1613113443545,
    "end": 1613113443545,
    "duration": 0,
    "pid": 16672,
    "index": 4
  },
  {
    "name": "Require(1) node_modules/egg-session/config/config.default.js",
    "start": 1613113443547,
    "end": 1613113443547,
    "duration": 0,
    "pid": 16672,
    "index": 5
  },
  {
    "name": "Require(2) node_modules/egg-security/config/config.default.js",
    "start": 1613113443548,
    "end": 1613113443548,
    "duration": 0,
    "pid": 16672,
    "index": 6
  },
  {
    "name": "Require(3) node_modules/egg-jsonp/config/config.default.js",
    "start": 1613113443550,
    "end": 1613113443550,
    "duration": 0,
    "pid": 16672,
    "index": 7
  },
  {
    "name": "Require(4) node_modules/egg-onerror/config/config.default.js",
    "start": 1613113443551,
    "end": 1613113443551,
    "duration": 0,
    "pid": 16672,
    "index": 8
  },
  {
    "name": "Require(5) node_modules/egg-i18n/config/config.default.js",
    "start": 1613113443552,
    "end": 1613113443553,
    "duration": 1,
    "pid": 16672,
    "index": 9
  },
  {
    "name": "Require(6) node_modules/egg-watcher/config/config.default.js",
    "start": 1613113443554,
    "end": 1613113443559,
    "duration": 5,
    "pid": 16672,
    "index": 10
  },
  {
    "name": "Require(7) node_modules/egg-schedule/config/config.default.js",
    "start": 1613113443561,
    "end": 1613113443563,
    "duration": 2,
    "pid": 16672,
    "index": 11
  },
  {
    "name": "Require(8) node_modules/egg-multipart/config/config.default.js",
    "start": 1613113443567,
    "end": 1613113443570,
    "duration": 3,
    "pid": 16672,
    "index": 12
  },
  {
    "name": "Require(9) node_modules/egg-development/config/config.default.js",
    "start": 1613113443574,
    "end": 1613113443575,
    "duration": 1,
    "pid": 16672,
    "index": 13
  },
  {
    "name": "Require(10) node_modules/egg-logrotator/config/config.default.js",
    "start": 1613113443575,
    "end": 1613113443576,
    "duration": 1,
    "pid": 16672,
    "index": 14
  },
  {
    "name": "Require(11) node_modules/egg-static/config/config.default.js",
    "start": 1613113443576,
    "end": 1613113443577,
    "duration": 1,
    "pid": 16672,
    "index": 15
  },
  {
    "name": "Require(12) node_modules/egg-view/config/config.default.js",
    "start": 1613113443577,
    "end": 1613113443578,
    "duration": 1,
    "pid": 16672,
    "index": 16
  },
  {
    "name": "Require(13) node_modules/egg-mysql/config/config.default.js",
    "start": 1613113443578,
    "end": 1613113443579,
    "duration": 1,
    "pid": 16672,
    "index": 17
  },
  {
    "name": "Require(14) node_modules/egg-cors/config/config.default.js",
    "start": 1613113443579,
    "end": 1613113443579,
    "duration": 0,
    "pid": 16672,
    "index": 18
  },
  {
    "name": "Require(15) node_modules/egg/config/config.default.js",
    "start": 1613113443580,
    "end": 1613113443580,
    "duration": 0,
    "pid": 16672,
    "index": 19
  },
  {
    "name": "Require(16) config/config.default.js",
    "start": 1613113443581,
    "end": 1613113443581,
    "duration": 0,
    "pid": 16672,
    "index": 20
  },
  {
    "name": "Require(17) node_modules/egg-security/config/config.local.js",
    "start": 1613113443582,
    "end": 1613113443583,
    "duration": 1,
    "pid": 16672,
    "index": 21
  },
  {
    "name": "Require(18) node_modules/egg-watcher/config/config.local.js",
    "start": 1613113443584,
    "end": 1613113443584,
    "duration": 0,
    "pid": 16672,
    "index": 22
  },
  {
    "name": "Require(19) node_modules/egg-view/config/config.local.js",
    "start": 1613113443586,
    "end": 1613113443586,
    "duration": 0,
    "pid": 16672,
    "index": 23
  },
  {
    "name": "Require(20) node_modules/egg/config/config.local.js",
    "start": 1613113443587,
    "end": 1613113443587,
    "duration": 0,
    "pid": 16672,
    "index": 24
  },
  {
    "name": "Load extend/application.js",
    "start": 1613113443589,
    "end": 1613113443665,
    "duration": 76,
    "pid": 16672,
    "index": 25
  },
  {
    "name": "Require(21) node_modules/egg-session/app/extend/application.js",
    "start": 1613113443590,
    "end": 1613113443591,
    "duration": 1,
    "pid": 16672,
    "index": 26
  },
  {
    "name": "Require(22) node_modules/egg-security/app/extend/application.js",
    "start": 1613113443593,
    "end": 1613113443615,
    "duration": 22,
    "pid": 16672,
    "index": 27
  },
  {
    "name": "Require(23) node_modules/egg-jsonp/app/extend/application.js",
    "start": 1613113443619,
    "end": 1613113443631,
    "duration": 12,
    "pid": 16672,
    "index": 28
  },
  {
    "name": "Require(24) node_modules/egg-logrotator/app/extend/application.js",
    "start": 1613113443648,
    "end": 1613113443658,
    "duration": 10,
    "pid": 16672,
    "index": 29
  },
  {
    "name": "Require(25) node_modules/egg-view/app/extend/application.js",
    "start": 1613113443659,
    "end": 1613113443661,
    "duration": 2,
    "pid": 16672,
    "index": 30
  },
  {
    "name": "Load extend/request.js",
    "start": 1613113443665,
    "end": 1613113443677,
    "duration": 12,
    "pid": 16672,
    "index": 31
  },
  {
    "name": "Require(26) node_modules/egg/app/extend/request.js",
    "start": 1613113443671,
    "end": 1613113443673,
    "duration": 2,
    "pid": 16672,
    "index": 32
  },
  {
    "name": "Load extend/response.js",
    "start": 1613113443677,
    "end": 1613113443689,
    "duration": 12,
    "pid": 16672,
    "index": 33
  },
  {
    "name": "Require(27) node_modules/egg/app/extend/response.js",
    "start": 1613113443681,
    "end": 1613113443683,
    "duration": 2,
    "pid": 16672,
    "index": 34
  },
  {
    "name": "Load extend/context.js",
    "start": 1613113443690,
    "end": 1613113443768,
    "duration": 78,
    "pid": 16672,
    "index": 35
  },
  {
    "name": "Require(28) node_modules/egg-security/app/extend/context.js",
    "start": 1613113443690,
    "end": 1613113443707,
    "duration": 17,
    "pid": 16672,
    "index": 36
  },
  {
    "name": "Require(29) node_modules/egg-jsonp/app/extend/context.js",
    "start": 1613113443708,
    "end": 1613113443709,
    "duration": 1,
    "pid": 16672,
    "index": 37
  },
  {
    "name": "Require(30) node_modules/egg-i18n/app/extend/context.js",
    "start": 1613113443710,
    "end": 1613113443710,
    "duration": 0,
    "pid": 16672,
    "index": 38
  },
  {
    "name": "Require(31) node_modules/egg-multipart/app/extend/context.js",
    "start": 1613113443711,
    "end": 1613113443761,
    "duration": 50,
    "pid": 16672,
    "index": 39
  },
  {
    "name": "Require(32) node_modules/egg-view/app/extend/context.js",
    "start": 1613113443762,
    "end": 1613113443763,
    "duration": 1,
    "pid": 16672,
    "index": 40
  },
  {
    "name": "Require(33) node_modules/egg/app/extend/context.js",
    "start": 1613113443763,
    "end": 1613113443764,
    "duration": 1,
    "pid": 16672,
    "index": 41
  },
  {
    "name": "Load extend/helper.js",
    "start": 1613113443768,
    "end": 1613113443800,
    "duration": 32,
    "pid": 16672,
    "index": 42
  },
  {
    "name": "Require(34) node_modules/egg-security/app/extend/helper.js",
    "start": 1613113443770,
    "end": 1613113443789,
    "duration": 19,
    "pid": 16672,
    "index": 43
  },
  {
    "name": "Require(35) node_modules/egg/app/extend/helper.js",
    "start": 1613113443794,
    "end": 1613113443794,
    "duration": 0,
    "pid": 16672,
    "index": 44
  },
  {
    "name": "Load app.js",
    "start": 1613113443801,
    "end": 1613113443873,
    "duration": 72,
    "pid": 16672,
    "index": 45
  },
  {
    "name": "Require(36) node_modules/egg-session/app.js",
    "start": 1613113443803,
    "end": 1613113443807,
    "duration": 4,
    "pid": 16672,
    "index": 46
  },
  {
    "name": "Require(37) node_modules/egg-security/app.js",
    "start": 1613113443807,
    "end": 1613113443810,
    "duration": 3,
    "pid": 16672,
    "index": 47
  },
  {
    "name": "Require(38) node_modules/egg-onerror/app.js",
    "start": 1613113443814,
    "end": 1613113443834,
    "duration": 20,
    "pid": 16672,
    "index": 48
  },
  {
    "name": "Require(39) node_modules/egg-i18n/app.js",
    "start": 1613113443835,
    "end": 1613113443846,
    "duration": 11,
    "pid": 16672,
    "index": 49
  },
  {
    "name": "Require(40) node_modules/egg-watcher/app.js",
    "start": 1613113443846,
    "end": 1613113443849,
    "duration": 3,
    "pid": 16672,
    "index": 50
  },
  {
    "name": "Require(41) node_modules/egg-schedule/app.js",
    "start": 1613113443850,
    "end": 1613113443851,
    "duration": 1,
    "pid": 16672,
    "index": 51
  },
  {
    "name": "Require(42) node_modules/egg-multipart/app.js",
    "start": 1613113443852,
    "end": 1613113443854,
    "duration": 2,
    "pid": 16672,
    "index": 52
  },
  {
    "name": "Require(43) node_modules/egg-development/app.js",
    "start": 1613113443855,
    "end": 1613113443855,
    "duration": 0,
    "pid": 16672,
    "index": 53
  },
  {
    "name": "Require(44) node_modules/egg-logrotator/app.js",
    "start": 1613113443855,
    "end": 1613113443856,
    "duration": 1,
    "pid": 16672,
    "index": 54
  },
  {
    "name": "Require(45) node_modules/egg-static/app.js",
    "start": 1613113443856,
    "end": 1613113443856,
    "duration": 0,
    "pid": 16672,
    "index": 55
  },
  {
    "name": "Require(46) node_modules/egg-mysql/app.js",
    "start": 1613113443857,
    "end": 1613113443871,
    "duration": 14,
    "pid": 16672,
    "index": 56
  },
  {
    "name": "Require(47) node_modules/egg-cors/app.js",
    "start": 1613113443872,
    "end": 1613113443872,
    "duration": 0,
    "pid": 16672,
    "index": 57
  },
  {
    "name": "Before Start in node_modules/egg-watcher/lib/init.js:15:14",
    "start": 1613113443887,
    "end": 1613113444218,
    "duration": 331,
    "pid": 16672,
    "index": 58
  },
  {
    "name": "Before Start in node_modules/egg-mysql/lib/mysql.js:20:7",
    "start": 1613113443991,
    "end": 1613113444342,
    "duration": 351,
    "pid": 16672,
    "index": 59
  },
  {
    "name": "Load Service",
    "start": 1613113443991,
    "end": 1613113443996,
    "duration": 5,
    "pid": 16672,
    "index": 60
  },
  {
    "name": "Load \"service\" to Context",
    "start": 1613113443992,
    "end": 1613113443996,
    "duration": 4,
    "pid": 16672,
    "index": 61
  },
  {
    "name": "Load Middleware",
    "start": 1613113443997,
    "end": 1613113444191,
    "duration": 194,
    "pid": 16672,
    "index": 62
  },
  {
    "name": "Load \"middlewares\" to Application",
    "start": 1613113443997,
    "end": 1613113444176,
    "duration": 179,
    "pid": 16672,
    "index": 63
  },
  {
    "name": "Load Controller",
    "start": 1613113444191,
    "end": 1613113444195,
    "duration": 4,
    "pid": 16672,
    "index": 64
  },
  {
    "name": "Load \"controller\" to Application",
    "start": 1613113444191,
    "end": 1613113444195,
    "duration": 4,
    "pid": 16672,
    "index": 65
  },
  {
    "name": "Load Router",
    "start": 1613113444195,
    "end": 1613113444200,
    "duration": 5,
    "pid": 16672,
    "index": 66
  },
  {
    "name": "Require(48) app/router.js",
    "start": 1613113444195,
    "end": 1613113444196,
    "duration": 1,
    "pid": 16672,
    "index": 67
  },
  {
    "name": "Before Start in node_modules/egg-core/lib/egg.js:303:10",
    "start": 1613113444197,
    "end": 1613113444211,
    "duration": 14,
    "pid": 16672,
    "index": 68
  }
]